Variety,Quantity,Usage,Period
Rath Kesel,2028,"Pharmaceutical industry- Make antioxidants,vitamins by exploring bioactive compound ",November-January
Kolikuttu,1512,Textile industry- make banana fibers,November-January
Kandula,4025,"Pharmaceutical industry- Make antioxidants,vitamins by exploring bioactive compound ",January-December
Anamalu,4905,Make organic fertilizers,November-January
Sini Kesel,1292,"Beverage industry - To make milkshakes,smoothies, fruit juices",January-December
Anamalu,987,Banana chips ( both sweetened and unsweetened),January-December
Rath Kesel,356,Give CBL to make Waffers Biscuits,January-December
Puwalu,1261,Make high quality acid free paper from banana stems and leaves,November-January
Ambul Kesel,4988,Give CBL to make Waffers Biscuits,January-December
Ambul Nadee,145,Make tea bags and filters,January-December
Rath Kesel,142,Banana chocolates and sweets,November-January
Sini Kesel,2532,Make flavors- Banana flavorings and extracts to make flavored syrups and drinks,November-January
Rath Kesel,761,"Traditional alcoholic beverages- Banana liqueurs, wine",January-December
Suwandal,4437,Make banana oils are used in cosmatic industry,November-January
Puwalu,4601,cosmetic industry- Make haircare treatments with banana extracts,January-December
Rath Kesel,4993,Make high quality acid free paper from banana stems and leaves,November-January
Sini Kesel,3148,Make breakfast cereals,November-January
Sini Kesel,4475,Bakery industry- Banana breads and banana cakes,January-December
Ambum,4573,"Skincare industry- Make skincare products ( Lotions, creams and face masks",November-January
Puwalu,597,make dried and powdered banana peels to use as a supplement in animal feed.,November-January
Puwalu,3712,Make organic fertilizers,November-January
Ambum,1615,"Traditional alcoholic beverages- Banana liqueurs, wine",January-December
Seeni Parakum,2219,Make single use plastic alternatives,January-December
Suwandal,663,Banana candies,November-January
Anamalu,3245,make dried and powdered banana peels to use as a supplement in animal feed.,November-January
Ambul Kesel,968,Make banana oils are used in cosmatic industry,November-January
Sini Kesel,1710,make banana silk which is eco friendly and biodegradable,November-January
Rath Kesel,1312,Make high quality acid free paper from banana stems and leaves,November-January
Green Banana,1413,Make jam and sugary products to the local market,January-December
Green Banana,792,Make flavors- Banana flavorings and extracts to make flavored syrups and drinks,November-January
Seeni Parakum,902,Give CBL to make Waffers Biscuits,November-January
Kolikuttu,339,Banana chips ( both sweetened and unsweetened),November-January
Ambul Kesel,2627,"Skincare industry- Make skincare products ( Lotions, creams and face masks",November-January
Green Banana,1670,Export to USA as fresh banana,January-December
Ambul Nadee,3314,Make breakfast cereals,January-December
Kandula,3138,"Traditional alcoholic beverages- Banana liqueurs, wine",January-December
Suwandal,4463,Make flavors- Banana flavorings and extracts to make flavored syrups and drinks,January-December
Ambul Nadee,4044,Bakery industry- Banana breads and banana cakes,November-January
Ambul Nadee,3686,Bakery industry- Banana breads and banana cakes,November-January
Ambul Kesel,4689,Give CBL to make Waffers Biscuits,January-December
Kandula,3447,Make single use plastic alternatives,January-December
Ambul Kesel,440,make dried and powdered banana peels to use as a supplement in animal feed.,January-December
Ambum,484,Textile industry- make banana fibers,January-December
Kolikuttu,511,Banana chocolates and sweets,January-December
Nethra Palam,4882,Make high quality acid free paper from banana stems and leaves,January-December
Suwandal,146,Export to USA as fresh banana,November-January
Sini Kesel,1919,"Pharmaceutical industry- Make antioxidants,vitamins by exploring bioactive compound ",November-January
Sini Kesel,402,Banana flavored craft beers,January-December
Ambul Nadee,4163,"Beverage industry - To make milkshakes,smoothies, fruit juices",November-January
Green Banana,728,Textile industry- make banana fibers,January-December
Rath Kesel,187,Food industry-desserts varieties,November-January
Kolikuttu,4457,cosmetic industry- Make haircare treatments with banana extracts,November-January
Sini Kesel,1301,Make organic fertilizers,January-December
Green Banana,3643,Make innorganic fertilizers,November-January
Ambul Kesel,3877,"Pharmaceutical industry- Make antioxidants,vitamins by exploring bioactive compound ",January-December
Kandula,344,Banana chips ( both sweetened and unsweetened),January-December
Anamalu,2710,Make flavors- Banana flavorings and extracts to make flavored syrups and drinks,January-December
Ambum,4291,Make natural remedies,January-December
Puwalu,648,Banana flavored craft beers,January-December
Puwalu,2753,Make bioplastics,November-January
Kolikuttu,4654,Make organic fertilizers,November-January
Kandula,2029,Make organic fertilizers,November-January
Puwalu,3809,"Pharmaceutical industry- Make antioxidants,vitamins by exploring bioactive compound ",January-December
Rath Kesel,3203,Make bioplastics,November-January
Anamalu,3837,Food industry-desserts varieties,January-December
Sini Kesel,4646,Brewing and distilling industry- Make banana beer,November-January
Nethra Palam,280,"Beverage industry - To make milkshakes,smoothies, fruit juices",January-December
Puwalu,3550,Make natural remedies,November-January
Seeni Parakum,2275,Make high quality acid free paper from banana stems and leaves,November-January
Suwandal,753,Banana flavored craft beers,January-December
Rath Kesel,4413,Make tea bags and filters,January-December
Kolikuttu,233,Make natural remedies,November-January
Ambul Nadee,1998,cosmetic industry- Make haircare treatments with banana extracts,November-January
Nethra Palam,2458,"Beverage industry - To make milkshakes,smoothies, fruit juices",November-January
Ambul Nadee,90,Make jam and sugary products to the local market,November-January
Nethra Palam,2102,Make innorganic fertilizers,November-January
Ambul Nadee,3246,Textile industry- make banana fibers,November-January
Kandula,4421,Make innorganic fertilizers,January-December
Green Banana,2680,Bakery industry- Banana breads and banana cakes,January-December
Kandula,2158,"Skincare industry- Make skincare products ( Lotions, creams and face masks",January-December
Sini Kesel,567,"Pharmaceutical industry- Make antioxidants,vitamins by exploring bioactive compound ",January-December
Sini Kesel,4728,Textile industry- make banana fibers,November-January
Nethra Palam,3169,Make banana oils are used in cosmatic industry,January-December
Kandula,2765,"Pharmaceutical industry- Make antioxidants,vitamins by exploring bioactive compound ",November-January
Anamalu,1945,"Skincare industry- Make skincare products ( Lotions, creams and face masks",November-January
Ambul Kesel,3420,dehydrated banana chips,November-January
Seeni Parakum,697,Make tea bags and filters,November-January
Ambul Kesel,2342,Bakery industry- Banana breads and banana cakes,January-December
Ambum,4239,Textile industry- make banana fibers,November-January
Sini Kesel,4048,"Pharmaceutical industry- Make antioxidants,vitamins by exploring bioactive compound ",January-December
Kolikuttu,1477,"Pharmaceutical industry- Make antioxidants,vitamins by exploring bioactive compound ",January-December
Rath Kesel,4256,Make bioplastics,November-January
Suwandal,653,Textile industry- make banana fibers,November-January
Sini Kesel,4197,Make banana oils are used in cosmatic industry,January-December
Anamalu,4212,Make banana oils are used in cosmatic industry,January-December
Suwandal,394,Make jam and sugary products to the local market,January-December
Puwalu,2967,Make flavors- Banana flavorings and extracts to make flavored syrups and drinks,January-December
Seeni Parakum,4262,Brewing and distilling industry- Make banana beer,January-December
Ambum,3859,"Beverage industry - To make milkshakes,smoothies, fruit juices",January-December
Seeni Parakum,370,Banana chocolates and sweets,November-January
Ambul Nadee,4812,"Skincare industry- Make skincare products ( Lotions, creams and face masks",November-January
Green Banana,4101,Make high quality acid free paper from banana stems and leaves,November-January
Nethra Palam,4577,Make bioplastics,November-January
Ambul Kesel,219,Banana flavored craft beers,January-December
Ambul Kesel,2154,Make tea bags and filters,November-January
Nethra Palam,1323,Banana candies,January-December
Sini Kesel,721,Make innorganic fertilizers,November-January
Sini Kesel,4784,Banana flavored craft beers,November-January
Seeni Parakum,4817,Food industry-desserts varieties,November-January
Green Banana,4123,cosmetic industry- Make haircare treatments with banana extracts,January-December
Ambum,1580,Make tea bags and filters,November-January
Ambul Nadee,4704,Give CBL to make Waffers Biscuits,November-January
Kandula,2566,"Traditional alcoholic beverages- Banana liqueurs, wine",November-January
Ambul Kesel,708,dehydrated banana chips,November-January
Seeni Parakum,446,Bakery industry- Banana breads and banana cakes,January-December
Sini Kesel,2444,Textile industry- make banana fibers,January-December
Seeni Parakum,478,Make natural remedies,November-January
Green Banana,1348,Make flavors- Banana flavorings and extracts to make flavored syrups and drinks,November-January
Green Banana,3725,Make jam and sugary products to the local market,January-December
Ambum,423,cosmetic industry- Make haircare treatments with banana extracts,January-December
Puwalu,954,Make innorganic fertilizers,January-December
Ambul Kesel,4637,dehydrated banana chips,January-December
Sini Kesel,74,"Traditional alcoholic beverages- Banana liqueurs, wine",November-January
Kolikuttu,1468,Banana candies,November-January
Sini Kesel,4002,"Pharmaceutical industry- Make antioxidants,vitamins by exploring bioactive compound ",November-January
Puwalu,909,Food industry-desserts varieties,January-December
Anamalu,1170,Give CBL to make Waffers Biscuits,November-January
Ambul Nadee,2750,dehydrated banana chips,November-January
Sini Kesel,1247,Make organic fertilizers,January-December
Nethra Palam,4678,Banana chocolates and sweets,January-December
Ambul Kesel,2081,"Pharmaceutical industry- Make antioxidants,vitamins by exploring bioactive compound ",November-January
Seeni Parakum,2365,Make natural remedies,November-January
Ambul Kesel,2037,Banana chips ( both sweetened and unsweetened),January-December
Kolikuttu,1718,make banana silk which is eco friendly and biodegradable,November-January
Kolikuttu,158,Make flavors- Banana flavorings and extracts to make flavored syrups and drinks,November-January
Kandula,690,Brewing and distilling industry- Make banana beer,January-December
Nethra Palam,701,Make bioplastics,January-December
Anamalu,4004,Banana candies,November-January
Ambul Kesel,2458,"Traditional alcoholic beverages- Banana liqueurs, wine",November-January
Kolikuttu,1359,Banana chocolates and sweets,January-December
Seeni Parakum,1839,Banana chocolates and sweets,January-December
Nethra Palam,163,Make high quality acid free paper from banana stems and leaves,January-December
Sini Kesel,1302,Make bioplastics,November-January
Ambul Kesel,2690,Make organic fertilizers,November-January
Ambul Kesel,1025,Make flavors- Banana flavorings and extracts to make flavored syrups and drinks,January-December
Rath Kesel,2281,Give CBL to make Waffers Biscuits,January-December
Kandula,88,"Pharmaceutical industry- Make antioxidants,vitamins by exploring bioactive compound ",January-December
Green Banana,4180,Make innorganic fertilizers,November-January
Ambul Nadee,1731,Make bioplastics,January-December
Kolikuttu,3855,"Pharmaceutical industry- Make antioxidants,vitamins by exploring bioactive compound ",January-December
Ambum,1297,"Pharmaceutical industry- Make antioxidants,vitamins by exploring bioactive compound ",January-December
Seeni Parakum,767,Brewing and distilling industry- Make banana beer,November-January
Sini Kesel,3518,Make single use plastic alternatives,November-January
Puwalu,917,Make single use plastic alternatives,November-January
Sini Kesel,1742,make banana silk which is eco friendly and biodegradable,November-January
Suwandal,2355,Export to USA as fresh banana,November-January
Ambul Nadee,3461,cosmetic industry- Make haircare treatments with banana extracts,November-January
Rath Kesel,694,Make breakfast cereals,January-December
Nethra Palam,2933,Make single use plastic alternatives,November-January
Nethra Palam,2573,Banana candies,November-January
Ambum,2922,Textile industry- make banana fibers,November-January
Ambum,4463,"Pharmaceutical industry- Make antioxidants,vitamins by exploring bioactive compound ",November-January
Ambul Kesel,1504,"Beverage industry - To make milkshakes,smoothies, fruit juices",November-January
Kolikuttu,2256,cosmetic industry- Make haircare treatments with banana extracts,January-December
Anamalu,708,Banana chocolates and sweets,November-January
Ambul Kesel,3147,Banana chips ( both sweetened and unsweetened),November-January
Kandula,2354,Brewing and distilling industry- Make banana beer,January-December
Ambum,1305,make banana silk which is eco friendly and biodegradable,January-December
Puwalu,3193,"Traditional alcoholic beverages- Banana liqueurs, wine",November-January
Kolikuttu,848,Make single use plastic alternatives,November-January
Green Banana,3831,Food industry-desserts varieties,January-December
Kandula,4722,Make banana oils are used in cosmatic industry,November-January
Puwalu,1713,Banana chips ( both sweetened and unsweetened),January-December
Ambul Nadee,2379,"Traditional alcoholic beverages- Banana liqueurs, wine",January-December
Kolikuttu,3966,Make innorganic fertilizers,January-December
Green Banana,3801,Make innorganic fertilizers,November-January
Puwalu,696,Make high quality acid free paper from banana stems and leaves,November-January
Anamalu,2841,Banana chips ( both sweetened and unsweetened),November-January
Suwandal,2875,Brewing and distilling industry- Make banana beer,January-December
Green Banana,4260,Make single use plastic alternatives,November-January
Green Banana,2653,Textile industry- make banana fibers,January-December
Ambul Nadee,2011,Banana chips ( both sweetened and unsweetened),January-December
Ambul Kesel,4262,Make innorganic fertilizers,January-December
Nethra Palam,4999,cosmetic industry- Make haircare treatments with banana extracts,January-December
Ambum,116,Make bioplastics,January-December
Seeni Parakum,3896,Banana flavored craft beers,January-December
Anamalu,3074,Make innorganic fertilizers,November-January
Ambul Nadee,3020,cosmetic industry- Make haircare treatments with banana extracts,November-January
Kandula,3885,cosmetic industry- Make haircare treatments with banana extracts,November-January
Green Banana,4999,"Beverage industry - To make milkshakes,smoothies, fruit juices",January-December
Ambul Nadee,4529,make dried and powdered banana peels to use as a supplement in animal feed.,November-January
Seeni Parakum,770,Banana chips ( both sweetened and unsweetened),January-December
Puwalu,3251,"Beverage industry - To make milkshakes,smoothies, fruit juices",January-December
Ambul Nadee,1551,"Beverage industry - To make milkshakes,smoothies, fruit juices",November-January
Nethra Palam,559,Banana chocolates and sweets,November-January
Kolikuttu,2645,Banana chips ( both sweetened and unsweetened),November-January
Rath Kesel,1546,"Beverage industry - To make milkshakes,smoothies, fruit juices",January-December
Green Banana,1102,Make tea bags and filters,January-December
Seeni Parakum,2031,Make high quality acid free paper from banana stems and leaves,January-December
Rath Kesel,3057,"Traditional alcoholic beverages- Banana liqueurs, wine",November-January
Green Banana,3197,Make flavors- Banana flavorings and extracts to make flavored syrups and drinks,January-December
Nethra Palam,3240,Banana chocolates and sweets,November-January
Kandula,4810,Make innorganic fertilizers,January-December
Ambul Nadee,968,Textile industry- make banana fibers,January-December
Sini Kesel,1813,Make organic fertilizers,November-January
Ambum,2434,Banana flavored craft beers,January-December
Suwandal,4227,"Beverage industry - To make milkshakes,smoothies, fruit juices",November-January
Rath Kesel,3384,make dried and powdered banana peels to use as a supplement in animal feed.,November-January
Ambul Kesel,727,"Skincare industry- Make skincare products ( Lotions, creams and face masks",January-December
Ambul Nadee,3637,Make natural remedies,November-January
Anamalu,1071,Make jam and sugary products to the local market,November-January
Nethra Palam,665,Make innorganic fertilizers,January-December
Ambul Nadee,263,Make bioplastics,January-December
Ambul Kesel,2884,Banana chips ( both sweetened and unsweetened),January-December
Ambul Kesel,4365,Brewing and distilling industry- Make banana beer,January-December
Green Banana,3780,make banana silk which is eco friendly and biodegradable,November-January
Kandula,3114,Make high quality acid free paper from banana stems and leaves,January-December
Rath Kesel,2391,Make single use plastic alternatives,January-December
Nethra Palam,2073,Make banana oils are used in cosmatic industry,January-December
Rath Kesel,4366,Banana candies,November-January
Green Banana,4992,Make natural remedies,November-January
Ambum,2852,Make bioplastics,November-January
Ambul Nadee,1499,"Beverage industry - To make milkshakes,smoothies, fruit juices",November-January
Green Banana,4632,make banana silk which is eco friendly and biodegradable,January-December
Ambul Nadee,3092,Make natural remedies,January-December
Anamalu,1322,Banana candies,November-January
Puwalu,2757,Export to USA as fresh banana,January-December
Green Banana,3478,Banana chips ( both sweetened and unsweetened),November-January
Ambul Kesel,2191,Make bioplastics,November-January
Kandula,4867,Banana flavored craft beers,January-December
Puwalu,3233,Give CBL to make Waffers Biscuits,January-December
Anamalu,1854,make dried and powdered banana peels to use as a supplement in animal feed.,November-January
Green Banana,3236,Bakery industry- Banana breads and banana cakes,January-December
Nethra Palam,1146,Export to USA as fresh banana,November-January
Kandula,2180,"Beverage industry - To make milkshakes,smoothies, fruit juices",November-January
Sini Kesel,4752,"Skincare industry- Make skincare products ( Lotions, creams and face masks",November-January
Ambul Nadee,3086,Food industry-desserts varieties,January-December
Ambul Kesel,454,Make innorganic fertilizers,January-December
Ambum,1208,Make bioplastics,January-December
Ambul Nadee,1632,Make tea bags and filters,November-January
Sini Kesel,2313,dehydrated banana chips,January-December
Ambul Nadee,4261,Make organic fertilizers,November-January
Puwalu,4547,Make banana oils are used in cosmatic industry,January-December
Nethra Palam,974,Give CBL to make Waffers Biscuits,November-January
Seeni Parakum,574,Make flavors- Banana flavorings and extracts to make flavored syrups and drinks,January-December
Ambul Kesel,4470,make dried and powdered banana peels to use as a supplement in animal feed.,January-December
Puwalu,2434,Banana candies,January-December
Nethra Palam,613,Give CBL to make Waffers Biscuits,November-January
Puwalu,837,Banana flavored craft beers,November-January
Anamalu,4330,make banana silk which is eco friendly and biodegradable,November-January
Ambum,350,"Traditional alcoholic beverages- Banana liqueurs, wine",January-December
Ambul Nadee,2048,make dried and powdered banana peels to use as a supplement in animal feed.,January-December
Rath Kesel,1203,Make single use plastic alternatives,January-December
Nethra Palam,1968,"Skincare industry- Make skincare products ( Lotions, creams and face masks",January-December
Seeni Parakum,1880,Textile industry- make banana fibers,November-January
Sini Kesel,4535,Make organic fertilizers,November-January
Green Banana,4070,make banana silk which is eco friendly and biodegradable,January-December
Kolikuttu,3509,Make single use plastic alternatives,November-January
Anamalu,1834,dehydrated banana chips,November-January
Seeni Parakum,1470,Make single use plastic alternatives,January-December
Nethra Palam,1195,make banana silk which is eco friendly and biodegradable,November-January
Sini Kesel,3088,Make jam and sugary products to the local market,November-January
Suwandal,4591,Make innorganic fertilizers,November-January
Kandula,4015,Make single use plastic alternatives,November-January
Anamalu,612,cosmetic industry- Make haircare treatments with banana extracts,November-January
Sini Kesel,447,Make innorganic fertilizers,January-December
Kandula,2492,Textile industry- make banana fibers,November-January
Ambum,845,Make single use plastic alternatives,January-December
Ambum,4671,Banana chocolates and sweets,November-January
Suwandal,1031,cosmetic industry- Make haircare treatments with banana extracts,January-December
Puwalu,794,Make tea bags and filters,January-December
Green Banana,1744,"Skincare industry- Make skincare products ( Lotions, creams and face masks",January-December
Ambul Kesel,3056,Make organic fertilizers,November-January
Sini Kesel,2622,Make jam and sugary products to the local market,November-January
Nethra Palam,544,"Pharmaceutical industry- Make antioxidants,vitamins by exploring bioactive compound ",November-January
Kandula,4344,Make organic fertilizers,January-December
Ambul Kesel,3570,"Traditional alcoholic beverages- Banana liqueurs, wine",January-December
Anamalu,1947,Make breakfast cereals,January-December
Ambul Nadee,1344,Brewing and distilling industry- Make banana beer,January-December
Sini Kesel,3239,Make innorganic fertilizers,November-January
Anamalu,3566,"Beverage industry - To make milkshakes,smoothies, fruit juices",January-December
Sini Kesel,4315,dehydrated banana chips,January-December
Puwalu,3314,make dried and powdered banana peels to use as a supplement in animal feed.,November-January
Ambum,4112,Make breakfast cereals,November-January
Nethra Palam,1130,Brewing and distilling industry- Make banana beer,January-December
Ambul Nadee,4392,Make innorganic fertilizers,November-January
Green Banana,429,Brewing and distilling industry- Make banana beer,January-December
Kolikuttu,3792,Banana chips ( both sweetened and unsweetened),November-January
Seeni Parakum,4524,"Traditional alcoholic beverages- Banana liqueurs, wine",January-December
Puwalu,4159,Textile industry- make banana fibers,November-January
Anamalu,4615,Brewing and distilling industry- Make banana beer,January-December
Suwandal,4810,"Pharmaceutical industry- Make antioxidants,vitamins by exploring bioactive compound ",November-January
Nethra Palam,4986,Make breakfast cereals,November-January
Kandula,207,cosmetic industry- Make haircare treatments with banana extracts,November-January
Seeni Parakum,4888,Make breakfast cereals,November-January
Nethra Palam,3562,Export to USA as fresh banana,November-January
Seeni Parakum,4018,Make jam and sugary products to the local market,January-December
Ambum,3805,Make natural remedies,January-December
Rath Kesel,4933,Make jam and sugary products to the local market,January-December
Ambul Nadee,1687,Textile industry- make banana fibers,November-January
Suwandal,4888,Make organic fertilizers,January-December
Rath Kesel,888,Bakery industry- Banana breads and banana cakes,January-December
Suwandal,3785,Banana chocolates and sweets,January-December
Ambul Kesel,893,Make flavors- Banana flavorings and extracts to make flavored syrups and drinks,November-January
Ambul Kesel,631,Textile industry- make banana fibers,November-January
Ambul Nadee,3046,Make innorganic fertilizers,November-January
Seeni Parakum,4286,Bakery industry- Banana breads and banana cakes,January-December
Anamalu,2508,Banana candies,November-January
Ambum,4483,make banana silk which is eco friendly and biodegradable,November-January
Kandula,341,Make breakfast cereals,January-December
Sini Kesel,706,Make tea bags and filters,January-December
Suwandal,2541,Make jam and sugary products to the local market,November-January
Seeni Parakum,916,"Beverage industry - To make milkshakes,smoothies, fruit juices",November-January
Anamalu,867,Make banana oils are used in cosmatic industry,January-December
Ambum,3122,cosmetic industry- Make haircare treatments with banana extracts,November-January
Suwandal,3943,"Skincare industry- Make skincare products ( Lotions, creams and face masks",November-January
Anamalu,4540,Make tea bags and filters,November-January
Puwalu,514,make dried and powdered banana peels to use as a supplement in animal feed.,January-December
Green Banana,2473,Make banana oils are used in cosmatic industry,January-December
Kolikuttu,3078,Make breakfast cereals,November-January
Green Banana,915,"Skincare industry- Make skincare products ( Lotions, creams and face masks",January-December
Rath Kesel,1120,Banana candies,November-January
Seeni Parakum,1447,Make organic fertilizers,January-December
Suwandal,257,Make innorganic fertilizers,January-December
Seeni Parakum,1678,Textile industry- make banana fibers,November-January
Kandula,3104,Export to USA as fresh banana,January-December
Suwandal,2218,make banana silk which is eco friendly and biodegradable,November-January
Seeni Parakum,2364,Bakery industry- Banana breads and banana cakes,January-December
Puwalu,3332,Give CBL to make Waffers Biscuits,January-December
Kolikuttu,97,Make single use plastic alternatives,November-January
Kolikuttu,3975,Make bioplastics,January-December
Nethra Palam,3202,make banana silk which is eco friendly and biodegradable,November-January
Green Banana,2566,Make breakfast cereals,January-December
Kolikuttu,963,cosmetic industry- Make haircare treatments with banana extracts,January-December
Sini Kesel,1362,dehydrated banana chips,November-January
Anamalu,2343,Make innorganic fertilizers,January-December
Green Banana,4958,Make innorganic fertilizers,November-January
Puwalu,1709,Make flavors- Banana flavorings and extracts to make flavored syrups and drinks,November-January
Puwalu,4419,Make breakfast cereals,November-January
Anamalu,2285,Make innorganic fertilizers,November-January
Sini Kesel,842,"Beverage industry - To make milkshakes,smoothies, fruit juices",November-January
Seeni Parakum,755,cosmetic industry- Make haircare treatments with banana extracts,January-December
Kandula,410,"Skincare industry- Make skincare products ( Lotions, creams and face masks",November-January
Nethra Palam,2422,Banana chocolates and sweets,November-January
Rath Kesel,911,Bakery industry- Banana breads and banana cakes,November-January
Kandula,1111,Make banana oils are used in cosmatic industry,January-December
Seeni Parakum,2697,"Beverage industry - To make milkshakes,smoothies, fruit juices",November-January
Green Banana,4946,Make flavors- Banana flavorings and extracts to make flavored syrups and drinks,November-January
Suwandal,1086,Give CBL to make Waffers Biscuits,January-December
Suwandal,4530,"Traditional alcoholic beverages- Banana liqueurs, wine",January-December
Sini Kesel,4945,Banana candies,November-January
Ambul Kesel,4923,Make organic fertilizers,January-December
Green Banana,4599,Make organic fertilizers,November-January
Kolikuttu,3948,Make single use plastic alternatives,November-January
Nethra Palam,4398,Bakery industry- Banana breads and banana cakes,November-January
Sini Kesel,636,Make breakfast cereals,January-December
Suwandal,1173,Banana flavored craft beers,November-January
Suwandal,1598,Make jam and sugary products to the local market,November-January
Anamalu,369,Banana candies,January-December
Sini Kesel,230,"Skincare industry- Make skincare products ( Lotions, creams and face masks",January-December
Puwalu,4417,Bakery industry- Banana breads and banana cakes,November-January
Ambum,656,make banana silk which is eco friendly and biodegradable,January-December
Rath Kesel,1909,Banana candies,November-January
Suwandal,1816,Banana candies,January-December
Anamalu,3276,Banana flavored craft beers,November-January
Seeni Parakum,1472,Banana flavored craft beers,November-January
Suwandal,521,"Pharmaceutical industry- Make antioxidants,vitamins by exploring bioactive compound ",November-January
Seeni Parakum,1979,Export to USA as fresh banana,January-December
Kolikuttu,2320,Food industry-desserts varieties,November-January
Rath Kesel,2475,Banana chocolates and sweets,November-January
Sini Kesel,2803,Make organic fertilizers,January-December
Nethra Palam,1295,"Skincare industry- Make skincare products ( Lotions, creams and face masks",January-December
Ambul Nadee,1631,Textile industry- make banana fibers,November-January
Ambul Nadee,2109,Make innorganic fertilizers,November-January
Kolikuttu,2187,make dried and powdered banana peels to use as a supplement in animal feed.,November-January
Kolikuttu,2972,dehydrated banana chips,November-January
Nethra Palam,3027,"Pharmaceutical industry- Make antioxidants,vitamins by exploring bioactive compound ",January-December
Ambul Nadee,3295,Make tea bags and filters,November-January
Anamalu,3206,"Beverage industry - To make milkshakes,smoothies, fruit juices",November-January
Nethra Palam,1635,"Pharmaceutical industry- Make antioxidants,vitamins by exploring bioactive compound ",November-January
Kandula,579,Make banana oils are used in cosmatic industry,January-December
Kandula,2237,Banana chips ( both sweetened and unsweetened),November-January
Green Banana,1898,Make breakfast cereals,January-December
Sini Kesel,4622,Banana flavored craft beers,November-January
Ambum,3386,Food industry-desserts varieties,January-December
Kolikuttu,2574,make banana silk which is eco friendly and biodegradable,November-January
Rath Kesel,1089,"Skincare industry- Make skincare products ( Lotions, creams and face masks",November-January
Green Banana,753,"Pharmaceutical industry- Make antioxidants,vitamins by exploring bioactive compound ",January-December
Suwandal,1084,make dried and powdered banana peels to use as a supplement in animal feed.,January-December
Rath Kesel,2932,Make single use plastic alternatives,January-December
Ambul Kesel,1908,"Beverage industry - To make milkshakes,smoothies, fruit juices",January-December
Rath Kesel,4627,Banana candies,January-December
Ambum,2622,Make single use plastic alternatives,January-December
Nethra Palam,605,Textile industry- make banana fibers,November-January
Anamalu,2037,make dried and powdered banana peels to use as a supplement in animal feed.,November-January
Ambul Nadee,4692,Make flavors- Banana flavorings and extracts to make flavored syrups and drinks,November-January
Ambum,1787,"Traditional alcoholic beverages- Banana liqueurs, wine",January-December
Ambul Kesel,2328,cosmetic industry- Make haircare treatments with banana extracts,November-January
Seeni Parakum,4839,Make single use plastic alternatives,November-January
Ambul Kesel,1590,Make organic fertilizers,January-December
Ambum,456,Bakery industry- Banana breads and banana cakes,January-December
Puwalu,4960,Make banana oils are used in cosmatic industry,January-December
Seeni Parakum,3012,Export to USA as fresh banana,January-December
Puwalu,4902,Make organic fertilizers,November-January
Ambul Nadee,2655,Banana flavored craft beers,November-January
Rath Kesel,3198,"Beverage industry - To make milkshakes,smoothies, fruit juices",January-December
Suwandal,4332,Give CBL to make Waffers Biscuits,November-January
Rath Kesel,3802,Export to USA as fresh banana,January-December
Nethra Palam,2342,"Pharmaceutical industry- Make antioxidants,vitamins by exploring bioactive compound ",November-January
Rath Kesel,1040,Make banana oils are used in cosmatic industry,November-January
Nethra Palam,223,Make bioplastics,November-January
Ambul Nadee,384,Textile industry- make banana fibers,November-January
Rath Kesel,2842,Make innorganic fertilizers,November-January
Ambul Kesel,2642,Make banana oils are used in cosmatic industry,November-January
Nethra Palam,950,Make organic fertilizers,January-December
Anamalu,2507,Make natural remedies,November-January
Rath Kesel,1015,Brewing and distilling industry- Make banana beer,November-January
Sini Kesel,2592,"Pharmaceutical industry- Make antioxidants,vitamins by exploring bioactive compound ",November-January
Nethra Palam,4860,Textile industry- make banana fibers,November-January
Ambul Nadee,897,Make breakfast cereals,January-December
Ambul Nadee,3256,Make organic fertilizers,January-December
Puwalu,3913,make dried and powdered banana peels to use as a supplement in animal feed.,January-December
Ambum,4418,Food industry-desserts varieties,January-December
Ambum,394,Banana chocolates and sweets,January-December
Suwandal,4280,Banana chips ( both sweetened and unsweetened),November-January
Nethra Palam,3123,Textile industry- make banana fibers,January-December
Green Banana,2725,"Pharmaceutical industry- Make antioxidants,vitamins by exploring bioactive compound ",January-December
Kolikuttu,120,Make jam and sugary products to the local market,November-January
Ambul Kesel,3103,Export to USA as fresh banana,January-December
Suwandal,2854,"Traditional alcoholic beverages- Banana liqueurs, wine",January-December
Green Banana,3923,"Skincare industry- Make skincare products ( Lotions, creams and face masks",January-December
Rath Kesel,2749,Banana flavored craft beers,January-December
Kandula,1838,Banana chocolates and sweets,November-January
Rath Kesel,3994,Food industry-desserts varieties,November-January
Suwandal,2766,"Traditional alcoholic beverages- Banana liqueurs, wine",January-December
Seeni Parakum,4839,Make banana oils are used in cosmatic industry,November-January
Ambul Kesel,956,Brewing and distilling industry- Make banana beer,November-January
Rath Kesel,91,Banana chips ( both sweetened and unsweetened),January-December
Suwandal,1896,Give CBL to make Waffers Biscuits,January-December
Anamalu,2945,make dried and powdered banana peels to use as a supplement in animal feed.,November-January
Anamalu,4201,Make banana oils are used in cosmatic industry,November-January
Ambul Nadee,4787,"Traditional alcoholic beverages- Banana liqueurs, wine",November-January
Kolikuttu,2010,Banana chocolates and sweets,November-January
Nethra Palam,3585,make dried and powdered banana peels to use as a supplement in animal feed.,January-December
Ambum,1316,make banana silk which is eco friendly and biodegradable,November-January
Nethra Palam,236,"Beverage industry - To make milkshakes,smoothies, fruit juices",November-January
Ambul Nadee,2339,Make flavors- Banana flavorings and extracts to make flavored syrups and drinks,January-December
Suwandal,4400,Make organic fertilizers,November-January
Anamalu,2052,Give CBL to make Waffers Biscuits,November-January
Sini Kesel,3817,Make single use plastic alternatives,November-January
Kandula,249,make banana silk which is eco friendly and biodegradable,November-January
Seeni Parakum,2713,Make single use plastic alternatives,January-December
Puwalu,2122,cosmetic industry- Make haircare treatments with banana extracts,November-January
Ambum,1062,Make innorganic fertilizers,January-December
Ambul Kesel,3725,Make breakfast cereals,January-December
Ambum,88,Banana flavored craft beers,January-December
Ambul Nadee,1792,Banana candies,January-December
Rath Kesel,3677,"Skincare industry- Make skincare products ( Lotions, creams and face masks",January-December
Suwandal,617,Banana chocolates and sweets,January-December
Ambul Nadee,3783,Make jam and sugary products to the local market,November-January
Kolikuttu,4860,Make bioplastics,January-December
Seeni Parakum,2521,Make banana oils are used in cosmatic industry,November-January
Ambum,4738,Export to USA as fresh banana,January-December
Green Banana,4079,Make jam and sugary products to the local market,January-December
Kandula,4117,Make banana oils are used in cosmatic industry,January-December
Kolikuttu,3749,Food industry-desserts varieties,November-January
Seeni Parakum,4736,Make flavors- Banana flavorings and extracts to make flavored syrups and drinks,November-January
Rath Kesel,1674,"Traditional alcoholic beverages- Banana liqueurs, wine",November-January
Rath Kesel,4102,dehydrated banana chips,January-December
Rath Kesel,4573,Textile industry- make banana fibers,November-January
Seeni Parakum,4874,cosmetic industry- Make haircare treatments with banana extracts,January-December
Suwandal,3962,make banana silk which is eco friendly and biodegradable,November-January
Kandula,81,Make flavors- Banana flavorings and extracts to make flavored syrups and drinks,November-January
Nethra Palam,1195,Make bioplastics,January-December
Nethra Palam,2393,"Skincare industry- Make skincare products ( Lotions, creams and face masks",November-January
Sini Kesel,2143,Textile industry- make banana fibers,January-December
Rath Kesel,3715,dehydrated banana chips,January-December
Ambul Kesel,2109,Banana chips ( both sweetened and unsweetened),January-December
Suwandal,3512,Give CBL to make Waffers Biscuits,November-January
Sini Kesel,4635,"Pharmaceutical industry- Make antioxidants,vitamins by exploring bioactive compound ",January-December
Anamalu,1295,Make jam and sugary products to the local market,January-December
Ambul Nadee,4077,Make high quality acid free paper from banana stems and leaves,January-December
Sini Kesel,3784,Give CBL to make Waffers Biscuits,January-December
Suwandal,3580,Food industry-desserts varieties,January-December
Ambul Kesel,1917,"Pharmaceutical industry- Make antioxidants,vitamins by exploring bioactive compound ",January-December
Ambul Kesel,4361,"Traditional alcoholic beverages- Banana liqueurs, wine",January-December
Kandula,3274,Give CBL to make Waffers Biscuits,January-December
Seeni Parakum,1147,Make bioplastics,November-January
Seeni Parakum,4708,Food industry-desserts varieties,November-January
Kandula,2985,Make natural remedies,November-January
Nethra Palam,1362,Make single use plastic alternatives,January-December
Ambul Nadee,1317,dehydrated banana chips,January-December
Ambul Nadee,1144,make dried and powdered banana peels to use as a supplement in animal feed.,January-December
Seeni Parakum,2859,Food industry-desserts varieties,January-December
Nethra Palam,1747,Banana chips ( both sweetened and unsweetened),January-December
Suwandal,4072,"Skincare industry- Make skincare products ( Lotions, creams and face masks",January-December
Sini Kesel,2742,make banana silk which is eco friendly and biodegradable,January-December
Suwandal,4917,Banana flavored craft beers,November-January
Ambum,3740,Food industry-desserts varieties,January-December
Kolikuttu,2190,Make single use plastic alternatives,January-December
Ambul Kesel,3404,make dried and powdered banana peels to use as a supplement in animal feed.,January-December
Ambul Nadee,267,Make jam and sugary products to the local market,January-December
Green Banana,890,Banana flavored craft beers,November-January
Kandula,802,Make bioplastics,January-December
Ambul Nadee,3410,Make organic fertilizers,January-December
Rath Kesel,205,Make natural remedies,January-December
Puwalu,676,Banana flavored craft beers,November-January
Sini Kesel,890,Give CBL to make Waffers Biscuits,January-December
Ambul Nadee,4848,Banana chips ( both sweetened and unsweetened),November-January
Rath Kesel,4274,Banana flavored craft beers,November-January
Green Banana,479,Make high quality acid free paper from banana stems and leaves,November-January
Sini Kesel,2099,Make jam and sugary products to the local market,November-January
Suwandal,3709,Bakery industry- Banana breads and banana cakes,January-December
Rath Kesel,4880,Banana chips ( both sweetened and unsweetened),January-December
Ambum,1783,Make jam and sugary products to the local market,November-January
Ambul Kesel,418,Banana chips ( both sweetened and unsweetened),January-December
Ambum,4690,Make flavors- Banana flavorings and extracts to make flavored syrups and drinks,January-December
Seeni Parakum,2199,"Skincare industry- Make skincare products ( Lotions, creams and face masks",January-December
Ambul Nadee,939,Make innorganic fertilizers,November-January
Puwalu,4944,Banana chips ( both sweetened and unsweetened),January-December
Kolikuttu,2365,Banana candies,November-January
Nethra Palam,4819,Make single use plastic alternatives,January-December
Sini Kesel,190,Make banana oils are used in cosmatic industry,November-January
Ambum,526,Bakery industry- Banana breads and banana cakes,November-January
Kandula,3240,Brewing and distilling industry- Make banana beer,November-January
Rath Kesel,1278,"Skincare industry- Make skincare products ( Lotions, creams and face masks",January-December
Kolikuttu,1977,Make single use plastic alternatives,November-January
Ambul Nadee,4794,"Skincare industry- Make skincare products ( Lotions, creams and face masks",November-January
Ambul Kesel,3787,Make breakfast cereals,January-December
Kandula,3109,Make high quality acid free paper from banana stems and leaves,January-December
Sini Kesel,1812,"Skincare industry- Make skincare products ( Lotions, creams and face masks",November-January
Ambul Nadee,3291,Brewing and distilling industry- Make banana beer,November-January
Puwalu,3520,Banana chips ( both sweetened and unsweetened),January-December
Green Banana,3054,Give CBL to make Waffers Biscuits,January-December
Seeni Parakum,650,Give CBL to make Waffers Biscuits,November-January
Rath Kesel,826,Make jam and sugary products to the local market,January-December
Ambul Nadee,1681,Give CBL to make Waffers Biscuits,November-January
Puwalu,3992,Make banana oils are used in cosmatic industry,January-December
Anamalu,4157,Export to USA as fresh banana,January-December
Green Banana,2368,cosmetic industry- Make haircare treatments with banana extracts,November-January
Rath Kesel,4566,Make jam and sugary products to the local market,January-December
Seeni Parakum,1647,dehydrated banana chips,November-January
Ambul Nadee,1184,Make flavors- Banana flavorings and extracts to make flavored syrups and drinks,November-January
Ambum,1485,Banana flavored craft beers,January-December
Ambul Nadee,4576,Banana chips ( both sweetened and unsweetened),November-January
Suwandal,4643,Textile industry- make banana fibers,November-January
Seeni Parakum,4869,"Traditional alcoholic beverages- Banana liqueurs, wine",January-December
Rath Kesel,1097,"Skincare industry- Make skincare products ( Lotions, creams and face masks",January-December
Kolikuttu,4855,Make bioplastics,November-January
Seeni Parakum,1267,Food industry-desserts varieties,January-December
Nethra Palam,1844,Banana candies,January-December
Green Banana,3893,Export to USA as fresh banana,November-January
Kandula,3367,Banana chocolates and sweets,November-January
Ambul Nadee,3167,Export to USA as fresh banana,November-January
Suwandal,2663,dehydrated banana chips,January-December
Ambum,1616,Make high quality acid free paper from banana stems and leaves,January-December
Kandula,867,Bakery industry- Banana breads and banana cakes,November-January
Sini Kesel,2390,make banana silk which is eco friendly and biodegradable,November-January
Suwandal,1802,Make high quality acid free paper from banana stems and leaves,January-December
Ambul Kesel,783,Make single use plastic alternatives,January-December
Green Banana,2059,Make innorganic fertilizers,November-January
Ambum,3641,Banana chips ( both sweetened and unsweetened),November-January
Seeni Parakum,1340,"Pharmaceutical industry- Make antioxidants,vitamins by exploring bioactive compound ",January-December
Ambul Kesel,3209,Textile industry- make banana fibers,January-December
Ambul Kesel,1357,Brewing and distilling industry- Make banana beer,January-December
Green Banana,2506,Banana chips ( both sweetened and unsweetened),January-December
Kolikuttu,2206,Give CBL to make Waffers Biscuits,November-January
Nethra Palam,2749,Make flavors- Banana flavorings and extracts to make flavored syrups and drinks,January-December
Seeni Parakum,3913,Bakery industry- Banana breads and banana cakes,January-December
Green Banana,4328,"Skincare industry- Make skincare products ( Lotions, creams and face masks",January-December
Nethra Palam,1307,dehydrated banana chips,January-December
Ambul Kesel,4082,"Traditional alcoholic beverages- Banana liqueurs, wine",November-January
Rath Kesel,3143,"Traditional alcoholic beverages- Banana liqueurs, wine",November-January
Seeni Parakum,4597,Make jam and sugary products to the local market,November-January
Puwalu,3979,Make organic fertilizers,January-December
Ambum,1597,Textile industry- make banana fibers,November-January
Kandula,3100,Textile industry- make banana fibers,November-January
Ambul Nadee,3861,make banana silk which is eco friendly and biodegradable,January-December
Puwalu,4676,Give CBL to make Waffers Biscuits,January-December
Seeni Parakum,1606,Make single use plastic alternatives,November-January
Kandula,3318,Textile industry- make banana fibers,November-January
Rath Kesel,776,Banana candies,November-January
Kolikuttu,3386,Make innorganic fertilizers,January-December
Nethra Palam,262,dehydrated banana chips,January-December
Rath Kesel,3632,"Traditional alcoholic beverages- Banana liqueurs, wine",January-December
Puwalu,774,Banana chips ( both sweetened and unsweetened),January-December
Kandula,4672,Make innorganic fertilizers,January-December
Green Banana,3336,Make single use plastic alternatives,January-December
Rath Kesel,2993,Make single use plastic alternatives,November-January
Ambul Nadee,1575,Banana candies,November-January
Kandula,168,Banana flavored craft beers,November-January
Ambul Kesel,3367,Make flavors- Banana flavorings and extracts to make flavored syrups and drinks,January-December
Seeni Parakum,4130,"Skincare industry- Make skincare products ( Lotions, creams and face masks",November-January
Anamalu,1141,Textile industry- make banana fibers,January-December
Puwalu,1730,Textile industry- make banana fibers,January-December
Kandula,1722,Make bioplastics,January-December
Seeni Parakum,3675,Make innorganic fertilizers,January-December
Ambul Nadee,2451,Make single use plastic alternatives,November-January
Kandula,3705,"Traditional alcoholic beverages- Banana liqueurs, wine",November-January
Anamalu,1187,Bakery industry- Banana breads and banana cakes,January-December
Kandula,668,Make jam and sugary products to the local market,November-January
Ambum,1884,Make bioplastics,January-December
Ambul Nadee,2085,"Beverage industry - To make milkshakes,smoothies, fruit juices",November-January
Anamalu,3622,Textile industry- make banana fibers,November-January
Kandula,1458,Make high quality acid free paper from banana stems and leaves,January-December
Nethra Palam,1320,Make tea bags and filters,November-January
Suwandal,1544,Banana candies,November-January
Kolikuttu,3321,Make natural remedies,November-January
Puwalu,4371,Give CBL to make Waffers Biscuits,November-January
Nethra Palam,4146,Make tea bags and filters,November-January
Green Banana,1581,Make innorganic fertilizers,November-January
Nethra Palam,3663,make banana silk which is eco friendly and biodegradable,November-January
Ambum,2527,Make bioplastics,November-January
Rath Kesel,321,dehydrated banana chips,November-January
Kandula,1879,cosmetic industry- Make haircare treatments with banana extracts,November-January
Ambul Nadee,1006,"Skincare industry- Make skincare products ( Lotions, creams and face masks",January-December
Seeni Parakum,259,dehydrated banana chips,November-January
Puwalu,1795,Make high quality acid free paper from banana stems and leaves,January-December
Anamalu,2079,dehydrated banana chips,November-January
Nethra Palam,4166,Make high quality acid free paper from banana stems and leaves,January-December
Nethra Palam,488,"Pharmaceutical industry- Make antioxidants,vitamins by exploring bioactive compound ",November-January
Kandula,4961,"Traditional alcoholic beverages- Banana liqueurs, wine",January-December
Ambum,2002,Make organic fertilizers,November-January
Anamalu,1480,Banana candies,November-January
Kandula,227,Make jam and sugary products to the local market,January-December
Suwandal,1216,Give CBL to make Waffers Biscuits,November-January
Sini Kesel,4466,Make flavors- Banana flavorings and extracts to make flavored syrups and drinks,January-December
Seeni Parakum,340,Make jam and sugary products to the local market,November-January
Anamalu,141,"Beverage industry - To make milkshakes,smoothies, fruit juices",November-January
Kandula,4410,Make jam and sugary products to the local market,November-January
Puwalu,364,make banana silk which is eco friendly and biodegradable,January-December
Ambul Kesel,1879,Banana chocolates and sweets,November-January
Kandula,1169,Make high quality acid free paper from banana stems and leaves,November-January
Rath Kesel,4042,Make high quality acid free paper from banana stems and leaves,November-January
Suwandal,4970,Make single use plastic alternatives,November-January
Kandula,2182,Make banana oils are used in cosmatic industry,January-December
Green Banana,1872,"Pharmaceutical industry- Make antioxidants,vitamins by exploring bioactive compound ",November-January
Kolikuttu,3742,Make organic fertilizers,January-December
Ambum,4638,make dried and powdered banana peels to use as a supplement in animal feed.,January-December
Ambum,654,Bakery industry- Banana breads and banana cakes,January-December
Ambul Nadee,1060,Give CBL to make Waffers Biscuits,November-January
Ambum,3539,"Pharmaceutical industry- Make antioxidants,vitamins by exploring bioactive compound ",January-December
Anamalu,3998,Textile industry- make banana fibers,November-January
Ambul Kesel,1982,Food industry-desserts varieties,November-January
Green Banana,2826,Make breakfast cereals,January-December
Ambul Nadee,4208,make banana silk which is eco friendly and biodegradable,November-January
Ambul Nadee,384,Make single use plastic alternatives,November-January
Sini Kesel,3271,make banana silk which is eco friendly and biodegradable,November-January
Seeni Parakum,4470,Banana chocolates and sweets,January-December
Ambum,2040,Make flavors- Banana flavorings and extracts to make flavored syrups and drinks,January-December
Rath Kesel,3475,Make innorganic fertilizers,November-January
Kolikuttu,2128,Make flavors- Banana flavorings and extracts to make flavored syrups and drinks,November-January
Sini Kesel,2328,Brewing and distilling industry- Make banana beer,November-January
Kandula,4989,Banana candies,November-January
Seeni Parakum,3170,Make high quality acid free paper from banana stems and leaves,January-December
Rath Kesel,1829,"Pharmaceutical industry- Make antioxidants,vitamins by exploring bioactive compound ",January-December
Suwandal,3523,Make innorganic fertilizers,January-December
Rath Kesel,753,Brewing and distilling industry- Make banana beer,January-December
Kandula,1753,"Beverage industry - To make milkshakes,smoothies, fruit juices",January-December
Ambum,1347,Textile industry- make banana fibers,January-December
Kolikuttu,2151,Make flavors- Banana flavorings and extracts to make flavored syrups and drinks,November-January
Suwandal,3124,make dried and powdered banana peels to use as a supplement in animal feed.,November-January
Ambul Nadee,4404,Make bioplastics,November-January
Puwalu,3917,Make high quality acid free paper from banana stems and leaves,January-December
Suwandal,653,Make innorganic fertilizers,November-January
Sini Kesel,3772,Banana flavored craft beers,November-January
Sini Kesel,2896,Make single use plastic alternatives,January-December
Suwandal,1400,make dried and powdered banana peels to use as a supplement in animal feed.,January-December
Green Banana,1817,Bakery industry- Banana breads and banana cakes,January-December
Seeni Parakum,2661,"Traditional alcoholic beverages- Banana liqueurs, wine",January-December
Suwandal,4744,"Traditional alcoholic beverages- Banana liqueurs, wine",January-December
Ambul Kesel,4524,"Beverage industry - To make milkshakes,smoothies, fruit juices",January-December
Sini Kesel,1790,Make organic fertilizers,January-December
Ambul Kesel,4372,Food industry-desserts varieties,November-January
Rath Kesel,128,Make organic fertilizers,November-January
Green Banana,1100,"Beverage industry - To make milkshakes,smoothies, fruit juices",January-December
Kandula,4580,make dried and powdered banana peels to use as a supplement in animal feed.,November-January
Nethra Palam,1737,Make innorganic fertilizers,January-December
Sini Kesel,2371,"Beverage industry - To make milkshakes,smoothies, fruit juices",November-January
Puwalu,3400,Make organic fertilizers,November-January
Green Banana,4455,Make high quality acid free paper from banana stems and leaves,January-December
Sini Kesel,1190,Make organic fertilizers,November-January
Kolikuttu,695,Banana chocolates and sweets,January-December
Ambum,175,Make high quality acid free paper from banana stems and leaves,January-December
Green Banana,540,Make bioplastics,January-December
Seeni Parakum,3239,"Skincare industry- Make skincare products ( Lotions, creams and face masks",January-December
Suwandal,1686,Make flavors- Banana flavorings and extracts to make flavored syrups and drinks,January-December
Sini Kesel,2066,Food industry-desserts varieties,November-January
Kolikuttu,1160,Make tea bags and filters,November-January
Rath Kesel,2184,"Skincare industry- Make skincare products ( Lotions, creams and face masks",January-December
Kolikuttu,1245,"Skincare industry- Make skincare products ( Lotions, creams and face masks",November-January
Puwalu,881,Make jam and sugary products to the local market,January-December
Nethra Palam,843,make dried and powdered banana peels to use as a supplement in animal feed.,January-December
Nethra Palam,4792,Food industry-desserts varieties,November-January
Anamalu,2838,Food industry-desserts varieties,November-January
Ambul Kesel,4398,make banana silk which is eco friendly and biodegradable,January-December
Rath Kesel,319,"Traditional alcoholic beverages- Banana liqueurs, wine",January-December
Ambul Nadee,2504,Banana chips ( both sweetened and unsweetened),November-January
Kandula,2407,Make flavors- Banana flavorings and extracts to make flavored syrups and drinks,January-December
Sini Kesel,1475,Make jam and sugary products to the local market,November-January
Puwalu,2943,"Skincare industry- Make skincare products ( Lotions, creams and face masks",November-January
Seeni Parakum,2131,Make organic fertilizers,January-December
Anamalu,688,cosmetic industry- Make haircare treatments with banana extracts,November-January
Seeni Parakum,1810,Bakery industry- Banana breads and banana cakes,November-January
Kolikuttu,4010,Make natural remedies,November-January
Ambul Kesel,2778,Make breakfast cereals,November-January
Suwandal,447,"Traditional alcoholic beverages- Banana liqueurs, wine",November-January
Ambum,3839,cosmetic industry- Make haircare treatments with banana extracts,January-December
Suwandal,2428,Export to USA as fresh banana,January-December
Anamalu,1202,Banana chocolates and sweets,November-January
Green Banana,4160,dehydrated banana chips,January-December
Anamalu,3449,Banana chocolates and sweets,November-January
Nethra Palam,2655,Make natural remedies,November-January
Puwalu,260,Banana flavored craft beers,November-January
Rath Kesel,1549,Make flavors- Banana flavorings and extracts to make flavored syrups and drinks,November-January
Kandula,4272,Give CBL to make Waffers Biscuits,January-December
Kandula,3403,dehydrated banana chips,November-January
Seeni Parakum,4302,Make organic fertilizers,January-December
Ambul Nadee,831,Brewing and distilling industry- Make banana beer,January-December
Ambul Kesel,921,Banana candies,January-December
Seeni Parakum,3104,Make natural remedies,January-December
Kolikuttu,180,Make flavors- Banana flavorings and extracts to make flavored syrups and drinks,January-December
Green Banana,4131,Banana candies,November-January
Suwandal,4936,Food industry-desserts varieties,January-December
Nethra Palam,2890,Banana flavored craft beers,January-December
Suwandal,4030,Make natural remedies,November-January
Green Banana,4380,Bakery industry- Banana breads and banana cakes,November-January
Nethra Palam,1061,Export to USA as fresh banana,January-December
Green Banana,3251,make banana silk which is eco friendly and biodegradable,January-December
Nethra Palam,2543,cosmetic industry- Make haircare treatments with banana extracts,November-January
Seeni Parakum,877,Food industry-desserts varieties,January-December
Ambum,1839,Make bioplastics,January-December
Seeni Parakum,4017,Banana chips ( both sweetened and unsweetened),November-January
Kandula,4146,Banana candies,January-December
Seeni Parakum,616,Banana flavored craft beers,January-December
Nethra Palam,1941,Food industry-desserts varieties,November-January
Sini Kesel,1604,Make organic fertilizers,November-January
Kolikuttu,4493,Make banana oils are used in cosmatic industry,January-December
Ambul Nadee,1493,Make flavors- Banana flavorings and extracts to make flavored syrups and drinks,November-January
Ambum,4799,Bakery industry- Banana breads and banana cakes,January-December
Puwalu,3041,make banana silk which is eco friendly and biodegradable,November-January
Kolikuttu,3295,make dried and powdered banana peels to use as a supplement in animal feed.,January-December
Ambul Kesel,529,Make breakfast cereals,January-December
Green Banana,1015,Export to USA as fresh banana,January-December
Puwalu,1906,"Pharmaceutical industry- Make antioxidants,vitamins by exploring bioactive compound ",November-January
Rath Kesel,1748,Make high quality acid free paper from banana stems and leaves,November-January
Suwandal,3640,Textile industry- make banana fibers,November-January
Nethra Palam,1918,Make tea bags and filters,November-January
Anamalu,802,Make breakfast cereals,November-January
Kandula,226,Make jam and sugary products to the local market,January-December
Sini Kesel,3451,Banana chocolates and sweets,November-January
Green Banana,233,Banana candies,November-January
Seeni Parakum,1057,Make high quality acid free paper from banana stems and leaves,November-January
Puwalu,4701,Make natural remedies,November-January
Puwalu,247,make dried and powdered banana peels to use as a supplement in animal feed.,November-January
Ambum,4814,Make banana oils are used in cosmatic industry,January-December
Ambul Kesel,1395,cosmetic industry- Make haircare treatments with banana extracts,January-December
Suwandal,4212,Make tea bags and filters,January-December
Ambul Nadee,3552,Make flavors- Banana flavorings and extracts to make flavored syrups and drinks,November-January
Sini Kesel,2931,"Pharmaceutical industry- Make antioxidants,vitamins by exploring bioactive compound ",November-January
Suwandal,3653,Banana chips ( both sweetened and unsweetened),November-January
Green Banana,4993,Make natural remedies,January-December
Seeni Parakum,2769,Banana chocolates and sweets,January-December
Kandula,3516,Make natural remedies,January-December
Ambul Kesel,4518,Make organic fertilizers,November-January
Seeni Parakum,2507,Textile industry- make banana fibers,January-December
Kolikuttu,2298,Banana candies,January-December
Kandula,276,Give CBL to make Waffers Biscuits,January-December
Ambul Kesel,1552,Banana chocolates and sweets,November-January
Seeni Parakum,4981,Export to USA as fresh banana,January-December
Puwalu,1172,Make natural remedies,November-January
Green Banana,2899,Banana chocolates and sweets,January-December
Suwandal,2827,Make natural remedies,November-January
Kandula,3117,Make banana oils are used in cosmatic industry,January-December
Green Banana,2785,"Skincare industry- Make skincare products ( Lotions, creams and face masks",January-December
Green Banana,3923,Make single use plastic alternatives,January-December
Green Banana,2969,Make innorganic fertilizers,November-January
Puwalu,4379,Banana chips ( both sweetened and unsweetened),November-January
Sini Kesel,265,Banana flavored craft beers,November-January
Ambul Kesel,2533,Brewing and distilling industry- Make banana beer,January-December
Green Banana,3265,Make high quality acid free paper from banana stems and leaves,November-January
Kandula,2569,Make breakfast cereals,November-January
Kolikuttu,2350,Food industry-desserts varieties,January-December
Sini Kesel,1097,Bakery industry- Banana breads and banana cakes,November-January
Ambul Nadee,1139,Make jam and sugary products to the local market,November-January
Ambum,2317,Make natural remedies,January-December
Kolikuttu,1022,Make single use plastic alternatives,January-December
Ambul Nadee,1559,make banana silk which is eco friendly and biodegradable,November-January
Nethra Palam,2136,Textile industry- make banana fibers,January-December
Suwandal,3745,Make single use plastic alternatives,January-December
Nethra Palam,1674,Banana candies,November-January
Rath Kesel,3480,Make bioplastics,January-December
Anamalu,2299,Make banana oils are used in cosmatic industry,January-December
Suwandal,842,Textile industry- make banana fibers,November-January
Sini Kesel,4665,Export to USA as fresh banana,January-December
Puwalu,3665,Make flavors- Banana flavorings and extracts to make flavored syrups and drinks,January-December
Ambul Kesel,1089,Make innorganic fertilizers,November-January
Nethra Palam,2220,Give CBL to make Waffers Biscuits,January-December
Anamalu,288,Banana chips ( both sweetened and unsweetened),January-December
Kolikuttu,3751,dehydrated banana chips,November-January
Puwalu,4051,"Skincare industry- Make skincare products ( Lotions, creams and face masks",January-December
Green Banana,819,Banana flavored craft beers,November-January
Green Banana,4800,Make breakfast cereals,January-December
Kolikuttu,1608,Make single use plastic alternatives,January-December
Ambul Kesel,1152,Bakery industry- Banana breads and banana cakes,November-January
Anamalu,4373,Food industry-desserts varieties,January-December
Sini Kesel,2495,Food industry-desserts varieties,January-December
Puwalu,4697,Make breakfast cereals,January-December
Sini Kesel,299,cosmetic industry- Make haircare treatments with banana extracts,January-December
Rath Kesel,2455,"Traditional alcoholic beverages- Banana liqueurs, wine",November-January
Rath Kesel,2749,Banana candies,January-December
Suwandal,1715,Export to USA as fresh banana,November-January
Suwandal,1483,"Skincare industry- Make skincare products ( Lotions, creams and face masks",November-January
Nethra Palam,4827,Food industry-desserts varieties,January-December
Suwandal,4756,Brewing and distilling industry- Make banana beer,January-December
Seeni Parakum,2731,Export to USA as fresh banana,January-December
Ambul Nadee,1437,Make flavors- Banana flavorings and extracts to make flavored syrups and drinks,November-January
Sini Kesel,2984,Make flavors- Banana flavorings and extracts to make flavored syrups and drinks,January-December
Sini Kesel,4349,Textile industry- make banana fibers,January-December
Ambum,1864,"Beverage industry - To make milkshakes,smoothies, fruit juices",January-December
Seeni Parakum,4771,Food industry-desserts varieties,January-December
Green Banana,2190,Brewing and distilling industry- Make banana beer,January-December
Kandula,2319,Banana chips ( both sweetened and unsweetened),November-January
Anamalu,3805,Textile industry- make banana fibers,November-January
Ambum,3532,Food industry-desserts varieties,November-January
Sini Kesel,557,Make natural remedies,November-January
Puwalu,2252,cosmetic industry- Make haircare treatments with banana extracts,January-December
Nethra Palam,4593,Banana candies,January-December
Seeni Parakum,309,Brewing and distilling industry- Make banana beer,November-January
Suwandal,3795,Make high quality acid free paper from banana stems and leaves,January-December
Anamalu,2658,Make jam and sugary products to the local market,November-January
Kolikuttu,4740,Make banana oils are used in cosmatic industry,January-December
Ambul Nadee,679,"Pharmaceutical industry- Make antioxidants,vitamins by exploring bioactive compound ",November-January
Suwandal,979,Give CBL to make Waffers Biscuits,January-December
Ambul Nadee,1872,Make natural remedies,November-January
Seeni Parakum,1364,Banana flavored craft beers,November-January
Nethra Palam,1142,Make innorganic fertilizers,January-December
Nethra Palam,811,make dried and powdered banana peels to use as a supplement in animal feed.,January-December
Ambul Nadee,465,Make flavors- Banana flavorings and extracts to make flavored syrups and drinks,November-January
Ambul Kesel,3561,Give CBL to make Waffers Biscuits,January-December
Sini Kesel,927,Make jam and sugary products to the local market,January-December
Puwalu,1935,Make flavors- Banana flavorings and extracts to make flavored syrups and drinks,November-January
Puwalu,4322,Make tea bags and filters,January-December
Seeni Parakum,1394,"Beverage industry - To make milkshakes,smoothies, fruit juices",January-December
Anamalu,1585,Food industry-desserts varieties,November-January
Rath Kesel,2827,Brewing and distilling industry- Make banana beer,November-January
Kandula,3567,Make breakfast cereals,November-January
Nethra Palam,1654,Banana candies,January-December
Rath Kesel,3144,Make innorganic fertilizers,January-December
Sini Kesel,1621,Make banana oils are used in cosmatic industry,November-January
Sini Kesel,2919,Make banana oils are used in cosmatic industry,November-January
Ambul Kesel,2326,Make flavors- Banana flavorings and extracts to make flavored syrups and drinks,November-January
Nethra Palam,3655,"Traditional alcoholic beverages- Banana liqueurs, wine",November-January
Green Banana,734,Make innorganic fertilizers,November-January
Green Banana,2845,Food industry-desserts varieties,January-December
Ambum,2246,Make high quality acid free paper from banana stems and leaves,January-December
Sini Kesel,1668,Make jam and sugary products to the local market,January-December
Ambum,3317,Make bioplastics,January-December
Anamalu,165,Banana chips ( both sweetened and unsweetened),November-January
Puwalu,800,Brewing and distilling industry- Make banana beer,January-December
Kolikuttu,2152,Banana flavored craft beers,November-January
Sini Kesel,846,Banana candies,November-January
Ambum,741,Textile industry- make banana fibers,January-December
Rath Kesel,1671,Make natural remedies,November-January
Kandula,895,"Skincare industry- Make skincare products ( Lotions, creams and face masks",November-January
Kolikuttu,4953,"Beverage industry - To make milkshakes,smoothies, fruit juices",January-December
Seeni Parakum,1611,Bakery industry- Banana breads and banana cakes,January-December
Green Banana,199,make banana silk which is eco friendly and biodegradable,January-December
Nethra Palam,800,Make tea bags and filters,January-December
Green Banana,3129,Make jam and sugary products to the local market,November-January
Kolikuttu,719,Make jam and sugary products to the local market,November-January
Sini Kesel,560,Banana chocolates and sweets,January-December
Suwandal,4884,"Pharmaceutical industry- Make antioxidants,vitamins by exploring bioactive compound ",November-January
Anamalu,1743,Banana flavored craft beers,January-December
Green Banana,3849,"Skincare industry- Make skincare products ( Lotions, creams and face masks",November-January
Kandula,4993,"Beverage industry - To make milkshakes,smoothies, fruit juices",January-December
Ambul Nadee,940,Make jam and sugary products to the local market,November-January
Kandula,1603,"Traditional alcoholic beverages- Banana liqueurs, wine",November-January
Anamalu,2478,Make organic fertilizers,January-December
Anamalu,197,dehydrated banana chips,November-January
Seeni Parakum,969,Make high quality acid free paper from banana stems and leaves,November-January
Ambul Kesel,4099,"Traditional alcoholic beverages- Banana liqueurs, wine",January-December
Nethra Palam,1968,Brewing and distilling industry- Make banana beer,January-December
Sini Kesel,2835,Brewing and distilling industry- Make banana beer,November-January
Green Banana,2900,"Traditional alcoholic beverages- Banana liqueurs, wine",November-January
Green Banana,4497,Make single use plastic alternatives,January-December
Ambul Kesel,807,make dried and powdered banana peels to use as a supplement in animal feed.,November-January
Sini Kesel,3710,Make flavors- Banana flavorings and extracts to make flavored syrups and drinks,January-December
Sini Kesel,2699,Make high quality acid free paper from banana stems and leaves,November-January
Seeni Parakum,4022,Make banana oils are used in cosmatic industry,January-December
Sini Kesel,4937,Make organic fertilizers,January-December
Seeni Parakum,283,Make flavors- Banana flavorings and extracts to make flavored syrups and drinks,January-December
Anamalu,1135,dehydrated banana chips,January-December
Puwalu,3978,Make organic fertilizers,November-January
Kandula,3189,Bakery industry- Banana breads and banana cakes,January-December
Rath Kesel,1661,Make breakfast cereals,January-December
Rath Kesel,826,Make high quality acid free paper from banana stems and leaves,January-December
Green Banana,323,Make breakfast cereals,January-December
Nethra Palam,3599,Export to USA as fresh banana,January-December
Seeni Parakum,149,Give CBL to make Waffers Biscuits,November-January
Kolikuttu,3881,Banana chips ( both sweetened and unsweetened),January-December
Rath Kesel,293,Banana chips ( both sweetened and unsweetened),November-January
Sini Kesel,3087,Make breakfast cereals,November-January
Seeni Parakum,1655,make dried and powdered banana peels to use as a supplement in animal feed.,January-December
Suwandal,2599,Make organic fertilizers,November-January
Suwandal,1177,Make innorganic fertilizers,November-January
Nethra Palam,4659,Textile industry- make banana fibers,November-January
Suwandal,3038,Food industry-desserts varieties,January-December
Seeni Parakum,1135,Textile industry- make banana fibers,January-December
Rath Kesel,4991,Make organic fertilizers,November-January
Ambum,976,"Traditional alcoholic beverages- Banana liqueurs, wine",January-December
Rath Kesel,4046,Banana chips ( both sweetened and unsweetened),November-January
Nethra Palam,2829,Banana candies,November-January
Sini Kesel,4286,Make flavors- Banana flavorings and extracts to make flavored syrups and drinks,January-December
Suwandal,2665,"Skincare industry- Make skincare products ( Lotions, creams and face masks",November-January
Kolikuttu,3084,Make innorganic fertilizers,January-December
Sini Kesel,3911,Banana chips ( both sweetened and unsweetened),November-January
Anamalu,3277,make dried and powdered banana peels to use as a supplement in animal feed.,November-January
Ambul Kesel,2688,Make high quality acid free paper from banana stems and leaves,January-December
Ambul Nadee,2319,Banana candies,January-December
Ambum,3786,Bakery industry- Banana breads and banana cakes,November-January
Ambum,3444,Banana chocolates and sweets,January-December
Green Banana,3372,Food industry-desserts varieties,November-January
Ambul Nadee,2085,Brewing and distilling industry- Make banana beer,November-January
Rath Kesel,4515,Banana chips ( both sweetened and unsweetened),November-January
Ambul Nadee,4349,Make jam and sugary products to the local market,November-January
Kandula,4615,Make flavors- Banana flavorings and extracts to make flavored syrups and drinks,November-January
Seeni Parakum,2285,"Beverage industry - To make milkshakes,smoothies, fruit juices",January-December
Sini Kesel,1016,cosmetic industry- Make haircare treatments with banana extracts,November-January
Ambul Kesel,4005,Banana candies,November-January
Nethra Palam,1349,Give CBL to make Waffers Biscuits,November-January
Seeni Parakum,152,Make bioplastics,November-January
Ambum,3466,Bakery industry- Banana breads and banana cakes,January-December
Seeni Parakum,398,"Skincare industry- Make skincare products ( Lotions, creams and face masks",November-January
Anamalu,4624,Make single use plastic alternatives,January-December
Sini Kesel,657,Brewing and distilling industry- Make banana beer,January-December
Puwalu,697,dehydrated banana chips,January-December
Sini Kesel,486,Export to USA as fresh banana,January-December
Nethra Palam,3104,Make flavors- Banana flavorings and extracts to make flavored syrups and drinks,November-January
Puwalu,1104,Make organic fertilizers,January-December
Green Banana,561,Make breakfast cereals,January-December
Ambul Kesel,3254,cosmetic industry- Make haircare treatments with banana extracts,November-January
Anamalu,4879,Make jam and sugary products to the local market,January-December
Nethra Palam,2642,Banana flavored craft beers,November-January
Seeni Parakum,3874,"Skincare industry- Make skincare products ( Lotions, creams and face masks",November-January
Puwalu,4199,Make bioplastics,January-December
Green Banana,3368,Make jam and sugary products to the local market,January-December
Rath Kesel,2120,make dried and powdered banana peels to use as a supplement in animal feed.,November-January
Puwalu,4634,dehydrated banana chips,January-December
Ambum,636,Banana candies,January-December
Suwandal,979,make banana silk which is eco friendly and biodegradable,November-January
Puwalu,615,Make tea bags and filters,January-December
Anamalu,1989,Make flavors- Banana flavorings and extracts to make flavored syrups and drinks,January-December
Green Banana,2682,Give CBL to make Waffers Biscuits,November-January
Anamalu,1097,Banana chocolates and sweets,November-January
Ambul Kesel,3939,dehydrated banana chips,January-December
Sini Kesel,3602,Make organic fertilizers,January-December
Kolikuttu,1504,make banana silk which is eco friendly and biodegradable,January-December
Nethra Palam,2078,Brewing and distilling industry- Make banana beer,November-January
Seeni Parakum,827,Make jam and sugary products to the local market,November-January
Ambul Nadee,3821,Banana chocolates and sweets,November-January
Ambul Kesel,4806,Banana chocolates and sweets,January-December
Green Banana,842,Banana chocolates and sweets,January-December
Suwandal,3846,Food industry-desserts varieties,January-December
Seeni Parakum,1461,Food industry-desserts varieties,November-January
Ambul Kesel,1395,Make breakfast cereals,January-December
Ambul Kesel,4128,Make banana oils are used in cosmatic industry,January-December
Nethra Palam,2692,Bakery industry- Banana breads and banana cakes,November-January
Green Banana,712,Make jam and sugary products to the local market,January-December
Ambul Nadee,4876,Bakery industry- Banana breads and banana cakes,January-December
Kandula,3021,cosmetic industry- Make haircare treatments with banana extracts,January-December
Kandula,1286,Make high quality acid free paper from banana stems and leaves,November-January
Ambum,3722,Banana chocolates and sweets,November-January
Green Banana,4154,"Pharmaceutical industry- Make antioxidants,vitamins by exploring bioactive compound ",November-January
Seeni Parakum,4268,Bakery industry- Banana breads and banana cakes,January-December
Ambum,3890,"Pharmaceutical industry- Make antioxidants,vitamins by exploring bioactive compound ",January-December
Suwandal,3358,make banana silk which is eco friendly and biodegradable,November-January
Nethra Palam,3545,Make innorganic fertilizers,January-December
Suwandal,2028,Make organic fertilizers,January-December
Kandula,2030,make banana silk which is eco friendly and biodegradable,November-January
Ambul Kesel,1076,dehydrated banana chips,November-January
Anamalu,3040,Banana flavored craft beers,January-December
Nethra Palam,3087,"Pharmaceutical industry- Make antioxidants,vitamins by exploring bioactive compound ",January-December
Seeni Parakum,2396,Make natural remedies,January-December
Puwalu,1556,Make innorganic fertilizers,January-December
Nethra Palam,572,Make innorganic fertilizers,January-December
Nethra Palam,1588,Make flavors- Banana flavorings and extracts to make flavored syrups and drinks,November-January
Kandula,1353,Banana chips ( both sweetened and unsweetened),November-January
Ambul Kesel,2932,Food industry-desserts varieties,November-January
Ambul Nadee,3429,Banana chocolates and sweets,November-January
Kandula,322,Make flavors- Banana flavorings and extracts to make flavored syrups and drinks,November-January
Kolikuttu,1264,"Beverage industry - To make milkshakes,smoothies, fruit juices",November-January
Ambum,4740,Make breakfast cereals,November-January
Sini Kesel,1935,dehydrated banana chips,January-December
Ambul Kesel,4389,Make high quality acid free paper from banana stems and leaves,January-December
Nethra Palam,4932,Make organic fertilizers,January-December
Seeni Parakum,1252,dehydrated banana chips,November-January
Green Banana,1292,Banana candies,November-January
Seeni Parakum,1842,Brewing and distilling industry- Make banana beer,January-December
Ambum,486,Make jam and sugary products to the local market,November-January
Seeni Parakum,4073,Make single use plastic alternatives,January-December
Anamalu,4229,make dried and powdered banana peels to use as a supplement in animal feed.,November-January
Puwalu,790,"Traditional alcoholic beverages- Banana liqueurs, wine",January-December
Sini Kesel,802,Textile industry- make banana fibers,January-December
Ambul Kesel,4413,"Traditional alcoholic beverages- Banana liqueurs, wine",November-January
Kandula,1851,Bakery industry- Banana breads and banana cakes,November-January
Sini Kesel,1114,"Beverage industry - To make milkshakes,smoothies, fruit juices",November-January
Ambum,2343,"Skincare industry- Make skincare products ( Lotions, creams and face masks",November-January
Puwalu,1604,Make natural remedies,November-January
Sini Kesel,2434,"Skincare industry- Make skincare products ( Lotions, creams and face masks",January-December
Kolikuttu,4562,"Traditional alcoholic beverages- Banana liqueurs, wine",January-December
Kolikuttu,2046,Export to USA as fresh banana,November-January
Ambum,1545,Banana chocolates and sweets,November-January
Anamalu,467,Make innorganic fertilizers,November-January
Sini Kesel,1931,Make jam and sugary products to the local market,November-January
Rath Kesel,497,Make high quality acid free paper from banana stems and leaves,January-December
Ambum,808,cosmetic industry- Make haircare treatments with banana extracts,November-January
Sini Kesel,704,"Beverage industry - To make milkshakes,smoothies, fruit juices",November-January
Suwandal,4253,"Beverage industry - To make milkshakes,smoothies, fruit juices",November-January
Puwalu,2751,Export to USA as fresh banana,November-January
Ambum,4207,Make single use plastic alternatives,January-December
Suwandal,314,Banana chocolates and sweets,January-December
Rath Kesel,2519,Banana chips ( both sweetened and unsweetened),November-January
Kandula,406,Make breakfast cereals,November-January
Sini Kesel,501,Make organic fertilizers,January-December
Nethra Palam,178,Banana flavored craft beers,January-December
Ambul Nadee,1888,"Traditional alcoholic beverages- Banana liqueurs, wine",November-January
Nethra Palam,193,Banana chips ( both sweetened and unsweetened),January-December
Kolikuttu,1599,Banana flavored craft beers,November-January
Ambum,3497,Make breakfast cereals,November-January
Anamalu,1938,cosmetic industry- Make haircare treatments with banana extracts,January-December
Anamalu,2509,Make innorganic fertilizers,November-January
Green Banana,1297,Banana candies,January-December
Green Banana,1681,"Beverage industry - To make milkshakes,smoothies, fruit juices",January-December
Anamalu,1901,Make banana oils are used in cosmatic industry,January-December
Suwandal,4059,"Pharmaceutical industry- Make antioxidants,vitamins by exploring bioactive compound ",November-January
Sini Kesel,57,Make banana oils are used in cosmatic industry,November-January
Suwandal,2026,make banana silk which is eco friendly and biodegradable,November-January
Nethra Palam,2350,"Beverage industry - To make milkshakes,smoothies, fruit juices",November-January
Seeni Parakum,3673,"Pharmaceutical industry- Make antioxidants,vitamins by exploring bioactive compound ",November-January
Kandula,962,Make high quality acid free paper from banana stems and leaves,November-January
Anamalu,4394,Banana candies,January-December
Sini Kesel,74,make dried and powdered banana peels to use as a supplement in animal feed.,January-December
Rath Kesel,4047,Make bioplastics,January-December
Ambul Nadee,4195,Make bioplastics,January-December
Nethra Palam,4947,"Traditional alcoholic beverages- Banana liqueurs, wine",January-December
Rath Kesel,1388,dehydrated banana chips,January-December
Sini Kesel,449,Make bioplastics,January-December
Anamalu,2616,"Skincare industry- Make skincare products ( Lotions, creams and face masks",January-December
Kolikuttu,2498,dehydrated banana chips,January-December
Anamalu,3566,Banana flavored craft beers,November-January
Seeni Parakum,642,Brewing and distilling industry- Make banana beer,January-December
Ambul Kesel,417,Make flavors- Banana flavorings and extracts to make flavored syrups and drinks,November-January
Puwalu,2555,Make flavors- Banana flavorings and extracts to make flavored syrups and drinks,January-December
Sini Kesel,4226,"Skincare industry- Make skincare products ( Lotions, creams and face masks",November-January
Seeni Parakum,2927,cosmetic industry- Make haircare treatments with banana extracts,January-December
Ambul Kesel,406,Make natural remedies,January-December
Sini Kesel,1227,Make banana oils are used in cosmatic industry,November-January
Ambum,4595,Make banana oils are used in cosmatic industry,November-January
Suwandal,4402,Brewing and distilling industry- Make banana beer,November-January
Seeni Parakum,752,Make banana oils are used in cosmatic industry,November-January
Green Banana,4155,Make single use plastic alternatives,January-December
Seeni Parakum,3311,Make innorganic fertilizers,November-January
Kandula,1018,Make banana oils are used in cosmatic industry,November-January
Ambul Nadee,1650,"Beverage industry - To make milkshakes,smoothies, fruit juices",January-December
Ambul Nadee,3875,Make single use plastic alternatives,November-January
Suwandal,421,Banana chips ( both sweetened and unsweetened),November-January
Kandula,902,Make natural remedies,November-January
Anamalu,3428,"Traditional alcoholic beverages- Banana liqueurs, wine",November-January
Rath Kesel,4032,make banana silk which is eco friendly and biodegradable,January-December
Green Banana,407,Make organic fertilizers,November-January
Green Banana,3729,Make organic fertilizers,November-January
Seeni Parakum,1965,"Beverage industry - To make milkshakes,smoothies, fruit juices",January-December
Kolikuttu,4876,Make tea bags and filters,January-December
Puwalu,3137,dehydrated banana chips,January-December
Puwalu,321,Make tea bags and filters,January-December
Suwandal,2496,Make natural remedies,January-December
Seeni Parakum,3892,Make tea bags and filters,January-December
Suwandal,4231,cosmetic industry- Make haircare treatments with banana extracts,November-January
Ambul Nadee,185,Give CBL to make Waffers Biscuits,November-January
Kandula,564,make dried and powdered banana peels to use as a supplement in animal feed.,November-January
Kolikuttu,312,Make high quality acid free paper from banana stems and leaves,November-January
Nethra Palam,2262,Make banana oils are used in cosmatic industry,November-January
Nethra Palam,659,Make innorganic fertilizers,January-December
Green Banana,100,"Pharmaceutical industry- Make antioxidants,vitamins by exploring bioactive compound ",November-January
Seeni Parakum,732,make dried and powdered banana peels to use as a supplement in animal feed.,January-December
Seeni Parakum,3098,cosmetic industry- Make haircare treatments with banana extracts,November-January
Seeni Parakum,2823,Textile industry- make banana fibers,January-December
Suwandal,3406,Make jam and sugary products to the local market,January-December
Suwandal,2859,Make single use plastic alternatives,January-December
Suwandal,3740,cosmetic industry- Make haircare treatments with banana extracts,November-January
Sini Kesel,2033,Make tea bags and filters,November-January
Seeni Parakum,4825,Export to USA as fresh banana,November-January
Rath Kesel,1437,cosmetic industry- Make haircare treatments with banana extracts,January-December
Kolikuttu,416,Food industry-desserts varieties,November-January
Seeni Parakum,2235,dehydrated banana chips,November-January
Ambum,260,Bakery industry- Banana breads and banana cakes,November-January
Sini Kesel,3832,Textile industry- make banana fibers,November-January
Kandula,1270,"Beverage industry - To make milkshakes,smoothies, fruit juices",January-December
Sini Kesel,3783,"Traditional alcoholic beverages- Banana liqueurs, wine",January-December
Ambul Kesel,3021,Make jam and sugary products to the local market,January-December
Kandula,3924,"Pharmaceutical industry- Make antioxidants,vitamins by exploring bioactive compound ",November-January
Suwandal,3734,Banana flavored craft beers,January-December
Sini Kesel,4758,Make jam and sugary products to the local market,November-January
Nethra Palam,2369,"Pharmaceutical industry- Make antioxidants,vitamins by exploring bioactive compound ",January-December
Seeni Parakum,2117,Banana chocolates and sweets,November-January
Nethra Palam,64,Make innorganic fertilizers,November-January
Green Banana,1252,Make flavors- Banana flavorings and extracts to make flavored syrups and drinks,January-December
Sini Kesel,2053,Make natural remedies,November-January
Rath Kesel,247,Make natural remedies,November-January
Sini Kesel,3678,"Pharmaceutical industry- Make antioxidants,vitamins by exploring bioactive compound ",November-January
Sini Kesel,708,Food industry-desserts varieties,November-January
Seeni Parakum,76,Make tea bags and filters,January-December
Kolikuttu,2877,Banana chocolates and sweets,November-January
Seeni Parakum,4745,dehydrated banana chips,January-December
Anamalu,1670,Make organic fertilizers,November-January
Sini Kesel,3304,"Skincare industry- Make skincare products ( Lotions, creams and face masks",November-January
Sini Kesel,3633,Banana chips ( both sweetened and unsweetened),November-January
Kolikuttu,2717,Make high quality acid free paper from banana stems and leaves,November-January
Ambul Kesel,2430,Textile industry- make banana fibers,January-December
Ambul Nadee,2768,Give CBL to make Waffers Biscuits,November-January
Nethra Palam,677,make banana silk which is eco friendly and biodegradable,November-January
Ambul Nadee,4422,Make innorganic fertilizers,January-December
Ambul Kesel,2573,Make banana oils are used in cosmatic industry,November-January
Nethra Palam,4634,"Skincare industry- Make skincare products ( Lotions, creams and face masks",January-December
Rath Kesel,4395,cosmetic industry- Make haircare treatments with banana extracts,November-January
Ambum,860,Make flavors- Banana flavorings and extracts to make flavored syrups and drinks,January-December
Nethra Palam,4403,Make natural remedies,January-December
Ambul Kesel,4564,Bakery industry- Banana breads and banana cakes,January-December
Green Banana,1320,Export to USA as fresh banana,November-January
Sini Kesel,287,Make single use plastic alternatives,November-January
Kolikuttu,774,"Beverage industry - To make milkshakes,smoothies, fruit juices",January-December
Suwandal,4909,"Traditional alcoholic beverages- Banana liqueurs, wine",November-January
Suwandal,1626,Banana candies,January-December
Green Banana,4633,Make single use plastic alternatives,November-January
Ambul Nadee,4213,Make organic fertilizers,January-December
Seeni Parakum,3300,Make high quality acid free paper from banana stems and leaves,November-January
Ambul Nadee,3590,Export to USA as fresh banana,January-December
Kolikuttu,527,Make single use plastic alternatives,January-December
Ambum,629,Make breakfast cereals,January-December
Ambul Nadee,4281,"Beverage industry - To make milkshakes,smoothies, fruit juices",November-January
Nethra Palam,3817,Banana flavored craft beers,November-January
Rath Kesel,2001,cosmetic industry- Make haircare treatments with banana extracts,November-January
Ambul Nadee,1030,Make organic fertilizers,January-December
Kandula,1900,Make breakfast cereals,January-December
Ambum,4647,cosmetic industry- Make haircare treatments with banana extracts,November-January
Kandula,1178,Make single use plastic alternatives,November-January
Ambum,2599,cosmetic industry- Make haircare treatments with banana extracts,November-January
Suwandal,4260,"Skincare industry- Make skincare products ( Lotions, creams and face masks",January-December
Rath Kesel,4922,Make banana oils are used in cosmatic industry,January-December
Nethra Palam,3886,Give CBL to make Waffers Biscuits,November-January
Rath Kesel,1008,Bakery industry- Banana breads and banana cakes,November-January
Seeni Parakum,1395,cosmetic industry- Make haircare treatments with banana extracts,January-December
Kandula,4209,Make organic fertilizers,November-January
Nethra Palam,433,"Traditional alcoholic beverages- Banana liqueurs, wine",January-December
Rath Kesel,2489,"Pharmaceutical industry- Make antioxidants,vitamins by exploring bioactive compound ",January-December
Kandula,4584,Make breakfast cereals,November-January
Anamalu,4098,Make jam and sugary products to the local market,January-December
Kolikuttu,3440,Make natural remedies,November-January
Sini Kesel,617,Food industry-desserts varieties,January-December
Seeni Parakum,4943,Make organic fertilizers,January-December
Anamalu,3063,Make breakfast cereals,January-December
Green Banana,3207,"Pharmaceutical industry- Make antioxidants,vitamins by exploring bioactive compound ",January-December
Seeni Parakum,2331,Export to USA as fresh banana,January-December
Anamalu,2312,Export to USA as fresh banana,January-December
Anamalu,648,Make banana oils are used in cosmatic industry,November-January
Suwandal,4361,Banana chips ( both sweetened and unsweetened),January-December
Rath Kesel,4926,"Beverage industry - To make milkshakes,smoothies, fruit juices",January-December
Kolikuttu,263,Make high quality acid free paper from banana stems and leaves,January-December
Sini Kesel,1369,Banana chocolates and sweets,January-December
Nethra Palam,4876,Make breakfast cereals,January-December
Ambul Nadee,1170,Food industry-desserts varieties,January-December
Suwandal,3241,Make jam and sugary products to the local market,January-December
Seeni Parakum,2562,Make banana oils are used in cosmatic industry,January-December
Ambum,4388,Textile industry- make banana fibers,January-December
Kolikuttu,831,Make bioplastics,November-January
Ambum,1301,Brewing and distilling industry- Make banana beer,November-January
Rath Kesel,959,"Traditional alcoholic beverages- Banana liqueurs, wine",January-December
Seeni Parakum,3136,Make flavors- Banana flavorings and extracts to make flavored syrups and drinks,January-December
Anamalu,1583,Make natural remedies,November-January
Anamalu,2402,Give CBL to make Waffers Biscuits,November-January
Green Banana,4176,Export to USA as fresh banana,November-January
Suwandal,2889,Make single use plastic alternatives,January-December
Rath Kesel,4204,Make flavors- Banana flavorings and extracts to make flavored syrups and drinks,January-December
Seeni Parakum,4840,"Beverage industry - To make milkshakes,smoothies, fruit juices",November-January
Kandula,2924,Export to USA as fresh banana,January-December
Sini Kesel,3767,Make flavors- Banana flavorings and extracts to make flavored syrups and drinks,November-January
Kolikuttu,641,make dried and powdered banana peels to use as a supplement in animal feed.,January-December
Sini Kesel,1730,Make natural remedies,November-January
Sini Kesel,4704,Give CBL to make Waffers Biscuits,January-December
Suwandal,2488,Give CBL to make Waffers Biscuits,November-January
Rath Kesel,4493,Textile industry- make banana fibers,November-January
Anamalu,458,"Pharmaceutical industry- Make antioxidants,vitamins by exploring bioactive compound ",January-December
Ambul Kesel,3533,Bakery industry- Banana breads and banana cakes,January-December
Suwandal,3260,Make innorganic fertilizers,January-December
Rath Kesel,672,Make organic fertilizers,November-January
Anamalu,4950,Banana chips ( both sweetened and unsweetened),January-December
Green Banana,2018,"Beverage industry - To make milkshakes,smoothies, fruit juices",November-January
Green Banana,600,Export to USA as fresh banana,January-December
Ambul Kesel,2847,Textile industry- make banana fibers,November-January
Sini Kesel,1241,dehydrated banana chips,January-December
Anamalu,2523,Make organic fertilizers,January-December
Seeni Parakum,1919,Make bioplastics,January-December
Ambul Nadee,2653,Food industry-desserts varieties,January-December
Puwalu,4514,Textile industry- make banana fibers,January-December
Anamalu,2657,Make banana oils are used in cosmatic industry,November-January
Ambul Nadee,3136,Make natural remedies,January-December
Kandula,84,Food industry-desserts varieties,November-January
Green Banana,3946,Make breakfast cereals,January-December
Kolikuttu,4053,Export to USA as fresh banana,January-December
Kandula,3441,Export to USA as fresh banana,January-December
Kandula,1664,Make banana oils are used in cosmatic industry,November-January
Puwalu,2569,Banana flavored craft beers,January-December
Puwalu,1995,Make organic fertilizers,November-January
Puwalu,997,Make flavors- Banana flavorings and extracts to make flavored syrups and drinks,January-December
Suwandal,162,Banana candies,November-January
Ambul Nadee,3582,Food industry-desserts varieties,November-January
Ambul Kesel,641,"Skincare industry- Make skincare products ( Lotions, creams and face masks",November-January
Nethra Palam,3091,Make organic fertilizers,January-December
Suwandal,619,"Skincare industry- Make skincare products ( Lotions, creams and face masks",November-January
Rath Kesel,4780,"Beverage industry - To make milkshakes,smoothies, fruit juices",November-January
Anamalu,2021,"Traditional alcoholic beverages- Banana liqueurs, wine",January-December
Puwalu,406,Make single use plastic alternatives,January-December
Anamalu,536,make dried and powdered banana peels to use as a supplement in animal feed.,January-December
Kolikuttu,4883,Make breakfast cereals,January-December
Seeni Parakum,921,make dried and powdered banana peels to use as a supplement in animal feed.,January-December
Green Banana,518,Banana flavored craft beers,November-January
Anamalu,217,Bakery industry- Banana breads and banana cakes,January-December
Ambul Nadee,1579,make dried and powdered banana peels to use as a supplement in animal feed.,January-December
Puwalu,3605,Make natural remedies,November-January
Puwalu,130,Make tea bags and filters,November-January
Sini Kesel,3647,dehydrated banana chips,November-January
Seeni Parakum,3951,Banana flavored craft beers,January-December
Rath Kesel,4323,Make organic fertilizers,January-December
Rath Kesel,2399,"Pharmaceutical industry- Make antioxidants,vitamins by exploring bioactive compound ",November-January
Nethra Palam,257,Banana candies,January-December
Ambum,2337,Banana chips ( both sweetened and unsweetened),January-December
Nethra Palam,4240,Bakery industry- Banana breads and banana cakes,November-January
Sini Kesel,3953,Give CBL to make Waffers Biscuits,November-January
Sini Kesel,4908,Make innorganic fertilizers,January-December
Sini Kesel,196,Make natural remedies,January-December
Nethra Palam,4699,Make high quality acid free paper from banana stems and leaves,November-January
Puwalu,1530,Brewing and distilling industry- Make banana beer,January-December
Ambul Nadee,3990,Food industry-desserts varieties,November-January
Nethra Palam,555,Banana chips ( both sweetened and unsweetened),January-December
Anamalu,2307,Bakery industry- Banana breads and banana cakes,November-January
Nethra Palam,2448,Textile industry- make banana fibers,November-January
Ambum,3281,make banana silk which is eco friendly and biodegradable,January-December
Seeni Parakum,4690,Banana candies,November-January
Anamalu,1984,Banana flavored craft beers,November-January
Seeni Parakum,2022,Bakery industry- Banana breads and banana cakes,January-December
Ambul Nadee,2518,cosmetic industry- Make haircare treatments with banana extracts,November-January
Green Banana,3815,Export to USA as fresh banana,January-December
Ambum,2755,"Pharmaceutical industry- Make antioxidants,vitamins by exploring bioactive compound ",November-January
Green Banana,3949,Give CBL to make Waffers Biscuits,January-December
Puwalu,1584,Export to USA as fresh banana,November-January
Green Banana,1321,Make breakfast cereals,November-January
Ambul Nadee,4720,make dried and powdered banana peels to use as a supplement in animal feed.,January-December
Rath Kesel,4104,Textile industry- make banana fibers,November-January
Anamalu,3936,"Pharmaceutical industry- Make antioxidants,vitamins by exploring bioactive compound ",November-January
Suwandal,3994,Banana chips ( both sweetened and unsweetened),November-January
Kandula,3811,Make jam and sugary products to the local market,November-January
Rath Kesel,2904,Make bioplastics,November-January
Ambul Nadee,2016,"Skincare industry- Make skincare products ( Lotions, creams and face masks",November-January
Ambum,3537,Make breakfast cereals,November-January
Green Banana,2449,Banana chocolates and sweets,January-December
Sini Kesel,2318,Banana chips ( both sweetened and unsweetened),January-December
Puwalu,1344,Export to USA as fresh banana,November-January
Ambul Kesel,3611,Make high quality acid free paper from banana stems and leaves,January-December
Suwandal,459,dehydrated banana chips,November-January
Rath Kesel,1586,Banana chocolates and sweets,November-January
Seeni Parakum,2391,Brewing and distilling industry- Make banana beer,January-December
Ambum,593,Banana chips ( both sweetened and unsweetened),November-January
Puwalu,3501,Make bioplastics,January-December
Ambul Nadee,2345,Food industry-desserts varieties,January-December
Green Banana,2204,Banana flavored craft beers,November-January
Rath Kesel,3056,Banana chips ( both sweetened and unsweetened),November-January
Nethra Palam,1978,Banana candies,November-January
Rath Kesel,2716,Make bioplastics,November-January
Ambul Kesel,4176,Make jam and sugary products to the local market,November-January
Sini Kesel,4541,Make natural remedies,January-December
Suwandal,1214,Make tea bags and filters,November-January
Ambul Nadee,4537,Make tea bags and filters,January-December
Kolikuttu,4028,Make high quality acid free paper from banana stems and leaves,January-December
Kolikuttu,1427,Make natural remedies,November-January
Ambul Nadee,1458,"Traditional alcoholic beverages- Banana liqueurs, wine",January-December
Puwalu,1869,Banana chocolates and sweets,January-December
Seeni Parakum,4739,Brewing and distilling industry- Make banana beer,November-January
Puwalu,3066,Make high quality acid free paper from banana stems and leaves,January-December
Kolikuttu,2955,Make high quality acid free paper from banana stems and leaves,January-December
Ambul Nadee,3553,Make single use plastic alternatives,January-December
Suwandal,1126,Export to USA as fresh banana,November-January
Rath Kesel,1866,Make flavors- Banana flavorings and extracts to make flavored syrups and drinks,January-December
Ambum,2695,Food industry-desserts varieties,November-January
Kolikuttu,3392,cosmetic industry- Make haircare treatments with banana extracts,January-December
Kolikuttu,4495,Banana flavored craft beers,November-January
Suwandal,3477,Export to USA as fresh banana,January-December
Puwalu,2486,Textile industry- make banana fibers,November-January
Ambul Kesel,907,Make jam and sugary products to the local market,November-January
Ambul Nadee,4479,"Traditional alcoholic beverages- Banana liqueurs, wine",November-January
Sini Kesel,4230,Make tea bags and filters,November-January
Ambum,1533,Make jam and sugary products to the local market,January-December
Kandula,4299,"Skincare industry- Make skincare products ( Lotions, creams and face masks",January-December
Sini Kesel,2997,Give CBL to make Waffers Biscuits,November-January
Suwandal,1605,Banana flavored craft beers,November-January
Anamalu,2529,"Skincare industry- Make skincare products ( Lotions, creams and face masks",January-December
Ambum,3897,Make natural remedies,January-December
Anamalu,3342,"Traditional alcoholic beverages- Banana liqueurs, wine",January-December
Puwalu,3216,"Skincare industry- Make skincare products ( Lotions, creams and face masks",November-January
Ambul Kesel,465,Export to USA as fresh banana,January-December
Sini Kesel,3369,Make flavors- Banana flavorings and extracts to make flavored syrups and drinks,November-January
Ambul Nadee,1414,Make high quality acid free paper from banana stems and leaves,January-December
Ambul Nadee,4535,Brewing and distilling industry- Make banana beer,November-January
Puwalu,80,Food industry-desserts varieties,January-December
Rath Kesel,3182,make dried and powdered banana peels to use as a supplement in animal feed.,November-January
Puwalu,97,Textile industry- make banana fibers,January-December
Puwalu,4581,"Traditional alcoholic beverages- Banana liqueurs, wine",November-January
Nethra Palam,3862,Make bioplastics,January-December
Puwalu,1888,Food industry-desserts varieties,November-January
Kolikuttu,1816,Banana flavored craft beers,November-January
Suwandal,514,Textile industry- make banana fibers,November-January
Sini Kesel,3028,Make innorganic fertilizers,November-January
Green Banana,3800,Bakery industry- Banana breads and banana cakes,January-December
Ambul Kesel,1741,Make organic fertilizers,November-January
Seeni Parakum,680,make banana silk which is eco friendly and biodegradable,January-December
Puwalu,2444,Textile industry- make banana fibers,January-December
Anamalu,1312,"Pharmaceutical industry- Make antioxidants,vitamins by exploring bioactive compound ",January-December
Sini Kesel,167,Make single use plastic alternatives,November-January
Nethra Palam,2202,Make natural remedies,January-December
Ambul Kesel,3821,Make tea bags and filters,January-December
Ambum,4391,"Pharmaceutical industry- Make antioxidants,vitamins by exploring bioactive compound ",November-January
Nethra Palam,3850,Make banana oils are used in cosmatic industry,November-January
Suwandal,235,Bakery industry- Banana breads and banana cakes,January-December
Sini Kesel,4999,Banana flavored craft beers,November-January
Green Banana,3222,Export to USA as fresh banana,November-January
Ambum,1055,"Pharmaceutical industry- Make antioxidants,vitamins by exploring bioactive compound ",November-January
Puwalu,2499,Give CBL to make Waffers Biscuits,January-December
Green Banana,4374,Make jam and sugary products to the local market,November-January
Kandula,4912,"Traditional alcoholic beverages- Banana liqueurs, wine",November-January
Sini Kesel,4591,Banana candies,November-January
Rath Kesel,3958,Banana candies,January-December
Nethra Palam,1373,Make jam and sugary products to the local market,January-December
Seeni Parakum,4151,"Skincare industry- Make skincare products ( Lotions, creams and face masks",January-December
Ambul Kesel,1329,make banana silk which is eco friendly and biodegradable,January-December
Ambul Kesel,2154,Make natural remedies,January-December
Ambul Kesel,3874,Banana flavored craft beers,November-January
Ambum,2279,Export to USA as fresh banana,January-December
Seeni Parakum,3194,Banana candies,January-December
Kolikuttu,3515,Make banana oils are used in cosmatic industry,November-January
Ambum,900,Make innorganic fertilizers,November-January
Green Banana,2253,Make jam and sugary products to the local market,January-December
Ambul Kesel,4637,Make high quality acid free paper from banana stems and leaves,January-December
Kolikuttu,3688,"Beverage industry - To make milkshakes,smoothies, fruit juices",November-January
Ambul Kesel,1241,Food industry-desserts varieties,January-December
Kolikuttu,257,Make single use plastic alternatives,January-December
Ambul Kesel,2246,Banana flavored craft beers,January-December
Ambul Kesel,383,Bakery industry- Banana breads and banana cakes,November-January
Nethra Palam,731,Make banana oils are used in cosmatic industry,November-January
Anamalu,286,Make high quality acid free paper from banana stems and leaves,January-December
Ambul Nadee,4412,make banana silk which is eco friendly and biodegradable,January-December
Ambul Nadee,2348,Make banana oils are used in cosmatic industry,November-January
Rath Kesel,4846,Bakery industry- Banana breads and banana cakes,January-December
Suwandal,3479,Make jam and sugary products to the local market,January-December
Puwalu,489,Make natural remedies,November-January
Ambul Kesel,2651,Banana flavored craft beers,November-January
Ambum,1756,Make bioplastics,November-January
Kandula,3875,Give CBL to make Waffers Biscuits,January-December
Anamalu,2961,Make banana oils are used in cosmatic industry,January-December
Anamalu,3580,Make breakfast cereals,January-December
Suwandal,3997,"Traditional alcoholic beverages- Banana liqueurs, wine",January-December
Ambul Kesel,2263,Make banana oils are used in cosmatic industry,January-December
Nethra Palam,2604,"Pharmaceutical industry- Make antioxidants,vitamins by exploring bioactive compound ",November-January
Ambul Nadee,630,Make tea bags and filters,November-January
Green Banana,205,Make banana oils are used in cosmatic industry,January-December
Suwandal,3523,Make bioplastics,January-December
Nethra Palam,2583,Banana chips ( both sweetened and unsweetened),November-January
Nethra Palam,4719,dehydrated banana chips,January-December
Ambul Kesel,3442,cosmetic industry- Make haircare treatments with banana extracts,November-January
Sini Kesel,2165,Make banana oils are used in cosmatic industry,January-December
Sini Kesel,3576,Make flavors- Banana flavorings and extracts to make flavored syrups and drinks,January-December
Nethra Palam,1900,Brewing and distilling industry- Make banana beer,January-December
Seeni Parakum,946,"Pharmaceutical industry- Make antioxidants,vitamins by exploring bioactive compound ",November-January
Ambul Nadee,2570,make dried and powdered banana peels to use as a supplement in animal feed.,November-January
Nethra Palam,2017,Textile industry- make banana fibers,November-January
Kandula,2707,Give CBL to make Waffers Biscuits,January-December
Ambum,631,"Pharmaceutical industry- Make antioxidants,vitamins by exploring bioactive compound ",January-December
Nethra Palam,2500,Banana candies,November-January
Nethra Palam,2606,Make organic fertilizers,January-December
Kandula,2899,Make natural remedies,November-January
Kolikuttu,4615,Banana chocolates and sweets,January-December
Seeni Parakum,2922,Make single use plastic alternatives,January-December
Ambul Nadee,4471,Food industry-desserts varieties,November-January
Green Banana,1881,Make bioplastics,November-January
Anamalu,806,dehydrated banana chips,January-December
Seeni Parakum,4490,Make banana oils are used in cosmatic industry,November-January
Kandula,1494,"Skincare industry- Make skincare products ( Lotions, creams and face masks",November-January
Nethra Palam,129,"Traditional alcoholic beverages- Banana liqueurs, wine",November-January
Anamalu,1929,Export to USA as fresh banana,November-January
Sini Kesel,2484,Make single use plastic alternatives,November-January
Rath Kesel,1965,Make high quality acid free paper from banana stems and leaves,January-December
Puwalu,3739,Brewing and distilling industry- Make banana beer,January-December
Green Banana,1080,Make flavors- Banana flavorings and extracts to make flavored syrups and drinks,January-December
Seeni Parakum,4219,"Skincare industry- Make skincare products ( Lotions, creams and face masks",January-December
Seeni Parakum,4606,"Traditional alcoholic beverages- Banana liqueurs, wine",November-January
Anamalu,4323,Export to USA as fresh banana,November-January
Nethra Palam,4376,Food industry-desserts varieties,November-January
Ambul Nadee,3913,"Skincare industry- Make skincare products ( Lotions, creams and face masks",November-January
Rath Kesel,635,Make breakfast cereals,January-December
Ambul Nadee,3806,"Traditional alcoholic beverages- Banana liqueurs, wine",November-January
Ambum,106,Make jam and sugary products to the local market,November-January
Seeni Parakum,3863,"Beverage industry - To make milkshakes,smoothies, fruit juices",November-January
Ambul Kesel,4599,Make banana oils are used in cosmatic industry,November-January
Green Banana,1159,Make high quality acid free paper from banana stems and leaves,January-December
Green Banana,2211,Make flavors- Banana flavorings and extracts to make flavored syrups and drinks,January-December
Suwandal,254,Give CBL to make Waffers Biscuits,January-December
Anamalu,4043,Make tea bags and filters,November-January
Seeni Parakum,3258,make dried and powdered banana peels to use as a supplement in animal feed.,January-December
Kolikuttu,2883,"Skincare industry- Make skincare products ( Lotions, creams and face masks",January-December
Sini Kesel,2676,Make jam and sugary products to the local market,January-December
Sini Kesel,1032,Make single use plastic alternatives,January-December
Seeni Parakum,4647,Bakery industry- Banana breads and banana cakes,January-December
Rath Kesel,4044,"Traditional alcoholic beverages- Banana liqueurs, wine",January-December
Puwalu,1378,Export to USA as fresh banana,November-January
Ambul Kesel,4295,Make high quality acid free paper from banana stems and leaves,January-December
Ambum,3865,"Beverage industry - To make milkshakes,smoothies, fruit juices",January-December
Sini Kesel,1372,"Beverage industry - To make milkshakes,smoothies, fruit juices",November-January
Kandula,1802,Give CBL to make Waffers Biscuits,November-January
Green Banana,2556,dehydrated banana chips,January-December
Green Banana,653,Banana chocolates and sweets,January-December
Sini Kesel,4387,Make natural remedies,November-January
Kolikuttu,4115,Banana flavored craft beers,January-December
Ambum,135,"Traditional alcoholic beverages- Banana liqueurs, wine",January-December
Nethra Palam,4598,Make single use plastic alternatives,January-December
Ambul Nadee,916,"Pharmaceutical industry- Make antioxidants,vitamins by exploring bioactive compound ",November-January
Nethra Palam,648,Make banana oils are used in cosmatic industry,January-December
Seeni Parakum,2586,Give CBL to make Waffers Biscuits,January-December
Kolikuttu,4968,Make jam and sugary products to the local market,January-December
Seeni Parakum,3736,Make banana oils are used in cosmatic industry,January-December
Ambul Kesel,174,"Beverage industry - To make milkshakes,smoothies, fruit juices",November-January
Rath Kesel,124,make banana silk which is eco friendly and biodegradable,January-December
Seeni Parakum,1952,Make flavors- Banana flavorings and extracts to make flavored syrups and drinks,November-January
Green Banana,4366,Food industry-desserts varieties,January-December
Nethra Palam,3091,Banana candies,November-January
Kolikuttu,3078,Export to USA as fresh banana,January-December
Nethra Palam,187,Make single use plastic alternatives,November-January
Kandula,2442,"Beverage industry - To make milkshakes,smoothies, fruit juices",November-January
Ambul Kesel,4398,Banana flavored craft beers,November-January
Ambul Kesel,548,"Pharmaceutical industry- Make antioxidants,vitamins by exploring bioactive compound ",January-December
Anamalu,1423,Banana candies,November-January
Suwandal,4984,Make organic fertilizers,November-January
Seeni Parakum,2407,dehydrated banana chips,November-January
Rath Kesel,2978,Banana flavored craft beers,January-December
Suwandal,4051,Make banana oils are used in cosmatic industry,November-January
Seeni Parakum,3527,dehydrated banana chips,November-January
Green Banana,1059,dehydrated banana chips,January-December
Anamalu,121,Make jam and sugary products to the local market,November-January
Sini Kesel,3435,Export to USA as fresh banana,November-January
Ambul Nadee,1077,Make high quality acid free paper from banana stems and leaves,January-December
Green Banana,4045,Make jam and sugary products to the local market,November-January
Sini Kesel,1796,"Pharmaceutical industry- Make antioxidants,vitamins by exploring bioactive compound ",November-January
Anamalu,303,Banana chocolates and sweets,January-December
Ambul Kesel,3350,"Pharmaceutical industry- Make antioxidants,vitamins by exploring bioactive compound ",November-January
Anamalu,584,Give CBL to make Waffers Biscuits,January-December
Sini Kesel,3435,Export to USA as fresh banana,January-December
Rath Kesel,2576,Make breakfast cereals,January-December
Puwalu,1406,"Traditional alcoholic beverages- Banana liqueurs, wine",November-January
Rath Kesel,2303,Make breakfast cereals,January-December
Ambul Nadee,2572,Food industry-desserts varieties,November-January
Suwandal,160,Make single use plastic alternatives,January-December
Ambum,2210,Make flavors- Banana flavorings and extracts to make flavored syrups and drinks,November-January
Rath Kesel,294,Bakery industry- Banana breads and banana cakes,January-December
Puwalu,2019,Banana chocolates and sweets,January-December
Puwalu,3644,"Skincare industry- Make skincare products ( Lotions, creams and face masks",January-December
Puwalu,2845,dehydrated banana chips,November-January
Sini Kesel,3999,Give CBL to make Waffers Biscuits,January-December
Nethra Palam,4191,Make jam and sugary products to the local market,November-January
Nethra Palam,4009,Make flavors- Banana flavorings and extracts to make flavored syrups and drinks,January-December
Ambul Kesel,4341,Make flavors- Banana flavorings and extracts to make flavored syrups and drinks,January-December
Nethra Palam,3810,"Beverage industry - To make milkshakes,smoothies, fruit juices",November-January
Kandula,3832,Make bioplastics,November-January
Anamalu,1848,Make banana oils are used in cosmatic industry,January-December
Ambul Nadee,3740,Food industry-desserts varieties,November-January
Suwandal,3127,Make natural remedies,January-December
Ambum,3714,"Beverage industry - To make milkshakes,smoothies, fruit juices",January-December
Anamalu,3284,Make bioplastics,January-December
Anamalu,4837,Make single use plastic alternatives,November-January
Kolikuttu,2052,Make bioplastics,January-December
Seeni Parakum,4792,Make flavors- Banana flavorings and extracts to make flavored syrups and drinks,January-December
Ambum,575,"Beverage industry - To make milkshakes,smoothies, fruit juices",November-January
Rath Kesel,837,make dried and powdered banana peels to use as a supplement in animal feed.,November-January
Sini Kesel,1469,Make single use plastic alternatives,November-January
Ambul Nadee,1223,make dried and powdered banana peels to use as a supplement in animal feed.,November-January
Sini Kesel,4780,Make breakfast cereals,January-December
Puwalu,66,"Beverage industry - To make milkshakes,smoothies, fruit juices",January-December
Rath Kesel,1122,Bakery industry- Banana breads and banana cakes,January-December
Kandula,750,make banana silk which is eco friendly and biodegradable,January-December
Anamalu,1301,Make single use plastic alternatives,November-January
Puwalu,677,Food industry-desserts varieties,January-December
Ambum,4131,Make innorganic fertilizers,January-December
Anamalu,440,Banana chocolates and sweets,November-January
Sini Kesel,784,cosmetic industry- Make haircare treatments with banana extracts,November-January
Green Banana,1921,Banana candies,January-December
Ambum,4069,Make banana oils are used in cosmatic industry,November-January
Kolikuttu,4893,Make innorganic fertilizers,January-December
Puwalu,4720,Make flavors- Banana flavorings and extracts to make flavored syrups and drinks,January-December
Sini Kesel,808,Make tea bags and filters,January-December
Kolikuttu,4620,dehydrated banana chips,January-December
Green Banana,4612,Make tea bags and filters,November-January
Ambul Nadee,3245,Make natural remedies,November-January
Suwandal,2405,Make bioplastics,January-December
Ambul Kesel,2042,make dried and powdered banana peels to use as a supplement in animal feed.,November-January
Ambum,2433,Give CBL to make Waffers Biscuits,November-January
Green Banana,177,Make high quality acid free paper from banana stems and leaves,November-January
Nethra Palam,2041,Make high quality acid free paper from banana stems and leaves,November-January
Kolikuttu,4835,Banana flavored craft beers,January-December
Ambum,3691,Make single use plastic alternatives,January-December
Ambul Kesel,351,Make innorganic fertilizers,November-January
Ambul Nadee,896,make banana silk which is eco friendly and biodegradable,January-December
Ambul Nadee,1562,cosmetic industry- Make haircare treatments with banana extracts,January-December
Kandula,3370,Make banana oils are used in cosmatic industry,November-January
Nethra Palam,4566,Make innorganic fertilizers,January-December
Sini Kesel,3014,Make jam and sugary products to the local market,November-January
Puwalu,828,Make natural remedies,January-December
Anamalu,4948,Make breakfast cereals,January-December
Ambul Nadee,4609,Give CBL to make Waffers Biscuits,January-December
Green Banana,1854,Banana chips ( both sweetened and unsweetened),November-January
Ambul Nadee,4838,Export to USA as fresh banana,November-January
Nethra Palam,3649,"Pharmaceutical industry- Make antioxidants,vitamins by exploring bioactive compound ",January-December
Ambul Kesel,373,Food industry-desserts varieties,January-December
Suwandal,1591,Make high quality acid free paper from banana stems and leaves,January-December
Green Banana,1411,Make tea bags and filters,November-January
Kandula,4153,Make banana oils are used in cosmatic industry,November-January
Nethra Palam,169,make banana silk which is eco friendly and biodegradable,January-December
Rath Kesel,4337,Food industry-desserts varieties,November-January
Puwalu,2136,make dried and powdered banana peels to use as a supplement in animal feed.,November-January
Anamalu,66,Make single use plastic alternatives,January-December
Seeni Parakum,4810,Bakery industry- Banana breads and banana cakes,November-January
Kandula,854,Make bioplastics,January-December
Suwandal,4400,Make single use plastic alternatives,January-December
Rath Kesel,1041,Textile industry- make banana fibers,January-December
Kandula,4325,Make bioplastics,November-January
Nethra Palam,4815,dehydrated banana chips,November-January
Sini Kesel,959,"Beverage industry - To make milkshakes,smoothies, fruit juices",January-December
Ambul Nadee,2460,cosmetic industry- Make haircare treatments with banana extracts,November-January
Suwandal,2326,Banana chips ( both sweetened and unsweetened),January-December
Puwalu,4399,dehydrated banana chips,January-December
Nethra Palam,680,Make natural remedies,January-December
Nethra Palam,3902,Export to USA as fresh banana,January-December
Sini Kesel,4955,Banana candies,November-January
Nethra Palam,866,Make natural remedies,January-December
Nethra Palam,1642,Make high quality acid free paper from banana stems and leaves,January-December
Anamalu,1473,"Skincare industry- Make skincare products ( Lotions, creams and face masks",November-January
Anamalu,1592,Make jam and sugary products to the local market,November-January
Nethra Palam,722,Make banana oils are used in cosmatic industry,January-December
Rath Kesel,1627,Food industry-desserts varieties,January-December
Puwalu,1382,Brewing and distilling industry- Make banana beer,January-December
Green Banana,3988,make banana silk which is eco friendly and biodegradable,January-December
Ambul Nadee,2300,"Traditional alcoholic beverages- Banana liqueurs, wine",November-January
Ambul Nadee,3111,"Skincare industry- Make skincare products ( Lotions, creams and face masks",January-December
Seeni Parakum,1735,make dried and powdered banana peels to use as a supplement in animal feed.,January-December
Ambum,4746,Make jam and sugary products to the local market,November-January
Puwalu,3604,Make innorganic fertilizers,January-December
Suwandal,3075,Make innorganic fertilizers,January-December
Puwalu,1091,Make tea bags and filters,November-January
Sini Kesel,565,dehydrated banana chips,November-January
Rath Kesel,2025,Brewing and distilling industry- Make banana beer,November-January
Ambul Kesel,926,Make flavors- Banana flavorings and extracts to make flavored syrups and drinks,November-January
Seeni Parakum,2752,dehydrated banana chips,January-December
Rath Kesel,1067,Make organic fertilizers,November-January
Green Banana,1915,dehydrated banana chips,January-December
Suwandal,4560,Make high quality acid free paper from banana stems and leaves,January-December
Ambum,317,Bakery industry- Banana breads and banana cakes,November-January
Rath Kesel,3585,Make banana oils are used in cosmatic industry,November-January
Green Banana,913,Make innorganic fertilizers,January-December
Kandula,2290,Banana flavored craft beers,November-January
Ambul Nadee,4299,Make high quality acid free paper from banana stems and leaves,November-January
Ambul Nadee,410,Food industry-desserts varieties,January-December
Sini Kesel,4906,Make jam and sugary products to the local market,November-January
Sini Kesel,1258,Make flavors- Banana flavorings and extracts to make flavored syrups and drinks,January-December
Ambum,4392,Brewing and distilling industry- Make banana beer,January-December
Ambum,3855,Make natural remedies,January-December
Ambul Nadee,1455,"Pharmaceutical industry- Make antioxidants,vitamins by exploring bioactive compound ",November-January
Ambum,3611,Make banana oils are used in cosmatic industry,November-January
Ambul Nadee,593,Banana chips ( both sweetened and unsweetened),November-January
Ambul Kesel,1764,Food industry-desserts varieties,November-January
Ambul Nadee,291,"Traditional alcoholic beverages- Banana liqueurs, wine",January-December
Ambum,2962,Make breakfast cereals,January-December
Suwandal,3681,Banana chocolates and sweets,January-December
Sini Kesel,2469,Make tea bags and filters,January-December
Anamalu,3606,Banana flavored craft beers,January-December
Ambul Nadee,3079,Brewing and distilling industry- Make banana beer,January-December
Sini Kesel,1784,Make flavors- Banana flavorings and extracts to make flavored syrups and drinks,November-January
Green Banana,444,Make tea bags and filters,November-January
Seeni Parakum,4786,Textile industry- make banana fibers,January-December
Ambul Nadee,631,Export to USA as fresh banana,November-January
Sini Kesel,2052,Make innorganic fertilizers,November-January
Ambum,1929,Make bioplastics,January-December
Ambum,4474,Make tea bags and filters,January-December
Seeni Parakum,2873,dehydrated banana chips,November-January
Ambul Kesel,3564,Make breakfast cereals,November-January
Kandula,1458,Make breakfast cereals,November-January
Puwalu,3537,Banana chocolates and sweets,November-January
Ambul Kesel,1657,Make breakfast cereals,January-December
Green Banana,779,Make flavors- Banana flavorings and extracts to make flavored syrups and drinks,November-January
Puwalu,2416,"Pharmaceutical industry- Make antioxidants,vitamins by exploring bioactive compound ",November-January
Ambum,647,Brewing and distilling industry- Make banana beer,November-January
Puwalu,4659,"Pharmaceutical industry- Make antioxidants,vitamins by exploring bioactive compound ",November-January
Green Banana,2985,"Pharmaceutical industry- Make antioxidants,vitamins by exploring bioactive compound ",January-December
Kandula,2192,Make breakfast cereals,January-December
Seeni Parakum,4515,Bakery industry- Banana breads and banana cakes,January-December
Nethra Palam,201,Banana chips ( both sweetened and unsweetened),November-January
Kolikuttu,1713,"Pharmaceutical industry- Make antioxidants,vitamins by exploring bioactive compound ",November-January
Ambul Nadee,2798,Make jam and sugary products to the local market,November-January
Sini Kesel,2318,Make breakfast cereals,January-December
Sini Kesel,4030,Make banana oils are used in cosmatic industry,November-January
Anamalu,1556,Make high quality acid free paper from banana stems and leaves,November-January
Puwalu,1502,Make bioplastics,November-January
Ambul Nadee,3185,Textile industry- make banana fibers,November-January
Suwandal,4296,Make organic fertilizers,November-January
Ambul Nadee,1283,Make bioplastics,January-December
Ambul Nadee,2007,Make breakfast cereals,November-January
Ambul Kesel,100,Make flavors- Banana flavorings and extracts to make flavored syrups and drinks,November-January
Suwandal,2570,Make bioplastics,November-January
Kolikuttu,2120,Make banana oils are used in cosmatic industry,January-December
Ambum,925,Make innorganic fertilizers,November-January
Seeni Parakum,4609,Make single use plastic alternatives,November-January
Ambum,640,Make bioplastics,January-December
Kandula,226,Make single use plastic alternatives,January-December
Kolikuttu,2399,"Beverage industry - To make milkshakes,smoothies, fruit juices",November-January
Ambul Nadee,1262,"Traditional alcoholic beverages- Banana liqueurs, wine",November-January
Ambum,2094,Banana candies,November-January
Sini Kesel,659,dehydrated banana chips,November-January
Anamalu,4755,Brewing and distilling industry- Make banana beer,January-December
Anamalu,4234,Make bioplastics,January-December
Kandula,4665,"Traditional alcoholic beverages- Banana liqueurs, wine",January-December
Nethra Palam,3466,"Traditional alcoholic beverages- Banana liqueurs, wine",November-January
Rath Kesel,2492,"Beverage industry - To make milkshakes,smoothies, fruit juices",January-December
Ambul Kesel,3740,Make bioplastics,January-December
Kolikuttu,4950,Make single use plastic alternatives,January-December
Puwalu,498,Make natural remedies,November-January
Ambul Nadee,1082,"Skincare industry- Make skincare products ( Lotions, creams and face masks",November-January
Seeni Parakum,3469,"Beverage industry - To make milkshakes,smoothies, fruit juices",November-January
Nethra Palam,4116,make banana silk which is eco friendly and biodegradable,January-December
Puwalu,2727,Make organic fertilizers,January-December
Green Banana,2389,Export to USA as fresh banana,November-January
Ambul Nadee,1050,Make organic fertilizers,January-December
Sini Kesel,1890,Brewing and distilling industry- Make banana beer,January-December
Suwandal,2093,Make bioplastics,November-January
Nethra Palam,2463,"Beverage industry - To make milkshakes,smoothies, fruit juices",January-December
Kandula,2199,Make breakfast cereals,January-December
Suwandal,4533,"Skincare industry- Make skincare products ( Lotions, creams and face masks",November-January
Nethra Palam,4753,"Traditional alcoholic beverages- Banana liqueurs, wine",January-December
Seeni Parakum,2132,Give CBL to make Waffers Biscuits,November-January
Rath Kesel,2872,Make bioplastics,November-January
Kandula,3525,Make single use plastic alternatives,January-December
Ambum,2920,Make breakfast cereals,November-January
Sini Kesel,2048,"Pharmaceutical industry- Make antioxidants,vitamins by exploring bioactive compound ",January-December
Kolikuttu,3721,Give CBL to make Waffers Biscuits,January-December
Seeni Parakum,3937,make banana silk which is eco friendly and biodegradable,January-December
Seeni Parakum,3832,"Pharmaceutical industry- Make antioxidants,vitamins by exploring bioactive compound ",January-December
Ambum,3099,Brewing and distilling industry- Make banana beer,November-January
Ambul Kesel,1930,Make flavors- Banana flavorings and extracts to make flavored syrups and drinks,January-December
Green Banana,4107,Make natural remedies,November-January
Ambul Nadee,2961,Make innorganic fertilizers,November-January
Seeni Parakum,1463,Make flavors- Banana flavorings and extracts to make flavored syrups and drinks,November-January
Ambul Nadee,3811,Banana flavored craft beers,November-January
Seeni Parakum,1218,Brewing and distilling industry- Make banana beer,January-December
Rath Kesel,3510,Bakery industry- Banana breads and banana cakes,November-January
Anamalu,2200,Banana candies,November-January
Nethra Palam,667,Export to USA as fresh banana,January-December
Kolikuttu,1497,"Traditional alcoholic beverages- Banana liqueurs, wine",November-January
Nethra Palam,3358,Textile industry- make banana fibers,January-December
Seeni Parakum,1520,Textile industry- make banana fibers,November-January
Suwandal,4160,Make breakfast cereals,November-January
Ambul Nadee,2889,Give CBL to make Waffers Biscuits,November-January
Anamalu,3857,make dried and powdered banana peels to use as a supplement in animal feed.,January-December
Green Banana,2271,Make single use plastic alternatives,January-December
Suwandal,1323,Make natural remedies,January-December
Nethra Palam,3298,Make innorganic fertilizers,January-December
Seeni Parakum,3068,Textile industry- make banana fibers,November-January
Anamalu,3437,Banana chips ( both sweetened and unsweetened),January-December
Ambul Kesel,3749,"Traditional alcoholic beverages- Banana liqueurs, wine",January-December
Kolikuttu,2848,"Skincare industry- Make skincare products ( Lotions, creams and face masks",January-December
Seeni Parakum,4589,Make natural remedies,November-January
Nethra Palam,3890,Make high quality acid free paper from banana stems and leaves,November-January
Ambul Nadee,4325,Make natural remedies,January-December
Suwandal,3121,dehydrated banana chips,January-December
Ambum,4711,Make jam and sugary products to the local market,November-January
Green Banana,2756,Make flavors- Banana flavorings and extracts to make flavored syrups and drinks,January-December
Puwalu,1609,Give CBL to make Waffers Biscuits,November-January
Sini Kesel,436,Food industry-desserts varieties,January-December
Green Banana,4126,Banana chips ( both sweetened and unsweetened),November-January
Puwalu,3454,make dried and powdered banana peels to use as a supplement in animal feed.,November-January
Kandula,1683,Make natural remedies,November-January
Seeni Parakum,3531,Banana flavored craft beers,January-December
Ambul Nadee,1915,"Skincare industry- Make skincare products ( Lotions, creams and face masks",January-December
Puwalu,4542,Make natural remedies,November-January
Ambum,3060,make banana silk which is eco friendly and biodegradable,January-December
Kandula,3891,Make bioplastics,November-January
Kandula,1092,Textile industry- make banana fibers,November-January
Nethra Palam,1901,Make single use plastic alternatives,November-January
Ambul Nadee,1564,dehydrated banana chips,November-January
Seeni Parakum,2254,Make breakfast cereals,November-January
Ambul Nadee,569,Make bioplastics,November-January
Seeni Parakum,1095,Make innorganic fertilizers,January-December
Suwandal,3294,Make natural remedies,November-January
Green Banana,4597,"Traditional alcoholic beverages- Banana liqueurs, wine",November-January
Nethra Palam,257,Textile industry- make banana fibers,November-January
Rath Kesel,2319,"Beverage industry - To make milkshakes,smoothies, fruit juices",November-January
Green Banana,369,Give CBL to make Waffers Biscuits,November-January
Kandula,682,Make jam and sugary products to the local market,November-January
Ambul Kesel,2110,Bakery industry- Banana breads and banana cakes,January-December
Kandula,3561,make banana silk which is eco friendly and biodegradable,January-December
Kandula,3904,Make single use plastic alternatives,January-December
Ambum,4864,"Pharmaceutical industry- Make antioxidants,vitamins by exploring bioactive compound ",January-December
Suwandal,4728,Make high quality acid free paper from banana stems and leaves,November-January
Ambul Nadee,1300,Make single use plastic alternatives,January-December
Ambum,4878,Make single use plastic alternatives,January-December
Puwalu,4028,Make breakfast cereals,January-December
Kandula,2644,"Pharmaceutical industry- Make antioxidants,vitamins by exploring bioactive compound ",November-January
Anamalu,337,make dried and powdered banana peels to use as a supplement in animal feed.,January-December
Ambul Kesel,1345,make dried and powdered banana peels to use as a supplement in animal feed.,November-January
Ambum,3305,Make organic fertilizers,January-December
Kandula,2505,Food industry-desserts varieties,November-January
Suwandal,2283,Banana chips ( both sweetened and unsweetened),November-January
Suwandal,2756,Banana chips ( both sweetened and unsweetened),November-January
Seeni Parakum,4903,Bakery industry- Banana breads and banana cakes,November-January
Anamalu,1500,Give CBL to make Waffers Biscuits,January-December
Anamalu,1983,Make tea bags and filters,November-January
Ambul Kesel,3768,make dried and powdered banana peels to use as a supplement in animal feed.,November-January
Seeni Parakum,4105,Bakery industry- Banana breads and banana cakes,November-January
Sini Kesel,1715,make banana silk which is eco friendly and biodegradable,January-December
Ambul Nadee,286,Banana chocolates and sweets,January-December
Kolikuttu,3580,Make high quality acid free paper from banana stems and leaves,November-January
Ambum,3938,cosmetic industry- Make haircare treatments with banana extracts,November-January
Sini Kesel,3781,Make breakfast cereals,January-December
Green Banana,3544,Make jam and sugary products to the local market,January-December
Green Banana,1314,Banana candies,November-January
Ambum,4285,Make innorganic fertilizers,November-January
Nethra Palam,3670,"Beverage industry - To make milkshakes,smoothies, fruit juices",November-January
Green Banana,3769,make banana silk which is eco friendly and biodegradable,November-January
Rath Kesel,3143,"Beverage industry - To make milkshakes,smoothies, fruit juices",November-January
Rath Kesel,924,Make jam and sugary products to the local market,January-December
Ambul Kesel,4892,make dried and powdered banana peels to use as a supplement in animal feed.,January-December
Anamalu,4240,make dried and powdered banana peels to use as a supplement in animal feed.,January-December
Ambul Kesel,3786,Make tea bags and filters,November-January
Puwalu,4751,"Pharmaceutical industry- Make antioxidants,vitamins by exploring bioactive compound ",November-January
Ambul Kesel,489,Make bioplastics,January-December
Ambul Kesel,4696,dehydrated banana chips,November-January
Ambum,3578,Make innorganic fertilizers,January-December
Sini Kesel,2099,Make breakfast cereals,January-December
Ambul Kesel,4223,Make natural remedies,January-December
Ambum,1579,Make breakfast cereals,November-January
Puwalu,1463,cosmetic industry- Make haircare treatments with banana extracts,November-January
Ambul Nadee,985,Food industry-desserts varieties,January-December
Green Banana,2100,Give CBL to make Waffers Biscuits,January-December
Ambum,297,Make banana oils are used in cosmatic industry,November-January
Puwalu,743,Make innorganic fertilizers,November-January
Seeni Parakum,412,Make natural remedies,November-January
Nethra Palam,638,Food industry-desserts varieties,January-December
Sini Kesel,1486,Make bioplastics,November-January
Ambul Kesel,3583,Export to USA as fresh banana,November-January
Rath Kesel,4898,Bakery industry- Banana breads and banana cakes,November-January
Puwalu,4189,Make breakfast cereals,January-December
Ambul Kesel,3614,Food industry-desserts varieties,November-January
Seeni Parakum,2620,Make banana oils are used in cosmatic industry,January-December
Anamalu,2066,Banana chips ( both sweetened and unsweetened),November-January
Green Banana,4054,"Beverage industry - To make milkshakes,smoothies, fruit juices",January-December
Puwalu,1980,Make tea bags and filters,November-January
Green Banana,1147,Make single use plastic alternatives,January-December
Rath Kesel,2090,Banana flavored craft beers,November-January
Ambul Nadee,4324,Brewing and distilling industry- Make banana beer,January-December
Sini Kesel,1128,Make organic fertilizers,November-January
Ambul Nadee,421,Banana flavored craft beers,November-January
Kandula,3373,Textile industry- make banana fibers,November-January
Nethra Palam,848,Make banana oils are used in cosmatic industry,November-January
Nethra Palam,2870,Food industry-desserts varieties,January-December
Puwalu,4833,Make natural remedies,January-December
Sini Kesel,1207,make banana silk which is eco friendly and biodegradable,November-January
Ambul Kesel,3693,cosmetic industry- Make haircare treatments with banana extracts,January-December
Ambul Nadee,1128,Textile industry- make banana fibers,November-January
Kandula,1486,Make natural remedies,November-January
Kolikuttu,2112,Textile industry- make banana fibers,November-January
Nethra Palam,4296,"Traditional alcoholic beverages- Banana liqueurs, wine",November-January
Ambul Nadee,2162,"Pharmaceutical industry- Make antioxidants,vitamins by exploring bioactive compound ",November-January
Sini Kesel,431,make dried and powdered banana peels to use as a supplement in animal feed.,November-January
Suwandal,4731,Export to USA as fresh banana,November-January
Seeni Parakum,1353,make banana silk which is eco friendly and biodegradable,November-January
Puwalu,2658,Make organic fertilizers,November-January
Kandula,4199,Banana flavored craft beers,January-December
Puwalu,4668,Food industry-desserts varieties,January-December
Ambum,2224,Make natural remedies,November-January
Ambul Nadee,3220,Make breakfast cereals,November-January
Suwandal,747,Textile industry- make banana fibers,November-January
Puwalu,2254,Make natural remedies,November-January
Rath Kesel,3845,Make single use plastic alternatives,November-January
Sini Kesel,3814,Banana chips ( both sweetened and unsweetened),January-December
Green Banana,3609,dehydrated banana chips,November-January
Anamalu,4718,Banana chips ( both sweetened and unsweetened),November-January
Green Banana,917,make banana silk which is eco friendly and biodegradable,January-December
Anamalu,1630,"Pharmaceutical industry- Make antioxidants,vitamins by exploring bioactive compound ",January-December
Seeni Parakum,723,Banana candies,January-December
Rath Kesel,1856,Make natural remedies,January-December
Puwalu,1916,cosmetic industry- Make haircare treatments with banana extracts,January-December
Ambum,3738,Make natural remedies,November-January
Ambum,4547,Textile industry- make banana fibers,November-January
Rath Kesel,3958,Export to USA as fresh banana,November-January
Ambul Nadee,2223,Make single use plastic alternatives,November-January
Ambul Kesel,3610,Make tea bags and filters,January-December
Puwalu,4551,Food industry-desserts varieties,January-December
Suwandal,476,Make organic fertilizers,January-December
Puwalu,3916,Textile industry- make banana fibers,January-December
Kolikuttu,4202,Bakery industry- Banana breads and banana cakes,January-December
Kandula,3701,cosmetic industry- Make haircare treatments with banana extracts,November-January
Ambul Kesel,1388,make dried and powdered banana peels to use as a supplement in animal feed.,January-December
Nethra Palam,1545,Textile industry- make banana fibers,November-January
Green Banana,690,Food industry-desserts varieties,November-January
Ambum,4783,Make tea bags and filters,January-December
Ambul Kesel,1793,Make bioplastics,January-December
Ambul Kesel,773,Brewing and distilling industry- Make banana beer,November-January
Seeni Parakum,2137,Food industry-desserts varieties,January-December
Ambul Nadee,4604,Make breakfast cereals,January-December
Ambul Nadee,786,Make natural remedies,January-December
Seeni Parakum,828,"Traditional alcoholic beverages- Banana liqueurs, wine",November-January
Ambul Kesel,292,Banana chips ( both sweetened and unsweetened),November-January
Rath Kesel,4323,"Beverage industry - To make milkshakes,smoothies, fruit juices",November-January
Ambul Nadee,2199,Food industry-desserts varieties,November-January
Anamalu,3929,cosmetic industry- Make haircare treatments with banana extracts,January-December
Kandula,2244,dehydrated banana chips,January-December
Kandula,275,Brewing and distilling industry- Make banana beer,November-January
Kolikuttu,752,Export to USA as fresh banana,November-January
Suwandal,2810,"Traditional alcoholic beverages- Banana liqueurs, wine",November-January
Ambul Kesel,4416,Export to USA as fresh banana,November-January
Nethra Palam,4712,Banana flavored craft beers,November-January
Puwalu,1545,make dried and powdered banana peels to use as a supplement in animal feed.,January-December
Ambum,4203,Make bioplastics,January-December
Nethra Palam,1686,Make innorganic fertilizers,January-December
Nethra Palam,3163,Make natural remedies,November-January
Kolikuttu,2509,Make single use plastic alternatives,November-January
Rath Kesel,1832,cosmetic industry- Make haircare treatments with banana extracts,January-December
Anamalu,1066,Textile industry- make banana fibers,November-January
Seeni Parakum,4442,Banana chocolates and sweets,January-December
Ambum,1348,Make single use plastic alternatives,January-December
Ambum,1757,"Pharmaceutical industry- Make antioxidants,vitamins by exploring bioactive compound ",November-January
Suwandal,493,Make organic fertilizers,January-December
Anamalu,2506,Make natural remedies,November-January
Sini Kesel,4273,Bakery industry- Banana breads and banana cakes,January-December
Ambul Nadee,4578,Banana chocolates and sweets,January-December
Seeni Parakum,689,dehydrated banana chips,January-December
Nethra Palam,4885,Banana chocolates and sweets,January-December
Ambul Nadee,4363,Banana chocolates and sweets,November-January
Sini Kesel,3371,Make jam and sugary products to the local market,January-December
Suwandal,1556,Brewing and distilling industry- Make banana beer,November-January
Sini Kesel,4232,Make bioplastics,January-December
Anamalu,1313,Make organic fertilizers,November-January
Ambul Nadee,2874,"Pharmaceutical industry- Make antioxidants,vitamins by exploring bioactive compound ",January-December
Ambul Kesel,2845,Make flavors- Banana flavorings and extracts to make flavored syrups and drinks,January-December
Ambum,2770,Banana candies,November-January
Ambul Nadee,1768,Make single use plastic alternatives,January-December
Rath Kesel,1238,Make organic fertilizers,November-January
Anamalu,1392,Banana flavored craft beers,January-December
Puwalu,5000,Make breakfast cereals,January-December
Ambul Kesel,1741,Make single use plastic alternatives,November-January
Green Banana,2358,Make bioplastics,January-December
Kandula,1881,Make single use plastic alternatives,November-January
Rath Kesel,3325,Give CBL to make Waffers Biscuits,January-December
Sini Kesel,388,dehydrated banana chips,November-January
Puwalu,4464,Export to USA as fresh banana,November-January
Rath Kesel,892,Give CBL to make Waffers Biscuits,November-January
Green Banana,485,Make organic fertilizers,January-December
Nethra Palam,1618,make banana silk which is eco friendly and biodegradable,November-January
Green Banana,2490,cosmetic industry- Make haircare treatments with banana extracts,January-December
Kandula,765,"Pharmaceutical industry- Make antioxidants,vitamins by exploring bioactive compound ",November-January
Green Banana,2791,Make breakfast cereals,November-January
Anamalu,1321,"Pharmaceutical industry- Make antioxidants,vitamins by exploring bioactive compound ",November-January
Suwandal,3935,"Beverage industry - To make milkshakes,smoothies, fruit juices",November-January
Nethra Palam,3244,Make high quality acid free paper from banana stems and leaves,November-January
Green Banana,814,Make natural remedies,January-December
Kandula,1215,Make natural remedies,November-January
Ambul Nadee,1846,Textile industry- make banana fibers,January-December
Rath Kesel,1654,Make bioplastics,January-December
Sini Kesel,718,Banana flavored craft beers,January-December
Sini Kesel,3258,Make flavors- Banana flavorings and extracts to make flavored syrups and drinks,November-January
Anamalu,4843,cosmetic industry- Make haircare treatments with banana extracts,January-December
Green Banana,4000,Export to USA as fresh banana,November-January
Sini Kesel,3507,Banana chips ( both sweetened and unsweetened),January-December
Kandula,198,cosmetic industry- Make haircare treatments with banana extracts,January-December
Nethra Palam,4909,Brewing and distilling industry- Make banana beer,January-December
Ambum,2884,Make natural remedies,January-December
Rath Kesel,4799,Banana candies,January-December
Sini Kesel,2162,"Pharmaceutical industry- Make antioxidants,vitamins by exploring bioactive compound ",January-December
Seeni Parakum,4071,Make jam and sugary products to the local market,January-December
Rath Kesel,2712,cosmetic industry- Make haircare treatments with banana extracts,November-January
Kandula,3269,Make flavors- Banana flavorings and extracts to make flavored syrups and drinks,January-December
Ambul Nadee,2708,Food industry-desserts varieties,January-December
Seeni Parakum,1033,Make tea bags and filters,November-January
Ambul Kesel,2335,Banana chips ( both sweetened and unsweetened),January-December
Rath Kesel,3392,dehydrated banana chips,January-December
Puwalu,3649,dehydrated banana chips,November-January
Ambum,3243,Brewing and distilling industry- Make banana beer,November-January
Sini Kesel,3156,Banana chocolates and sweets,November-January
Kandula,2807,Make natural remedies,January-December
Nethra Palam,4365,Make tea bags and filters,January-December
Ambul Kesel,816,Make natural remedies,January-December
Ambul Kesel,528,"Traditional alcoholic beverages- Banana liqueurs, wine",January-December
Sini Kesel,2495,Make innorganic fertilizers,November-January
Ambul Kesel,4253,Make single use plastic alternatives,November-January
Nethra Palam,3292,Banana candies,November-January
Ambum,3970,Make high quality acid free paper from banana stems and leaves,January-December
Anamalu,2489,Make natural remedies,January-December
Kandula,4096,make dried and powdered banana peels to use as a supplement in animal feed.,November-January
Kandula,1507,make dried and powdered banana peels to use as a supplement in animal feed.,November-January
Nethra Palam,4294,dehydrated banana chips,January-December
Kandula,4068,Make natural remedies,January-December
Ambum,299,"Skincare industry- Make skincare products ( Lotions, creams and face masks",January-December
Ambul Nadee,4586,Bakery industry- Banana breads and banana cakes,November-January
Seeni Parakum,3956,Banana candies,November-January
Seeni Parakum,555,Make single use plastic alternatives,January-December
Kolikuttu,78,Make high quality acid free paper from banana stems and leaves,January-December
Puwalu,2237,Make bioplastics,January-December
Seeni Parakum,4079,cosmetic industry- Make haircare treatments with banana extracts,January-December
Nethra Palam,3953,make banana silk which is eco friendly and biodegradable,January-December
Ambul Nadee,430,Bakery industry- Banana breads and banana cakes,January-December
Green Banana,3027,Make organic fertilizers,November-January
Ambum,3643,Banana flavored craft beers,January-December
Sini Kesel,1214,Make flavors- Banana flavorings and extracts to make flavored syrups and drinks,January-December
Ambum,3889,"Pharmaceutical industry- Make antioxidants,vitamins by exploring bioactive compound ",November-January
Suwandal,3086,make banana silk which is eco friendly and biodegradable,January-December
Nethra Palam,4764,Make banana oils are used in cosmatic industry,January-December
Seeni Parakum,618,"Traditional alcoholic beverages- Banana liqueurs, wine",November-January
Suwandal,1063,Banana candies,November-January
Suwandal,1551,Give CBL to make Waffers Biscuits,January-December
Seeni Parakum,2268,Make tea bags and filters,November-January
Seeni Parakum,3464,Textile industry- make banana fibers,January-December
Anamalu,2965,Banana candies,January-December
Sini Kesel,2939,Textile industry- make banana fibers,November-January
Anamalu,2144,make dried and powdered banana peels to use as a supplement in animal feed.,November-January
Green Banana,1761,Banana chocolates and sweets,January-December
Puwalu,2736,Brewing and distilling industry- Make banana beer,November-January
Puwalu,687,Banana candies,November-January
Nethra Palam,3656,Make flavors- Banana flavorings and extracts to make flavored syrups and drinks,November-January
Sini Kesel,3162,Make jam and sugary products to the local market,November-January
Ambum,1603,dehydrated banana chips,January-December
Nethra Palam,3089,Textile industry- make banana fibers,January-December
Rath Kesel,4368,dehydrated banana chips,November-January
Anamalu,4344,Make organic fertilizers,November-January
Ambul Nadee,3313,"Skincare industry- Make skincare products ( Lotions, creams and face masks",November-January
Seeni Parakum,1509,cosmetic industry- Make haircare treatments with banana extracts,November-January
Ambul Nadee,759,Export to USA as fresh banana,January-December
Nethra Palam,3103,cosmetic industry- Make haircare treatments with banana extracts,January-December
Nethra Palam,4960,Banana candies,November-January
Anamalu,4623,"Traditional alcoholic beverages- Banana liqueurs, wine",January-December
Kandula,4457,Give CBL to make Waffers Biscuits,January-December
Sini Kesel,4395,Banana flavored craft beers,November-January
Seeni Parakum,4524,"Beverage industry - To make milkshakes,smoothies, fruit juices",January-December
Ambum,2187,Make banana oils are used in cosmatic industry,November-January
Sini Kesel,400,Make banana oils are used in cosmatic industry,November-January
Nethra Palam,3848,Banana chips ( both sweetened and unsweetened),January-December
Kolikuttu,687,"Skincare industry- Make skincare products ( Lotions, creams and face masks",November-January
Ambul Kesel,2080,Brewing and distilling industry- Make banana beer,January-December
Suwandal,280,dehydrated banana chips,November-January
Green Banana,4447,Make tea bags and filters,January-December
Ambum,2254,Make flavors- Banana flavorings and extracts to make flavored syrups and drinks,January-December
Kandula,2217,make banana silk which is eco friendly and biodegradable,January-December
Green Banana,2751,Food industry-desserts varieties,January-December
Seeni Parakum,4507,Make organic fertilizers,January-December
Suwandal,1672,dehydrated banana chips,November-January
Rath Kesel,1947,"Skincare industry- Make skincare products ( Lotions, creams and face masks",November-January
Sini Kesel,1218,Export to USA as fresh banana,January-December
Rath Kesel,1903,"Skincare industry- Make skincare products ( Lotions, creams and face masks",January-December
Green Banana,2443,"Traditional alcoholic beverages- Banana liqueurs, wine",January-December
Green Banana,4970,make banana silk which is eco friendly and biodegradable,November-January
Seeni Parakum,1176,Banana flavored craft beers,January-December
Suwandal,3513,Banana chocolates and sweets,November-January
Ambul Nadee,340,Food industry-desserts varieties,November-January
Kolikuttu,1286,dehydrated banana chips,November-January
Kandula,98,Make flavors- Banana flavorings and extracts to make flavored syrups and drinks,January-December
Sini Kesel,4375,Make organic fertilizers,January-December
Kolikuttu,2676,cosmetic industry- Make haircare treatments with banana extracts,January-December
Seeni Parakum,3259,Make flavors- Banana flavorings and extracts to make flavored syrups and drinks,November-January
Anamalu,262,Banana chips ( both sweetened and unsweetened),November-January
Anamalu,706,Banana chips ( both sweetened and unsweetened),January-December
Kandula,1488,Make natural remedies,January-December
Anamalu,4374,Make breakfast cereals,January-December
Puwalu,2099,Make jam and sugary products to the local market,January-December
Nethra Palam,4188,"Skincare industry- Make skincare products ( Lotions, creams and face masks",January-December
Kandula,4476,"Traditional alcoholic beverages- Banana liqueurs, wine",November-January
Sini Kesel,121,make dried and powdered banana peels to use as a supplement in animal feed.,November-January
Rath Kesel,1112,Banana chocolates and sweets,January-December
Green Banana,2009,Banana flavored craft beers,January-December
Puwalu,2445,Make bioplastics,November-January
Seeni Parakum,3426,dehydrated banana chips,January-December
Kolikuttu,1441,Make innorganic fertilizers,November-January
Rath Kesel,4993,Textile industry- make banana fibers,November-January
Anamalu,211,"Pharmaceutical industry- Make antioxidants,vitamins by exploring bioactive compound ",January-December
Sini Kesel,2253,Make breakfast cereals,November-January
Sini Kesel,3234,Export to USA as fresh banana,November-January
Green Banana,4007,Banana candies,January-December
Green Banana,1532,Bakery industry- Banana breads and banana cakes,November-January
Ambul Kesel,2601,Bakery industry- Banana breads and banana cakes,November-January
Rath Kesel,826,Make organic fertilizers,November-January
Nethra Palam,3031,Banana flavored craft beers,November-January
Nethra Palam,3543,Make organic fertilizers,November-January
Kandula,3656,Make single use plastic alternatives,November-January
Rath Kesel,301,Make breakfast cereals,November-January
Ambul Nadee,1693,Banana flavored craft beers,January-December
Sini Kesel,276,Make natural remedies,January-December
Puwalu,1358,Give CBL to make Waffers Biscuits,November-January
Kandula,1751,Make single use plastic alternatives,November-January
Sini Kesel,2965,make banana silk which is eco friendly and biodegradable,November-January
Seeni Parakum,191,Make breakfast cereals,January-December
Puwalu,2220,dehydrated banana chips,November-January
Ambul Nadee,2717,Bakery industry- Banana breads and banana cakes,January-December
Ambum,1690,"Traditional alcoholic beverages- Banana liqueurs, wine",January-December
Ambul Nadee,1834,Banana chips ( both sweetened and unsweetened),January-December
Ambul Nadee,398,Make jam and sugary products to the local market,November-January
Kandula,1843,Give CBL to make Waffers Biscuits,January-December
Anamalu,2171,Banana flavored craft beers,November-January
Anamalu,3686,Food industry-desserts varieties,November-January
Sini Kesel,1916,Export to USA as fresh banana,January-December
Kandula,1821,dehydrated banana chips,January-December
Suwandal,462,make banana silk which is eco friendly and biodegradable,November-January
Ambum,4923,"Skincare industry- Make skincare products ( Lotions, creams and face masks",November-January
Anamalu,2424,Make high quality acid free paper from banana stems and leaves,January-December
Suwandal,2625,Bakery industry- Banana breads and banana cakes,November-January
Rath Kesel,4280,Make high quality acid free paper from banana stems and leaves,November-January
Ambul Nadee,520,Export to USA as fresh banana,November-January
Rath Kesel,2319,Banana candies,January-December
Nethra Palam,1124,dehydrated banana chips,January-December
Ambul Kesel,3415,dehydrated banana chips,November-January
Ambul Kesel,2670,"Traditional alcoholic beverages- Banana liqueurs, wine",January-December
Suwandal,2530,Banana flavored craft beers,November-January
Puwalu,4080,Make innorganic fertilizers,January-December
Kolikuttu,4956,Make bioplastics,January-December
Puwalu,1319,Make jam and sugary products to the local market,November-January
Kandula,446,cosmetic industry- Make haircare treatments with banana extracts,November-January
Kandula,3644,Make flavors- Banana flavorings and extracts to make flavored syrups and drinks,November-January
Rath Kesel,2528,Make organic fertilizers,November-January
Puwalu,4605,Brewing and distilling industry- Make banana beer,January-December
Ambum,98,Export to USA as fresh banana,November-January
Nethra Palam,1809,Make bioplastics,November-January
Nethra Palam,4455,Make natural remedies,January-December
Sini Kesel,436,Make jam and sugary products to the local market,November-January
Ambum,4543,Make natural remedies,January-December
Sini Kesel,4800,Make jam and sugary products to the local market,November-January
Nethra Palam,4641,Make jam and sugary products to the local market,November-January
Green Banana,1578,make dried and powdered banana peels to use as a supplement in animal feed.,November-January
Suwandal,4348,Make high quality acid free paper from banana stems and leaves,November-January
Puwalu,2279,"Traditional alcoholic beverages- Banana liqueurs, wine",November-January
Anamalu,2542,Make high quality acid free paper from banana stems and leaves,January-December
Kolikuttu,1578,Banana flavored craft beers,November-January
Nethra Palam,1030,make dried and powdered banana peels to use as a supplement in animal feed.,November-January
Puwalu,3008,"Traditional alcoholic beverages- Banana liqueurs, wine",January-December
Kandula,2139,cosmetic industry- Make haircare treatments with banana extracts,January-December
Ambul Nadee,4969,Food industry-desserts varieties,January-December
Green Banana,2820,make dried and powdered banana peels to use as a supplement in animal feed.,November-January
Seeni Parakum,3815,Give CBL to make Waffers Biscuits,November-January
Rath Kesel,3353,Food industry-desserts varieties,January-December
Kolikuttu,1277,Make bioplastics,January-December
Green Banana,2407,Make innorganic fertilizers,January-December
Seeni Parakum,339,Make single use plastic alternatives,November-January
Kandula,1696,dehydrated banana chips,November-January
Green Banana,1596,Textile industry- make banana fibers,November-January
Suwandal,4759,Brewing and distilling industry- Make banana beer,November-January
Seeni Parakum,205,make banana silk which is eco friendly and biodegradable,November-January
Rath Kesel,2427,Food industry-desserts varieties,January-December
Nethra Palam,2295,Make flavors- Banana flavorings and extracts to make flavored syrups and drinks,November-January
Ambum,4597,Give CBL to make Waffers Biscuits,January-December
Ambul Nadee,3512,Make single use plastic alternatives,January-December
Seeni Parakum,4388,dehydrated banana chips,November-January
Green Banana,4138,Make breakfast cereals,November-January
Ambul Nadee,495,Banana chips ( both sweetened and unsweetened),November-January
Ambul Nadee,2085,Make flavors- Banana flavorings and extracts to make flavored syrups and drinks,November-January
Ambul Nadee,1292,Banana chocolates and sweets,January-December
Puwalu,3725,Banana chocolates and sweets,January-December
Green Banana,4376,Brewing and distilling industry- Make banana beer,January-December
Ambul Nadee,4863,Textile industry- make banana fibers,January-December
Kandula,311,Give CBL to make Waffers Biscuits,January-December
Sini Kesel,529,Make high quality acid free paper from banana stems and leaves,January-December
Green Banana,3172,"Beverage industry - To make milkshakes,smoothies, fruit juices",November-January
Green Banana,3378,Make natural remedies,November-January
Puwalu,637,Make bioplastics,November-January
Kolikuttu,1983,"Beverage industry - To make milkshakes,smoothies, fruit juices",November-January
Nethra Palam,3119,Make organic fertilizers,November-January
Rath Kesel,3751,Make bioplastics,November-January
Rath Kesel,1476,Make banana oils are used in cosmatic industry,January-December
Kolikuttu,1589,Banana candies,November-January
Suwandal,2672,Make high quality acid free paper from banana stems and leaves,January-December
Anamalu,3544,Banana flavored craft beers,January-December
Green Banana,120,Banana chips ( both sweetened and unsweetened),January-December
Ambul Nadee,2320,Make banana oils are used in cosmatic industry,January-December
Ambul Kesel,1102,"Traditional alcoholic beverages- Banana liqueurs, wine",November-January
Sini Kesel,466,make banana silk which is eco friendly and biodegradable,November-January
Green Banana,4099,Bakery industry- Banana breads and banana cakes,November-January
Rath Kesel,2682,Banana chocolates and sweets,January-December
Kandula,1126,make banana silk which is eco friendly and biodegradable,November-January
Ambum,1904,Make innorganic fertilizers,January-December
Sini Kesel,1752,Brewing and distilling industry- Make banana beer,November-January
Rath Kesel,1326,Brewing and distilling industry- Make banana beer,January-December
Kandula,275,Banana flavored craft beers,November-January
Kandula,1776,Give CBL to make Waffers Biscuits,November-January
Ambul Nadee,1756,Make banana oils are used in cosmatic industry,November-January
Anamalu,773,Bakery industry- Banana breads and banana cakes,November-January
Seeni Parakum,3788,Make innorganic fertilizers,January-December
Puwalu,3080,Banana flavored craft beers,November-January
Suwandal,1439,Make jam and sugary products to the local market,January-December
Ambum,2070,Make banana oils are used in cosmatic industry,January-December
Ambul Nadee,4870,cosmetic industry- Make haircare treatments with banana extracts,January-December
Puwalu,368,Make high quality acid free paper from banana stems and leaves,November-January
Seeni Parakum,2903,"Pharmaceutical industry- Make antioxidants,vitamins by exploring bioactive compound ",November-January
Green Banana,3905,Make innorganic fertilizers,January-December
Rath Kesel,3894,Textile industry- make banana fibers,January-December
Kolikuttu,3967,Give CBL to make Waffers Biscuits,January-December
Ambul Nadee,3900,Banana chips ( both sweetened and unsweetened),January-December
Kandula,2398,Export to USA as fresh banana,January-December
Ambul Nadee,1588,Banana chips ( both sweetened and unsweetened),November-January
Rath Kesel,3269,Give CBL to make Waffers Biscuits,November-January
Suwandal,2140,Make natural remedies,January-December
Anamalu,4866,Make banana oils are used in cosmatic industry,November-January
Nethra Palam,3776,"Beverage industry - To make milkshakes,smoothies, fruit juices",November-January
Anamalu,1781,Banana chips ( both sweetened and unsweetened),January-December
Sini Kesel,2813,"Skincare industry- Make skincare products ( Lotions, creams and face masks",January-December
Suwandal,1941,Textile industry- make banana fibers,January-December
Suwandal,2308,Make jam and sugary products to the local market,January-December
Sini Kesel,941,cosmetic industry- Make haircare treatments with banana extracts,January-December
Suwandal,1890,Make breakfast cereals,January-December
Green Banana,709,Bakery industry- Banana breads and banana cakes,January-December
Kolikuttu,1464,Export to USA as fresh banana,November-January
Nethra Palam,2775,Make natural remedies,January-December
Seeni Parakum,912,Make innorganic fertilizers,January-December
Nethra Palam,1507,Make banana oils are used in cosmatic industry,November-January
Seeni Parakum,1046,Give CBL to make Waffers Biscuits,November-January
Anamalu,970,"Skincare industry- Make skincare products ( Lotions, creams and face masks",November-January
Suwandal,2264,Make innorganic fertilizers,January-December
Anamalu,3028,Give CBL to make Waffers Biscuits,January-December
Sini Kesel,4609,Make flavors- Banana flavorings and extracts to make flavored syrups and drinks,January-December
Green Banana,2390,Make innorganic fertilizers,January-December
Ambum,890,Make bioplastics,January-December
Anamalu,687,"Traditional alcoholic beverages- Banana liqueurs, wine",November-January
Puwalu,1780,"Beverage industry - To make milkshakes,smoothies, fruit juices",January-December
Green Banana,2921,"Beverage industry - To make milkshakes,smoothies, fruit juices",January-December
Sini Kesel,2311,"Beverage industry - To make milkshakes,smoothies, fruit juices",January-December
Ambum,1078,Banana candies,November-January
Puwalu,956,Make banana oils are used in cosmatic industry,January-December
Ambul Nadee,1270,dehydrated banana chips,November-January
Anamalu,4290,Make innorganic fertilizers,November-January
Ambum,438,Make flavors- Banana flavorings and extracts to make flavored syrups and drinks,January-December
Sini Kesel,4984,Make single use plastic alternatives,November-January
Kandula,486,Banana chocolates and sweets,January-December
Seeni Parakum,1572,Banana candies,January-December
Ambul Nadee,1419,Give CBL to make Waffers Biscuits,November-January
Puwalu,3740,"Skincare industry- Make skincare products ( Lotions, creams and face masks",November-January
Kolikuttu,3772,Make jam and sugary products to the local market,January-December
Puwalu,1493,Banana flavored craft beers,November-January
Puwalu,3216,make dried and powdered banana peels to use as a supplement in animal feed.,January-December
Puwalu,3596,"Skincare industry- Make skincare products ( Lotions, creams and face masks",November-January
Sini Kesel,3741,cosmetic industry- Make haircare treatments with banana extracts,January-December
Ambul Nadee,2438,Make natural remedies,January-December
Seeni Parakum,116,Textile industry- make banana fibers,January-December
Suwandal,750,"Beverage industry - To make milkshakes,smoothies, fruit juices",January-December
Sini Kesel,3424,"Beverage industry - To make milkshakes,smoothies, fruit juices",November-January
Rath Kesel,144,Make banana oils are used in cosmatic industry,January-December
Anamalu,3338,make dried and powdered banana peels to use as a supplement in animal feed.,November-January
Ambul Nadee,3228,Banana flavored craft beers,January-December
Green Banana,1016,Export to USA as fresh banana,January-December
Seeni Parakum,4245,Make tea bags and filters,January-December
Kolikuttu,3160,make banana silk which is eco friendly and biodegradable,January-December
Ambul Nadee,2282,Make tea bags and filters,November-January
Anamalu,3131,Make single use plastic alternatives,January-December
Seeni Parakum,4508,"Skincare industry- Make skincare products ( Lotions, creams and face masks",January-December
Sini Kesel,4486,Make breakfast cereals,November-January
Ambul Kesel,2528,Make tea bags and filters,November-January
Green Banana,747,Banana flavored craft beers,January-December
Puwalu,1349,Brewing and distilling industry- Make banana beer,January-December
Seeni Parakum,2922,Make bioplastics,January-December
Nethra Palam,2908,Banana flavored craft beers,November-January
Rath Kesel,4836,"Pharmaceutical industry- Make antioxidants,vitamins by exploring bioactive compound ",January-December
Kolikuttu,1199,Make banana oils are used in cosmatic industry,January-December
Puwalu,4134,cosmetic industry- Make haircare treatments with banana extracts,January-December
Puwalu,2702,"Traditional alcoholic beverages- Banana liqueurs, wine",November-January
Kolikuttu,1492,Banana chocolates and sweets,January-December
Ambul Nadee,3042,Make breakfast cereals,November-January
Kolikuttu,2652,Make breakfast cereals,November-January
Sini Kesel,4184,make banana silk which is eco friendly and biodegradable,January-December
Kandula,2038,Make natural remedies,January-December
Rath Kesel,2208,Make tea bags and filters,January-December
Kolikuttu,4583,"Beverage industry - To make milkshakes,smoothies, fruit juices",November-January
Ambul Nadee,1344,Make banana oils are used in cosmatic industry,November-January
Kolikuttu,356,Textile industry- make banana fibers,November-January
Anamalu,3062,make banana silk which is eco friendly and biodegradable,November-January
Kolikuttu,730,Make breakfast cereals,January-December
Ambum,452,"Skincare industry- Make skincare products ( Lotions, creams and face masks",January-December
Puwalu,257,Make breakfast cereals,November-January
Seeni Parakum,1943,Banana chocolates and sweets,January-December
Sini Kesel,2177,Make jam and sugary products to the local market,January-December
Kandula,3903,Make single use plastic alternatives,November-January
Ambul Kesel,2864,"Beverage industry - To make milkshakes,smoothies, fruit juices",January-December
Ambul Kesel,2854,Banana chips ( both sweetened and unsweetened),November-January
Rath Kesel,1456,dehydrated banana chips,November-January
Sini Kesel,4183,Make organic fertilizers,January-December
Puwalu,2567,Food industry-desserts varieties,November-January
Kolikuttu,2008,Make organic fertilizers,January-December
Suwandal,3954,Banana flavored craft beers,November-January
Suwandal,50,Give CBL to make Waffers Biscuits,November-January
Ambul Kesel,1048,Make high quality acid free paper from banana stems and leaves,January-December
Sini Kesel,3123,Make breakfast cereals,November-January
Kandula,4194,Make banana oils are used in cosmatic industry,January-December
Seeni Parakum,132,Bakery industry- Banana breads and banana cakes,November-January
Kandula,2024,Make jam and sugary products to the local market,November-January
Kolikuttu,1318,Export to USA as fresh banana,January-December
Ambul Kesel,4695,Banana candies,January-December
Green Banana,3669,Make jam and sugary products to the local market,November-January
Ambul Nadee,180,Make flavors- Banana flavorings and extracts to make flavored syrups and drinks,January-December
Ambul Nadee,982,Give CBL to make Waffers Biscuits,January-December
Ambul Kesel,460,dehydrated banana chips,January-December
Seeni Parakum,265,dehydrated banana chips,November-January
Rath Kesel,1759,"Pharmaceutical industry- Make antioxidants,vitamins by exploring bioactive compound ",November-January
Sini Kesel,510,Make breakfast cereals,January-December
Nethra Palam,800,Make single use plastic alternatives,November-January
Ambul Nadee,889,dehydrated banana chips,January-December
Ambul Nadee,3195,Banana flavored craft beers,January-December
Rath Kesel,4908,"Traditional alcoholic beverages- Banana liqueurs, wine",January-December
Nethra Palam,2279,Make jam and sugary products to the local market,January-December
Puwalu,896,"Skincare industry- Make skincare products ( Lotions, creams and face masks",November-January
Suwandal,2274,Brewing and distilling industry- Make banana beer,November-January
Ambul Nadee,2553,Export to USA as fresh banana,January-December
Ambum,887,Banana chips ( both sweetened and unsweetened),November-January
Seeni Parakum,3433,Make breakfast cereals,January-December
Kolikuttu,283,"Pharmaceutical industry- Make antioxidants,vitamins by exploring bioactive compound ",November-January
Anamalu,4546,Make high quality acid free paper from banana stems and leaves,January-December
Ambul Nadee,1157,Banana candies,January-December
Kolikuttu,2227,make banana silk which is eco friendly and biodegradable,January-December
Puwalu,1466,Make flavors- Banana flavorings and extracts to make flavored syrups and drinks,November-January
Green Banana,1594,Make tea bags and filters,January-December
Ambul Kesel,3735,"Beverage industry - To make milkshakes,smoothies, fruit juices",January-December
Suwandal,958,"Beverage industry - To make milkshakes,smoothies, fruit juices",November-January
Sini Kesel,2748,Export to USA as fresh banana,November-January
Suwandal,1993,cosmetic industry- Make haircare treatments with banana extracts,November-January
Kolikuttu,3312,Bakery industry- Banana breads and banana cakes,November-January
Puwalu,1030,Bakery industry- Banana breads and banana cakes,November-January
Kolikuttu,3286,Make high quality acid free paper from banana stems and leaves,January-December
Rath Kesel,4192,Make natural remedies,January-December
Ambul Nadee,727,"Skincare industry- Make skincare products ( Lotions, creams and face masks",January-December
Green Banana,4053,Make breakfast cereals,January-December
Rath Kesel,3011,Textile industry- make banana fibers,January-December
Ambul Nadee,3984,Make banana oils are used in cosmatic industry,November-January
Puwalu,4419,Make organic fertilizers,November-January
Ambul Nadee,2335,Make organic fertilizers,November-January
Ambum,964,Make banana oils are used in cosmatic industry,January-December
Ambum,1410,Make innorganic fertilizers,November-January
Ambul Nadee,1958,dehydrated banana chips,January-December
Puwalu,4066,"Traditional alcoholic beverages- Banana liqueurs, wine",January-December
Puwalu,3437,Make bioplastics,January-December
Ambul Kesel,2488,Banana chips ( both sweetened and unsweetened),January-December
Ambul Nadee,1060,make banana silk which is eco friendly and biodegradable,November-January
Kandula,1787,Make natural remedies,January-December
Puwalu,2457,Export to USA as fresh banana,January-December
Ambul Nadee,1846,Make bioplastics,January-December
Ambul Nadee,2577,Give CBL to make Waffers Biscuits,November-January
Kandula,368,Make innorganic fertilizers,January-December
Suwandal,105,Make tea bags and filters,November-January
Green Banana,72,Export to USA as fresh banana,January-December
Seeni Parakum,98,Banana chips ( both sweetened and unsweetened),November-January
Kolikuttu,2763,Make breakfast cereals,January-December
Rath Kesel,1791,Food industry-desserts varieties,November-January
Ambul Nadee,3805,dehydrated banana chips,November-January
Nethra Palam,1904,Make tea bags and filters,November-January
Puwalu,2790,Export to USA as fresh banana,January-December
Sini Kesel,4326,Make organic fertilizers,November-January
Suwandal,4828,Food industry-desserts varieties,January-December
Ambum,1368,Make tea bags and filters,November-January
Ambum,2699,Give CBL to make Waffers Biscuits,November-January
Rath Kesel,2661,"Skincare industry- Make skincare products ( Lotions, creams and face masks",January-December
Ambul Kesel,3843,Make natural remedies,January-December
Sini Kesel,4163,"Traditional alcoholic beverages- Banana liqueurs, wine",January-December
Seeni Parakum,3496,Make banana oils are used in cosmatic industry,November-January
Ambul Kesel,1076,"Pharmaceutical industry- Make antioxidants,vitamins by exploring bioactive compound ",November-January
Suwandal,3799,Make breakfast cereals,November-January
Ambum,2242,"Pharmaceutical industry- Make antioxidants,vitamins by exploring bioactive compound ",January-December
Rath Kesel,4264,Make flavors- Banana flavorings and extracts to make flavored syrups and drinks,November-January
Kolikuttu,4204,Export to USA as fresh banana,November-January
Anamalu,2964,"Skincare industry- Make skincare products ( Lotions, creams and face masks",January-December
Kolikuttu,4499,"Skincare industry- Make skincare products ( Lotions, creams and face masks",January-December
Green Banana,4668,Make high quality acid free paper from banana stems and leaves,November-January
Suwandal,2493,Make banana oils are used in cosmatic industry,November-January
Ambum,4350,Make flavors- Banana flavorings and extracts to make flavored syrups and drinks,January-December
Ambul Nadee,3897,make banana silk which is eco friendly and biodegradable,January-December
Anamalu,565,Make jam and sugary products to the local market,January-December
Anamalu,3996,Banana candies,January-December
Anamalu,1375,"Beverage industry - To make milkshakes,smoothies, fruit juices",January-December
Anamalu,698,Make tea bags and filters,January-December
Rath Kesel,641,Bakery industry- Banana breads and banana cakes,January-December
Kandula,3569,Make flavors- Banana flavorings and extracts to make flavored syrups and drinks,November-January
Seeni Parakum,1416,make dried and powdered banana peels to use as a supplement in animal feed.,November-January
Kandula,4032,"Beverage industry - To make milkshakes,smoothies, fruit juices",November-January
Kandula,2243,Make single use plastic alternatives,November-January
Ambum,3191,Make banana oils are used in cosmatic industry,January-December
Suwandal,4178,Make organic fertilizers,November-January
Kandula,3317,Banana chips ( both sweetened and unsweetened),January-December
Green Banana,3413,Banana chips ( both sweetened and unsweetened),January-December
Kolikuttu,4180,Make natural remedies,January-December
Puwalu,2589,Textile industry- make banana fibers,January-December
Sini Kesel,4190,"Beverage industry - To make milkshakes,smoothies, fruit juices",January-December
Suwandal,3712,Make jam and sugary products to the local market,November-January
Sini Kesel,416,make banana silk which is eco friendly and biodegradable,January-December
Ambul Nadee,1296,Make tea bags and filters,November-January
Seeni Parakum,383,Banana chips ( both sweetened and unsweetened),January-December
Ambul Nadee,2152,dehydrated banana chips,January-December
Sini Kesel,3994,Textile industry- make banana fibers,January-December
Kolikuttu,4514,Make natural remedies,November-January
Ambum,1098,dehydrated banana chips,November-January
Sini Kesel,3796,make banana silk which is eco friendly and biodegradable,November-January
Anamalu,533,"Skincare industry- Make skincare products ( Lotions, creams and face masks",November-January
Rath Kesel,1274,Textile industry- make banana fibers,November-January
Ambul Nadee,1808,Banana chocolates and sweets,January-December
Kandula,70,"Pharmaceutical industry- Make antioxidants,vitamins by exploring bioactive compound ",November-January
Suwandal,706,"Skincare industry- Make skincare products ( Lotions, creams and face masks",November-January
Anamalu,3118,Make jam and sugary products to the local market,January-December
Nethra Palam,4587,Banana chips ( both sweetened and unsweetened),November-January
Kolikuttu,4245,Food industry-desserts varieties,November-January
Ambul Nadee,3385,Make single use plastic alternatives,January-December
Kandula,757,Banana candies,January-December
Kolikuttu,4468,Bakery industry- Banana breads and banana cakes,November-January
Anamalu,3350,Give CBL to make Waffers Biscuits,November-January
Anamalu,289,Banana chocolates and sweets,January-December
Ambum,4703,Make jam and sugary products to the local market,November-January
Kolikuttu,4946,Make jam and sugary products to the local market,November-January
Seeni Parakum,886,Export to USA as fresh banana,November-January
Ambum,3689,Make single use plastic alternatives,November-January
Kolikuttu,2677,Make banana oils are used in cosmatic industry,November-January
Anamalu,2664,"Pharmaceutical industry- Make antioxidants,vitamins by exploring bioactive compound ",November-January
Ambum,1395,Banana candies,January-December
Sini Kesel,4552,Banana candies,November-January
Ambul Kesel,1328,Banana flavored craft beers,November-January
Anamalu,908,"Traditional alcoholic beverages- Banana liqueurs, wine",November-January
Kandula,1785,Make natural remedies,January-December
Seeni Parakum,1708,"Skincare industry- Make skincare products ( Lotions, creams and face masks",January-December
Suwandal,1340,Export to USA as fresh banana,January-December
Sini Kesel,2012,Make high quality acid free paper from banana stems and leaves,January-December
Sini Kesel,743,Export to USA as fresh banana,January-December
Ambum,1545,Banana candies,November-January
Green Banana,1135,dehydrated banana chips,January-December
Kandula,4009,dehydrated banana chips,January-December
Ambul Kesel,3267,make dried and powdered banana peels to use as a supplement in animal feed.,November-January
Green Banana,55,Make single use plastic alternatives,January-December
Green Banana,2566,make dried and powdered banana peels to use as a supplement in animal feed.,January-December
Ambum,669,Make tea bags and filters,January-December
Seeni Parakum,394,Make tea bags and filters,January-December
Nethra Palam,1973,Export to USA as fresh banana,November-January
Nethra Palam,799,Brewing and distilling industry- Make banana beer,November-January
Kolikuttu,1232,Make flavors- Banana flavorings and extracts to make flavored syrups and drinks,January-December
Anamalu,1213,"Traditional alcoholic beverages- Banana liqueurs, wine",November-January
Puwalu,1529,Make breakfast cereals,November-January
Ambul Kesel,294,Give CBL to make Waffers Biscuits,November-January
Rath Kesel,2601,"Traditional alcoholic beverages- Banana liqueurs, wine",November-January
Sini Kesel,1339,Make high quality acid free paper from banana stems and leaves,January-December
Ambum,2934,Make breakfast cereals,November-January
Puwalu,2553,Bakery industry- Banana breads and banana cakes,January-December
Kolikuttu,1959,dehydrated banana chips,January-December
Green Banana,3037,Make high quality acid free paper from banana stems and leaves,November-January
Ambum,4721,Banana chocolates and sweets,November-January
Anamalu,2081,Bakery industry- Banana breads and banana cakes,January-December
Rath Kesel,2796,Banana chips ( both sweetened and unsweetened),November-January
Suwandal,444,Make banana oils are used in cosmatic industry,January-December
Ambul Kesel,3388,Export to USA as fresh banana,January-December
Ambul Kesel,548,Make jam and sugary products to the local market,November-January
Rath Kesel,1804,Make banana oils are used in cosmatic industry,November-January
Anamalu,595,Make natural remedies,January-December
Puwalu,570,"Beverage industry - To make milkshakes,smoothies, fruit juices",January-December
Green Banana,632,Make jam and sugary products to the local market,November-January
Ambul Kesel,4537,"Traditional alcoholic beverages- Banana liqueurs, wine",November-January
Green Banana,3043,Textile industry- make banana fibers,January-December
Ambul Nadee,3821,Make innorganic fertilizers,November-January
Puwalu,2899,Export to USA as fresh banana,November-January
Suwandal,1476,Make innorganic fertilizers,January-December
Anamalu,4081,Make breakfast cereals,November-January
Rath Kesel,64,Make bioplastics,November-January
Seeni Parakum,319,Food industry-desserts varieties,November-January
Kandula,3142,Export to USA as fresh banana,January-December
Suwandal,3136,Make flavors- Banana flavorings and extracts to make flavored syrups and drinks,November-January
Suwandal,1975,Make bioplastics,January-December
Kolikuttu,763,Make organic fertilizers,January-December
Kandula,4443,Banana flavored craft beers,November-January
Kandula,2426,Make single use plastic alternatives,January-December
Nethra Palam,2068,Make bioplastics,January-December
Kolikuttu,647,Brewing and distilling industry- Make banana beer,January-December
Ambum,4866,Make natural remedies,November-January
Ambul Kesel,690,Brewing and distilling industry- Make banana beer,January-December
Suwandal,1807,Make tea bags and filters,November-January
Rath Kesel,1526,Bakery industry- Banana breads and banana cakes,January-December
Puwalu,3854,Make single use plastic alternatives,January-December
Kolikuttu,3928,Banana flavored craft beers,November-January
Ambul Nadee,4438,Banana chips ( both sweetened and unsweetened),January-December
Puwalu,481,dehydrated banana chips,January-December
Seeni Parakum,815,Give CBL to make Waffers Biscuits,January-December
Suwandal,964,Brewing and distilling industry- Make banana beer,November-January
Ambul Nadee,3768,Make single use plastic alternatives,January-December
Puwalu,2583,Brewing and distilling industry- Make banana beer,November-January
Seeni Parakum,4931,Banana chips ( both sweetened and unsweetened),January-December
Kolikuttu,775,Make flavors- Banana flavorings and extracts to make flavored syrups and drinks,November-January
Kolikuttu,247,"Traditional alcoholic beverages- Banana liqueurs, wine",November-January
Anamalu,3405,Make natural remedies,November-January
Nethra Palam,3418,Make jam and sugary products to the local market,January-December
Kandula,721,"Pharmaceutical industry- Make antioxidants,vitamins by exploring bioactive compound ",January-December
Ambul Nadee,832,Banana chips ( both sweetened and unsweetened),November-January
Ambul Nadee,3219,"Traditional alcoholic beverages- Banana liqueurs, wine",January-December
Green Banana,3823,Banana chocolates and sweets,November-January
Ambul Nadee,3354,"Traditional alcoholic beverages- Banana liqueurs, wine",January-December
Ambul Nadee,885,Banana candies,January-December
Rath Kesel,2235,Give CBL to make Waffers Biscuits,November-January
Rath Kesel,2808,Give CBL to make Waffers Biscuits,November-January
Sini Kesel,932,Make bioplastics,January-December
Kandula,395,"Pharmaceutical industry- Make antioxidants,vitamins by exploring bioactive compound ",January-December
Ambul Nadee,4077,Make innorganic fertilizers,January-December
Rath Kesel,708,Make banana oils are used in cosmatic industry,November-January
Kolikuttu,3843,Banana candies,November-January
Sini Kesel,1207,Bakery industry- Banana breads and banana cakes,January-December
Ambum,459,Make flavors- Banana flavorings and extracts to make flavored syrups and drinks,November-January
Rath Kesel,2939,"Skincare industry- Make skincare products ( Lotions, creams and face masks",November-January
Suwandal,3262,Export to USA as fresh banana,November-January
Sini Kesel,4862,Banana chocolates and sweets,November-January
Sini Kesel,2054,Make banana oils are used in cosmatic industry,November-January
Ambul Kesel,1027,"Skincare industry- Make skincare products ( Lotions, creams and face masks",November-January
Puwalu,3146,dehydrated banana chips,November-January
Green Banana,2275,Banana candies,January-December
Ambul Nadee,4834,"Beverage industry - To make milkshakes,smoothies, fruit juices",November-January
Nethra Palam,1065,Make high quality acid free paper from banana stems and leaves,November-January
Rath Kesel,3081,Banana chips ( both sweetened and unsweetened),January-December
Anamalu,2716,Make bioplastics,January-December
Kolikuttu,4249,"Traditional alcoholic beverages- Banana liqueurs, wine",November-January
Ambul Nadee,3941,Make natural remedies,January-December
Seeni Parakum,767,Give CBL to make Waffers Biscuits,January-December
Kandula,4140,dehydrated banana chips,January-December
Sini Kesel,2464,Export to USA as fresh banana,November-January
Ambul Nadee,4451,Textile industry- make banana fibers,November-January
Anamalu,1188,Banana chocolates and sweets,January-December
Nethra Palam,2943,"Beverage industry - To make milkshakes,smoothies, fruit juices",January-December
Suwandal,1289,cosmetic industry- Make haircare treatments with banana extracts,January-December
Kolikuttu,1811,Bakery industry- Banana breads and banana cakes,January-December
Rath Kesel,3580,"Pharmaceutical industry- Make antioxidants,vitamins by exploring bioactive compound ",January-December
Sini Kesel,2356,Make high quality acid free paper from banana stems and leaves,January-December
Sini Kesel,3427,Make organic fertilizers,January-December
Puwalu,2016,Banana candies,January-December
Rath Kesel,1450,Bakery industry- Banana breads and banana cakes,January-December
Green Banana,3239,Make bioplastics,November-January
Ambul Kesel,1094,Make organic fertilizers,January-December
Kolikuttu,718,Make banana oils are used in cosmatic industry,January-December
Ambum,215,Make breakfast cereals,November-January
Puwalu,1915,Make tea bags and filters,November-January
Ambum,2163,dehydrated banana chips,January-December
Rath Kesel,706,Make breakfast cereals,November-January
Rath Kesel,1540,Make natural remedies,November-January
Ambul Kesel,3076,make banana silk which is eco friendly and biodegradable,January-December
Suwandal,1131,Banana flavored craft beers,January-December
Puwalu,901,Make single use plastic alternatives,November-January
Puwalu,1291,Give CBL to make Waffers Biscuits,November-January
Ambul Nadee,3582,"Skincare industry- Make skincare products ( Lotions, creams and face masks",January-December
Puwalu,2178,"Pharmaceutical industry- Make antioxidants,vitamins by exploring bioactive compound ",November-January
Sini Kesel,1820,Banana flavored craft beers,January-December
Suwandal,3028,Make flavors- Banana flavorings and extracts to make flavored syrups and drinks,November-January
Puwalu,4474,Make high quality acid free paper from banana stems and leaves,January-December
Puwalu,3715,Make jam and sugary products to the local market,January-December
Puwalu,3266,Banana chips ( both sweetened and unsweetened),January-December
Kolikuttu,381,Export to USA as fresh banana,January-December
Nethra Palam,2723,Make organic fertilizers,November-January
Seeni Parakum,4542,Make bioplastics,January-December
Rath Kesel,2450,Make high quality acid free paper from banana stems and leaves,November-January
Kolikuttu,131,Banana candies,January-December
Ambum,3276,Make organic fertilizers,January-December
Rath Kesel,3401,Banana candies,November-January
Kandula,2540,Food industry-desserts varieties,January-December
Ambul Kesel,276,Make bioplastics,January-December
Sini Kesel,4175,Textile industry- make banana fibers,November-January
Seeni Parakum,719,Make jam and sugary products to the local market,November-January
Anamalu,1242,Banana candies,January-December
Nethra Palam,4999,"Beverage industry - To make milkshakes,smoothies, fruit juices",November-January
Kandula,4573,Make tea bags and filters,January-December
Sini Kesel,407,Banana chocolates and sweets,November-January
Rath Kesel,2940,Bakery industry- Banana breads and banana cakes,November-January
Ambul Kesel,1579,"Traditional alcoholic beverages- Banana liqueurs, wine",January-December
Ambul Kesel,755,make banana silk which is eco friendly and biodegradable,January-December
Kandula,740,"Skincare industry- Make skincare products ( Lotions, creams and face masks",November-January
Puwalu,2076,Make organic fertilizers,November-January
Rath Kesel,1224,Make natural remedies,November-January
Sini Kesel,4688,Banana flavored craft beers,January-December
Puwalu,4251,Make banana oils are used in cosmatic industry,January-December
Kandula,4032,Give CBL to make Waffers Biscuits,January-December
Ambul Nadee,1028,Banana flavored craft beers,November-January
Nethra Palam,2666,Make organic fertilizers,January-December
Suwandal,414,Make banana oils are used in cosmatic industry,November-January
Kolikuttu,1210,Make innorganic fertilizers,January-December
Puwalu,1811,make dried and powdered banana peels to use as a supplement in animal feed.,January-December
Suwandal,3176,Make banana oils are used in cosmatic industry,November-January
Kandula,2659,Make single use plastic alternatives,November-January
Green Banana,1134,"Traditional alcoholic beverages- Banana liqueurs, wine",January-December
Sini Kesel,1078,"Traditional alcoholic beverages- Banana liqueurs, wine",November-January
Green Banana,3249,Make banana oils are used in cosmatic industry,November-January
Ambum,4656,"Traditional alcoholic beverages- Banana liqueurs, wine",November-January
Anamalu,449,Make single use plastic alternatives,January-December
Nethra Palam,3333,Make bioplastics,January-December
Sini Kesel,2407,Make tea bags and filters,January-December
Suwandal,2704,Brewing and distilling industry- Make banana beer,January-December
Ambum,4335,"Pharmaceutical industry- Make antioxidants,vitamins by exploring bioactive compound ",November-January
Suwandal,1572,Banana chips ( both sweetened and unsweetened),November-January
Sini Kesel,2339,Make natural remedies,November-January
Kandula,1023,Textile industry- make banana fibers,January-December
Anamalu,1560,make banana silk which is eco friendly and biodegradable,November-January
Nethra Palam,2858,Brewing and distilling industry- Make banana beer,November-January
Kandula,823,cosmetic industry- Make haircare treatments with banana extracts,January-December
Kandula,572,Banana chocolates and sweets,November-January
Green Banana,725,Food industry-desserts varieties,November-January
Sini Kesel,1038,Make jam and sugary products to the local market,November-January
Suwandal,824,cosmetic industry- Make haircare treatments with banana extracts,January-December
Rath Kesel,2919,Give CBL to make Waffers Biscuits,January-December
Anamalu,2507,Bakery industry- Banana breads and banana cakes,November-January
Ambum,4019,cosmetic industry- Make haircare treatments with banana extracts,January-December
Green Banana,1992,Make high quality acid free paper from banana stems and leaves,January-December
Ambul Kesel,4916,Make natural remedies,January-December
Ambul Nadee,3697,Food industry-desserts varieties,January-December
Kandula,2634,Make high quality acid free paper from banana stems and leaves,January-December
Ambul Nadee,3147,"Skincare industry- Make skincare products ( Lotions, creams and face masks",November-January
Kandula,1821,Make natural remedies,November-January
Green Banana,2482,Brewing and distilling industry- Make banana beer,January-December
Rath Kesel,573,Make organic fertilizers,January-December
Puwalu,3728,"Traditional alcoholic beverages- Banana liqueurs, wine",January-December
Suwandal,3108,Make banana oils are used in cosmatic industry,January-December
Green Banana,1319,make banana silk which is eco friendly and biodegradable,January-December
Nethra Palam,3406,Make flavors- Banana flavorings and extracts to make flavored syrups and drinks,January-December
Kandula,122,Make bioplastics,November-January
Suwandal,2187,Textile industry- make banana fibers,November-January
Ambum,497,Bakery industry- Banana breads and banana cakes,November-January
Seeni Parakum,1907,make dried and powdered banana peels to use as a supplement in animal feed.,November-January
Suwandal,1092,Banana candies,January-December
Puwalu,2270,Banana flavored craft beers,November-January
Nethra Palam,2431,Make innorganic fertilizers,November-January
Anamalu,3714,Make natural remedies,January-December
Seeni Parakum,2869,"Pharmaceutical industry- Make antioxidants,vitamins by exploring bioactive compound ",November-January
Seeni Parakum,3263,Food industry-desserts varieties,January-December
Anamalu,3359,Make jam and sugary products to the local market,January-December
Suwandal,1103,dehydrated banana chips,November-January
Kandula,2445,Make natural remedies,January-December
Sini Kesel,4986,Banana flavored craft beers,November-January
Sini Kesel,4677,"Skincare industry- Make skincare products ( Lotions, creams and face masks",January-December
Rath Kesel,1301,Make innorganic fertilizers,January-December
Anamalu,3813,dehydrated banana chips,January-December
Sini Kesel,728,make dried and powdered banana peels to use as a supplement in animal feed.,January-December
Anamalu,91,"Beverage industry - To make milkshakes,smoothies, fruit juices",January-December
Anamalu,3887,Food industry-desserts varieties,November-January
Puwalu,3348,Make high quality acid free paper from banana stems and leaves,November-January
Ambul Kesel,4421,Make natural remedies,November-January
Ambul Kesel,164,Make tea bags and filters,November-January
Nethra Palam,794,"Pharmaceutical industry- Make antioxidants,vitamins by exploring bioactive compound ",November-January
Kolikuttu,4212,cosmetic industry- Make haircare treatments with banana extracts,January-December
Seeni Parakum,1404,"Pharmaceutical industry- Make antioxidants,vitamins by exploring bioactive compound ",January-December
Suwandal,1930,"Pharmaceutical industry- Make antioxidants,vitamins by exploring bioactive compound ",November-January
Sini Kesel,1564,make banana silk which is eco friendly and biodegradable,November-January
Ambul Kesel,1267,Textile industry- make banana fibers,January-December
Nethra Palam,2000,Banana chips ( both sweetened and unsweetened),November-January
Ambum,1757,Make single use plastic alternatives,November-January
Rath Kesel,3082,Make banana oils are used in cosmatic industry,January-December
Ambul Nadee,2291,Make high quality acid free paper from banana stems and leaves,November-January
Anamalu,1429,Textile industry- make banana fibers,January-December
Kandula,1530,Export to USA as fresh banana,November-January
Kandula,847,Food industry-desserts varieties,January-December
Green Banana,3721,"Pharmaceutical industry- Make antioxidants,vitamins by exploring bioactive compound ",January-December
Seeni Parakum,1435,Make innorganic fertilizers,November-January
Suwandal,1760,Make jam and sugary products to the local market,January-December
Suwandal,4252,Make breakfast cereals,January-December
Ambum,4877,Make tea bags and filters,January-December
Suwandal,1026,Make high quality acid free paper from banana stems and leaves,November-January
Kandula,3654,Bakery industry- Banana breads and banana cakes,November-January
Kandula,4405,Banana candies,January-December
Ambul Nadee,4559,dehydrated banana chips,January-December
Ambul Kesel,3887,Brewing and distilling industry- Make banana beer,January-December
Seeni Parakum,55,Make breakfast cereals,November-January
Kandula,1367,"Beverage industry - To make milkshakes,smoothies, fruit juices",January-December
Rath Kesel,4201,Make bioplastics,November-January
Kandula,4899,"Traditional alcoholic beverages- Banana liqueurs, wine",November-January
Suwandal,625,Make jam and sugary products to the local market,January-December
Ambul Kesel,3473,Make jam and sugary products to the local market,January-December
Rath Kesel,3695,Export to USA as fresh banana,January-December
Sini Kesel,2376,Make innorganic fertilizers,November-January
Nethra Palam,3900,Make flavors- Banana flavorings and extracts to make flavored syrups and drinks,January-December
Puwalu,3283,Make innorganic fertilizers,November-January
Kandula,2638,Give CBL to make Waffers Biscuits,November-January
Kolikuttu,1582,Give CBL to make Waffers Biscuits,November-January
Sini Kesel,4060,"Traditional alcoholic beverages- Banana liqueurs, wine",January-December
Kolikuttu,3696,Food industry-desserts varieties,November-January
Puwalu,4188,Make tea bags and filters,November-January
Suwandal,371,"Pharmaceutical industry- Make antioxidants,vitamins by exploring bioactive compound ",November-January
Puwalu,1838,Make tea bags and filters,November-January
Kandula,3010,Make single use plastic alternatives,January-December
Rath Kesel,1478,Make organic fertilizers,January-December
Kolikuttu,3933,cosmetic industry- Make haircare treatments with banana extracts,November-January
Rath Kesel,2713,Make tea bags and filters,January-December
Seeni Parakum,3241,Make flavors- Banana flavorings and extracts to make flavored syrups and drinks,November-January
Seeni Parakum,2992,make dried and powdered banana peels to use as a supplement in animal feed.,January-December
Suwandal,3990,Food industry-desserts varieties,January-December
Ambul Kesel,4307,dehydrated banana chips,November-January
Suwandal,233,Make jam and sugary products to the local market,November-January
Puwalu,3364,Food industry-desserts varieties,January-December
Ambul Nadee,1200,Banana flavored craft beers,November-January
Sini Kesel,1735,Make organic fertilizers,January-December
Rath Kesel,327,Brewing and distilling industry- Make banana beer,November-January
Ambum,3295,Make organic fertilizers,November-January
Seeni Parakum,1860,"Traditional alcoholic beverages- Banana liqueurs, wine",November-January
Ambul Nadee,3562,Food industry-desserts varieties,November-January
Kandula,1202,Make innorganic fertilizers,January-December
Ambum,4425,"Pharmaceutical industry- Make antioxidants,vitamins by exploring bioactive compound ",January-December
Puwalu,3238,Banana flavored craft beers,November-January
Kandula,2751,Make breakfast cereals,January-December
Ambul Nadee,4002,Textile industry- make banana fibers,January-December
Ambum,3498,Make natural remedies,January-December
Puwalu,4503,Textile industry- make banana fibers,November-January
Nethra Palam,2577,Make flavors- Banana flavorings and extracts to make flavored syrups and drinks,January-December
Anamalu,3605,Food industry-desserts varieties,November-January
Sini Kesel,2585,cosmetic industry- Make haircare treatments with banana extracts,November-January
Suwandal,2552,Make single use plastic alternatives,January-December
Green Banana,1369,Brewing and distilling industry- Make banana beer,November-January
Anamalu,2417,Food industry-desserts varieties,January-December
Seeni Parakum,258,Make tea bags and filters,January-December
Seeni Parakum,297,cosmetic industry- Make haircare treatments with banana extracts,January-December
Kandula,1911,Bakery industry- Banana breads and banana cakes,January-December
Seeni Parakum,3008,dehydrated banana chips,November-January
Puwalu,2477,make dried and powdered banana peels to use as a supplement in animal feed.,November-January
Suwandal,632,Banana chips ( both sweetened and unsweetened),January-December
Seeni Parakum,301,"Skincare industry- Make skincare products ( Lotions, creams and face masks",November-January
Green Banana,1010,dehydrated banana chips,November-January
Seeni Parakum,720,Textile industry- make banana fibers,November-January
Ambul Nadee,911,Make innorganic fertilizers,November-January
Ambul Kesel,2333,Banana chips ( both sweetened and unsweetened),November-January
Ambul Kesel,3410,Export to USA as fresh banana,November-January
Anamalu,4470,Banana flavored craft beers,November-January
Ambum,482,Make banana oils are used in cosmatic industry,November-January
Kandula,75,cosmetic industry- Make haircare treatments with banana extracts,January-December
Nethra Palam,232,Textile industry- make banana fibers,January-December
Ambul Kesel,1106,Give CBL to make Waffers Biscuits,November-January
Kolikuttu,4265,cosmetic industry- Make haircare treatments with banana extracts,January-December
Nethra Palam,4683,Make flavors- Banana flavorings and extracts to make flavored syrups and drinks,January-December
Kolikuttu,3152,Make organic fertilizers,November-January
Green Banana,3854,Make flavors- Banana flavorings and extracts to make flavored syrups and drinks,November-January
Kandula,3691,make banana silk which is eco friendly and biodegradable,January-December
Rath Kesel,4431,Make natural remedies,January-December
Green Banana,1448,Banana flavored craft beers,November-January
Nethra Palam,1478,Brewing and distilling industry- Make banana beer,January-December
Nethra Palam,2803,make dried and powdered banana peels to use as a supplement in animal feed.,January-December
Rath Kesel,1258,"Beverage industry - To make milkshakes,smoothies, fruit juices",November-January
Seeni Parakum,3482,Make innorganic fertilizers,January-December
Kandula,540,Bakery industry- Banana breads and banana cakes,November-January
Nethra Palam,2028,Make banana oils are used in cosmatic industry,January-December
Suwandal,329,Make innorganic fertilizers,January-December
Nethra Palam,4141,Banana chocolates and sweets,November-January
Seeni Parakum,2489,Make banana oils are used in cosmatic industry,November-January
Rath Kesel,1598,"Pharmaceutical industry- Make antioxidants,vitamins by exploring bioactive compound ",November-January
Suwandal,2507,Export to USA as fresh banana,November-January
Kandula,3073,Make single use plastic alternatives,November-January
Seeni Parakum,3336,Banana flavored craft beers,November-January
Ambul Nadee,3159,"Pharmaceutical industry- Make antioxidants,vitamins by exploring bioactive compound ",November-January
Ambul Nadee,281,Give CBL to make Waffers Biscuits,November-January
Kandula,1432,"Beverage industry - To make milkshakes,smoothies, fruit juices",January-December
Ambul Kesel,131,Make organic fertilizers,January-December
Kolikuttu,1516,Give CBL to make Waffers Biscuits,November-January
Anamalu,1427,make dried and powdered banana peels to use as a supplement in animal feed.,November-January
Seeni Parakum,2346,Textile industry- make banana fibers,November-January
Green Banana,387,dehydrated banana chips,November-January
Suwandal,4693,Food industry-desserts varieties,November-January
Sini Kesel,2269,Food industry-desserts varieties,January-December
Rath Kesel,2916,Export to USA as fresh banana,January-December
Anamalu,677,make dried and powdered banana peels to use as a supplement in animal feed.,January-December
Rath Kesel,2519,Export to USA as fresh banana,November-January
Puwalu,1661,Make jam and sugary products to the local market,January-December
Rath Kesel,2412,"Beverage industry - To make milkshakes,smoothies, fruit juices",November-January
Ambul Nadee,910,make dried and powdered banana peels to use as a supplement in animal feed.,January-December
Rath Kesel,1863,Make tea bags and filters,November-January
Rath Kesel,2607,Make single use plastic alternatives,January-December
Nethra Palam,574,"Pharmaceutical industry- Make antioxidants,vitamins by exploring bioactive compound ",November-January
Green Banana,2434,Make natural remedies,November-January
Kandula,4159,Export to USA as fresh banana,November-January
Green Banana,4073,Brewing and distilling industry- Make banana beer,November-January
Suwandal,3141,Make single use plastic alternatives,January-December
Ambul Nadee,871,"Beverage industry - To make milkshakes,smoothies, fruit juices",November-January
Ambul Nadee,3931,Banana candies,November-January
Green Banana,1574,Banana chocolates and sweets,November-January
Suwandal,490,Banana chips ( both sweetened and unsweetened),January-December
Ambul Kesel,3340,Banana chocolates and sweets,January-December
Ambul Kesel,1012,dehydrated banana chips,November-January
Sini Kesel,1528,Make banana oils are used in cosmatic industry,January-December
Green Banana,3922,cosmetic industry- Make haircare treatments with banana extracts,January-December
Sini Kesel,3259,"Beverage industry - To make milkshakes,smoothies, fruit juices",January-December
Suwandal,1454,Make single use plastic alternatives,November-January
Seeni Parakum,3318,Banana chocolates and sweets,January-December
Puwalu,2253,Textile industry- make banana fibers,November-January
Suwandal,2073,"Beverage industry - To make milkshakes,smoothies, fruit juices",January-December
Ambul Kesel,659,Make organic fertilizers,January-December
Ambul Nadee,4691,Food industry-desserts varieties,November-January
Rath Kesel,1120,make dried and powdered banana peels to use as a supplement in animal feed.,November-January
Ambul Kesel,1541,Make natural remedies,November-January
Rath Kesel,1349,Brewing and distilling industry- Make banana beer,January-December
Puwalu,3274,Make tea bags and filters,November-January
Ambum,3210,Banana chips ( both sweetened and unsweetened),January-December
Rath Kesel,946,Make innorganic fertilizers,November-January
Seeni Parakum,4745,Banana candies,January-December
Nethra Palam,3926,"Beverage industry - To make milkshakes,smoothies, fruit juices",November-January
Ambum,2008,Textile industry- make banana fibers,November-January
Nethra Palam,1564,dehydrated banana chips,November-January
Ambul Kesel,3309,dehydrated banana chips,January-December
Ambul Nadee,3578,Food industry-desserts varieties,November-January
Sini Kesel,2166,Banana chocolates and sweets,November-January
Green Banana,1718,make banana silk which is eco friendly and biodegradable,January-December
Nethra Palam,1553,Make bioplastics,January-December
Nethra Palam,4493,Make breakfast cereals,November-January
Rath Kesel,2865,Make breakfast cereals,January-December
Nethra Palam,1473,Banana candies,January-December
Kandula,1861,Bakery industry- Banana breads and banana cakes,January-December
Puwalu,708,dehydrated banana chips,January-December
Seeni Parakum,2977,Make tea bags and filters,January-December
Puwalu,3876,Make bioplastics,November-January
Green Banana,4260,make dried and powdered banana peels to use as a supplement in animal feed.,November-January
Ambul Nadee,1858,Banana flavored craft beers,November-January
Green Banana,3759,Make high quality acid free paper from banana stems and leaves,November-January
Kandula,1278,Make natural remedies,November-January
Nethra Palam,2468,Banana chocolates and sweets,November-January
Green Banana,1977,"Traditional alcoholic beverages- Banana liqueurs, wine",January-December
Seeni Parakum,3463,Make single use plastic alternatives,January-December
Green Banana,4958,"Pharmaceutical industry- Make antioxidants,vitamins by exploring bioactive compound ",January-December
Rath Kesel,1730,Make high quality acid free paper from banana stems and leaves,January-December
Ambum,2407,Banana chips ( both sweetened and unsweetened),January-December
Green Banana,3608,make banana silk which is eco friendly and biodegradable,November-January
Suwandal,983,Export to USA as fresh banana,January-December
Ambul Kesel,3024,"Pharmaceutical industry- Make antioxidants,vitamins by exploring bioactive compound ",November-January
Green Banana,1021,make banana silk which is eco friendly and biodegradable,January-December
Rath Kesel,4688,Make flavors- Banana flavorings and extracts to make flavored syrups and drinks,November-January
Seeni Parakum,1819,Make bioplastics,November-January
Kandula,3757,Make tea bags and filters,November-January
Rath Kesel,4901,Banana flavored craft beers,January-December
Kolikuttu,4733,Make single use plastic alternatives,November-January
Nethra Palam,766,Make banana oils are used in cosmatic industry,November-January
Puwalu,654,Make bioplastics,January-December
Anamalu,1828,cosmetic industry- Make haircare treatments with banana extracts,November-January
Rath Kesel,3937,Export to USA as fresh banana,November-January
Ambul Kesel,384,Make jam and sugary products to the local market,November-January
Seeni Parakum,4439,Give CBL to make Waffers Biscuits,November-January
Ambul Nadee,2304,dehydrated banana chips,November-January
Suwandal,1466,dehydrated banana chips,January-December
Nethra Palam,4649,dehydrated banana chips,November-January
Ambul Nadee,4278,Banana candies,November-January
Ambul Kesel,654,Make high quality acid free paper from banana stems and leaves,January-December
Seeni Parakum,3893,"Skincare industry- Make skincare products ( Lotions, creams and face masks",November-January
Ambul Nadee,3876,Make organic fertilizers,January-December
Suwandal,1380,Textile industry- make banana fibers,January-December
Ambum,2732,make dried and powdered banana peels to use as a supplement in animal feed.,November-January
Rath Kesel,3542,"Traditional alcoholic beverages- Banana liqueurs, wine",January-December
Seeni Parakum,2571,Banana candies,January-December
Nethra Palam,1872,Banana chips ( both sweetened and unsweetened),January-December
Ambum,1989,make dried and powdered banana peels to use as a supplement in animal feed.,November-January
Ambum,3355,Export to USA as fresh banana,January-December
Nethra Palam,4057,Make high quality acid free paper from banana stems and leaves,November-January
Puwalu,498,Make organic fertilizers,November-January
Rath Kesel,913,Banana flavored craft beers,January-December
Ambul Nadee,4609,"Skincare industry- Make skincare products ( Lotions, creams and face masks",November-January
Puwalu,1407,Make tea bags and filters,January-December
Suwandal,4530,"Traditional alcoholic beverages- Banana liqueurs, wine",January-December
Seeni Parakum,3225,cosmetic industry- Make haircare treatments with banana extracts,November-January
Suwandal,4249,Make single use plastic alternatives,January-December
Sini Kesel,1959,Make innorganic fertilizers,November-January
Kolikuttu,4751,cosmetic industry- Make haircare treatments with banana extracts,January-December
Nethra Palam,411,cosmetic industry- Make haircare treatments with banana extracts,November-January
Puwalu,2406,Banana flavored craft beers,November-January
Green Banana,2010,Food industry-desserts varieties,November-January
Ambul Nadee,1903,cosmetic industry- Make haircare treatments with banana extracts,November-January
Seeni Parakum,3382,Make bioplastics,November-January
Suwandal,303,Make single use plastic alternatives,January-December
Nethra Palam,4427,Make high quality acid free paper from banana stems and leaves,January-December
Ambul Nadee,3649,cosmetic industry- Make haircare treatments with banana extracts,January-December
Nethra Palam,2236,"Pharmaceutical industry- Make antioxidants,vitamins by exploring bioactive compound ",November-January
Kandula,4316,Banana chocolates and sweets,January-December
Ambum,895,Make jam and sugary products to the local market,January-December
Seeni Parakum,3080,Textile industry- make banana fibers,January-December
Ambul Kesel,2086,"Beverage industry - To make milkshakes,smoothies, fruit juices",January-December
Sini Kesel,302,"Traditional alcoholic beverages- Banana liqueurs, wine",November-January
Nethra Palam,892,dehydrated banana chips,January-December
Nethra Palam,3505,Make natural remedies,January-December
Seeni Parakum,1546,Banana flavored craft beers,November-January
Green Banana,4492,Make innorganic fertilizers,November-January
Green Banana,3843,"Pharmaceutical industry- Make antioxidants,vitamins by exploring bioactive compound ",November-January
Ambul Kesel,461,Give CBL to make Waffers Biscuits,January-December
Kolikuttu,224,Export to USA as fresh banana,November-January
Rath Kesel,3567,Make natural remedies,November-January
Kolikuttu,2973,Make organic fertilizers,January-December
Kandula,1338,Make jam and sugary products to the local market,November-January
Suwandal,2047,Make banana oils are used in cosmatic industry,January-December
Sini Kesel,3823,dehydrated banana chips,January-December
Sini Kesel,1953,Textile industry- make banana fibers,November-January
Nethra Palam,947,"Skincare industry- Make skincare products ( Lotions, creams and face masks",January-December
Suwandal,3031,Make bioplastics,January-December
Suwandal,960,make dried and powdered banana peels to use as a supplement in animal feed.,November-January
Seeni Parakum,2808,dehydrated banana chips,November-January
Green Banana,3272,dehydrated banana chips,November-January
Green Banana,301,Make bioplastics,January-December
Sini Kesel,2622,Make high quality acid free paper from banana stems and leaves,January-December
Seeni Parakum,4564,Brewing and distilling industry- Make banana beer,November-January
Suwandal,1455,Banana flavored craft beers,January-December
Rath Kesel,3805,Food industry-desserts varieties,January-December
Green Banana,1324,Make natural remedies,November-January
Nethra Palam,1930,"Beverage industry - To make milkshakes,smoothies, fruit juices",November-January
Ambul Kesel,4153,make banana silk which is eco friendly and biodegradable,January-December
Green Banana,2895,Make single use plastic alternatives,January-December
Nethra Palam,1451,"Pharmaceutical industry- Make antioxidants,vitamins by exploring bioactive compound ",January-December
Suwandal,2444,make banana silk which is eco friendly and biodegradable,November-January
Nethra Palam,4606,Banana candies,January-December
Kandula,4736,Banana candies,January-December
Ambum,1838,make banana silk which is eco friendly and biodegradable,January-December
Ambum,4935,Make tea bags and filters,November-January
Suwandal,4059,Make high quality acid free paper from banana stems and leaves,November-January
Suwandal,3807,Make natural remedies,January-December
Ambul Nadee,66,Make banana oils are used in cosmatic industry,January-December
Rath Kesel,2584,Make natural remedies,January-December
Ambum,1482,Banana candies,November-January
Suwandal,1489,Banana chocolates and sweets,November-January
Ambum,4957,Textile industry- make banana fibers,January-December
Kandula,4859,Banana chocolates and sweets,November-January
Ambul Kesel,3858,Bakery industry- Banana breads and banana cakes,January-December
Puwalu,2071,Make bioplastics,November-January
Ambul Kesel,1659,cosmetic industry- Make haircare treatments with banana extracts,November-January
Puwalu,1087,Make flavors- Banana flavorings and extracts to make flavored syrups and drinks,November-January
Ambum,4564,Food industry-desserts varieties,January-December
Seeni Parakum,1140,Make bioplastics,January-December
Seeni Parakum,612,make dried and powdered banana peels to use as a supplement in animal feed.,January-December
Ambum,4031,"Beverage industry - To make milkshakes,smoothies, fruit juices",January-December
Ambum,3693,Make high quality acid free paper from banana stems and leaves,November-January
Kandula,2025,Give CBL to make Waffers Biscuits,January-December
Ambul Kesel,4545,Make single use plastic alternatives,January-December
Kandula,3019,dehydrated banana chips,January-December
Ambul Nadee,590,Make bioplastics,January-December
Nethra Palam,4422,"Beverage industry - To make milkshakes,smoothies, fruit juices",November-January
Sini Kesel,1676,Brewing and distilling industry- Make banana beer,January-December
Suwandal,3518,cosmetic industry- Make haircare treatments with banana extracts,January-December
Seeni Parakum,860,make dried and powdered banana peels to use as a supplement in animal feed.,November-January
Nethra Palam,2343,"Beverage industry - To make milkshakes,smoothies, fruit juices",January-December
Ambum,1951,Make innorganic fertilizers,January-December
Ambul Kesel,4561,"Skincare industry- Make skincare products ( Lotions, creams and face masks",January-December
Sini Kesel,1004,Make innorganic fertilizers,January-December
Sini Kesel,4635,Export to USA as fresh banana,January-December
Suwandal,3841,"Beverage industry - To make milkshakes,smoothies, fruit juices",January-December
Rath Kesel,4207,Bakery industry- Banana breads and banana cakes,November-January
Rath Kesel,1870,Banana chips ( both sweetened and unsweetened),November-January
Ambul Kesel,2585,cosmetic industry- Make haircare treatments with banana extracts,November-January
Kandula,1857,Banana chocolates and sweets,January-December
Ambul Kesel,2278,Make organic fertilizers,January-December
Kandula,4181,Make high quality acid free paper from banana stems and leaves,November-January
Suwandal,3084,make dried and powdered banana peels to use as a supplement in animal feed.,January-December
Kolikuttu,2811,Make tea bags and filters,November-January
Nethra Palam,2013,Make high quality acid free paper from banana stems and leaves,January-December
Ambul Kesel,2166,Food industry-desserts varieties,January-December
Puwalu,2696,Bakery industry- Banana breads and banana cakes,November-January
Ambul Kesel,487,Make banana oils are used in cosmatic industry,November-January
Kolikuttu,1426,Make banana oils are used in cosmatic industry,January-December
Sini Kesel,4417,"Traditional alcoholic beverages- Banana liqueurs, wine",January-December
Kandula,4725,make banana silk which is eco friendly and biodegradable,January-December
Sini Kesel,4275,"Skincare industry- Make skincare products ( Lotions, creams and face masks",November-January
Suwandal,1963,Make organic fertilizers,January-December
Ambul Nadee,145,Make breakfast cereals,November-January
Nethra Palam,1857,make dried and powdered banana peels to use as a supplement in animal feed.,November-January
Ambul Nadee,1607,make dried and powdered banana peels to use as a supplement in animal feed.,January-December
Ambum,2546,Banana flavored craft beers,January-December
Ambul Nadee,611,Make banana oils are used in cosmatic industry,November-January
Anamalu,2533,Make single use plastic alternatives,November-January
Puwalu,1957,"Pharmaceutical industry- Make antioxidants,vitamins by exploring bioactive compound ",January-December
Ambul Kesel,1900,Make innorganic fertilizers,November-January
Seeni Parakum,3514,Make jam and sugary products to the local market,January-December
Kolikuttu,1090,"Pharmaceutical industry- Make antioxidants,vitamins by exploring bioactive compound ",January-December
Ambul Nadee,3842,Make banana oils are used in cosmatic industry,November-January
Sini Kesel,1556,Make breakfast cereals,January-December
Ambul Nadee,402,Make breakfast cereals,November-January
Sini Kesel,187,"Traditional alcoholic beverages- Banana liqueurs, wine",January-December
Suwandal,1734,Make breakfast cereals,November-January
Kolikuttu,351,Make flavors- Banana flavorings and extracts to make flavored syrups and drinks,January-December
Seeni Parakum,3041,Make breakfast cereals,January-December
Puwalu,1127,cosmetic industry- Make haircare treatments with banana extracts,November-January
Ambul Nadee,3300,dehydrated banana chips,January-December
Kolikuttu,4653,Make natural remedies,January-December
Ambum,3771,"Traditional alcoholic beverages- Banana liqueurs, wine",January-December
Rath Kesel,270,Make bioplastics,November-January
Ambul Nadee,561,Make single use plastic alternatives,November-January
Sini Kesel,2767,Make high quality acid free paper from banana stems and leaves,November-January
Suwandal,1920,Make flavors- Banana flavorings and extracts to make flavored syrups and drinks,January-December
Seeni Parakum,4758,Make breakfast cereals,November-January
Anamalu,1506,Make banana oils are used in cosmatic industry,November-January
Anamalu,2705,Make bioplastics,January-December
Anamalu,652,Make organic fertilizers,January-December
Rath Kesel,852,Make banana oils are used in cosmatic industry,January-December
Ambum,1540,Export to USA as fresh banana,January-December
Green Banana,3620,"Beverage industry - To make milkshakes,smoothies, fruit juices",January-December
Anamalu,1689,cosmetic industry- Make haircare treatments with banana extracts,January-December
Sini Kesel,1675,Make banana oils are used in cosmatic industry,January-December
Suwandal,2746,Make breakfast cereals,January-December
Sini Kesel,883,Banana chips ( both sweetened and unsweetened),January-December
Green Banana,2195,Make tea bags and filters,January-December
Ambul Kesel,2962,Make single use plastic alternatives,November-January
Sini Kesel,1459,Make innorganic fertilizers,January-December
Ambul Kesel,2731,Give CBL to make Waffers Biscuits,November-January
Suwandal,1450,dehydrated banana chips,November-January
Ambul Kesel,2386,Make breakfast cereals,January-December
Ambum,1319,Make organic fertilizers,January-December
Seeni Parakum,246,Banana chips ( both sweetened and unsweetened),January-December
Kolikuttu,2034,Food industry-desserts varieties,January-December
Ambum,3824,cosmetic industry- Make haircare treatments with banana extracts,November-January
Kolikuttu,3247,Banana flavored craft beers,January-December
Nethra Palam,2943,Banana chocolates and sweets,November-January
Rath Kesel,2804,Make tea bags and filters,January-December
Ambul Nadee,3108,Brewing and distilling industry- Make banana beer,January-December
Ambum,1647,Make bioplastics,November-January
Ambum,513,Make flavors- Banana flavorings and extracts to make flavored syrups and drinks,January-December
Anamalu,4447,Banana flavored craft beers,November-January
Seeni Parakum,1372,"Traditional alcoholic beverages- Banana liqueurs, wine",January-December
Green Banana,3979,"Beverage industry - To make milkshakes,smoothies, fruit juices",November-January
Kolikuttu,4925,dehydrated banana chips,January-December
Ambum,934,Make tea bags and filters,November-January
Ambul Kesel,2090,dehydrated banana chips,November-January
Suwandal,901,Make bioplastics,November-January
Green Banana,3138,Make banana oils are used in cosmatic industry,January-December
Seeni Parakum,1268,Make flavors- Banana flavorings and extracts to make flavored syrups and drinks,January-December
Rath Kesel,3722,Textile industry- make banana fibers,January-December
Nethra Palam,640,"Traditional alcoholic beverages- Banana liqueurs, wine",November-January
Ambum,2174,Make innorganic fertilizers,January-December
Rath Kesel,3698,Make single use plastic alternatives,November-January
Rath Kesel,2557,make dried and powdered banana peels to use as a supplement in animal feed.,January-December
Anamalu,3339,Food industry-desserts varieties,November-January
Puwalu,3653,"Traditional alcoholic beverages- Banana liqueurs, wine",November-January
Anamalu,1860,make dried and powdered banana peels to use as a supplement in animal feed.,January-December
Anamalu,2152,Make breakfast cereals,January-December
Suwandal,4586,"Pharmaceutical industry- Make antioxidants,vitamins by exploring bioactive compound ",January-December
Nethra Palam,2868,"Traditional alcoholic beverages- Banana liqueurs, wine",January-December
Ambul Nadee,2626,Make natural remedies,January-December
Ambul Nadee,1720,Banana chips ( both sweetened and unsweetened),November-January
Suwandal,1046,Textile industry- make banana fibers,January-December
Puwalu,1803,Banana candies,November-January
Ambum,1827,Export to USA as fresh banana,November-January
Sini Kesel,1947,Export to USA as fresh banana,November-January
Ambul Kesel,938,Export to USA as fresh banana,November-January
Ambum,3915,make dried and powdered banana peels to use as a supplement in animal feed.,November-January
Kandula,1542,Make organic fertilizers,November-January
Ambum,1682,"Skincare industry- Make skincare products ( Lotions, creams and face masks",January-December
Puwalu,3491,cosmetic industry- Make haircare treatments with banana extracts,November-January
Sini Kesel,1188,"Skincare industry- Make skincare products ( Lotions, creams and face masks",November-January
Puwalu,1927,Give CBL to make Waffers Biscuits,January-December
Sini Kesel,1343,"Pharmaceutical industry- Make antioxidants,vitamins by exploring bioactive compound ",January-December
Ambum,2204,dehydrated banana chips,January-December
Nethra Palam,2459,Make single use plastic alternatives,November-January
Green Banana,971,make banana silk which is eco friendly and biodegradable,January-December
Sini Kesel,3309,Make banana oils are used in cosmatic industry,November-January
Ambul Kesel,1466,Give CBL to make Waffers Biscuits,January-December
Seeni Parakum,2373,cosmetic industry- Make haircare treatments with banana extracts,January-December
Rath Kesel,1692,Make natural remedies,January-December
Green Banana,3854,Give CBL to make Waffers Biscuits,January-December
Ambum,1746,Make jam and sugary products to the local market,November-January
Rath Kesel,4406,"Traditional alcoholic beverages- Banana liqueurs, wine",November-January
Green Banana,91,Make breakfast cereals,November-January
Seeni Parakum,3834,make dried and powdered banana peels to use as a supplement in animal feed.,November-January
Suwandal,2670,Make organic fertilizers,January-December
Green Banana,4054,cosmetic industry- Make haircare treatments with banana extracts,January-December
Ambum,1218,Make bioplastics,January-December
Ambul Kesel,1917,"Beverage industry - To make milkshakes,smoothies, fruit juices",January-December
Kandula,329,Make organic fertilizers,November-January
Ambum,3613,Give CBL to make Waffers Biscuits,January-December
Ambul Kesel,1721,dehydrated banana chips,January-December
Ambum,3640,Textile industry- make banana fibers,November-January
Ambum,203,Make natural remedies,January-December
Ambul Kesel,3599,Bakery industry- Banana breads and banana cakes,January-December
Rath Kesel,1484,make dried and powdered banana peels to use as a supplement in animal feed.,November-January
Ambul Kesel,57,"Pharmaceutical industry- Make antioxidants,vitamins by exploring bioactive compound ",November-January
Nethra Palam,2904,Banana chocolates and sweets,January-December
Suwandal,4415,Make tea bags and filters,January-December
Suwandal,4812,Banana candies,November-January
Puwalu,3326,Give CBL to make Waffers Biscuits,November-January
Seeni Parakum,2272,Banana flavored craft beers,November-January
Suwandal,3043,cosmetic industry- Make haircare treatments with banana extracts,January-December
Green Banana,4267,Make natural remedies,November-January
Suwandal,2405,Make high quality acid free paper from banana stems and leaves,November-January
Puwalu,255,"Traditional alcoholic beverages- Banana liqueurs, wine",November-January
Ambul Kesel,4991,make dried and powdered banana peels to use as a supplement in animal feed.,November-January
Rath Kesel,4251,Make innorganic fertilizers,January-December
Sini Kesel,3879,Brewing and distilling industry- Make banana beer,January-December
Ambul Kesel,1825,Make flavors- Banana flavorings and extracts to make flavored syrups and drinks,November-January
Kandula,1655,Banana candies,November-January
Kolikuttu,522,Make innorganic fertilizers,January-December
Ambul Nadee,1413,Make organic fertilizers,January-December
Rath Kesel,3559,dehydrated banana chips,November-January
Seeni Parakum,794,Make flavors- Banana flavorings and extracts to make flavored syrups and drinks,January-December
Suwandal,509,Brewing and distilling industry- Make banana beer,November-January
Ambul Nadee,3130,"Beverage industry - To make milkshakes,smoothies, fruit juices",January-December
Puwalu,1538,cosmetic industry- Make haircare treatments with banana extracts,November-January
Kolikuttu,1655,make banana silk which is eco friendly and biodegradable,January-December
Nethra Palam,928,Brewing and distilling industry- Make banana beer,November-January
Suwandal,3224,Make natural remedies,January-December
Green Banana,95,Export to USA as fresh banana,January-December
Suwandal,4684,Make organic fertilizers,November-January
Rath Kesel,983,Banana flavored craft beers,November-January
Anamalu,178,Make jam and sugary products to the local market,January-December
Ambum,3599,Banana chocolates and sweets,November-January
Seeni Parakum,4742,make banana silk which is eco friendly and biodegradable,November-January
Ambul Nadee,736,Brewing and distilling industry- Make banana beer,November-January
Ambum,2956,Brewing and distilling industry- Make banana beer,January-December
Nethra Palam,2837,Give CBL to make Waffers Biscuits,January-December
Ambum,3276,Make organic fertilizers,January-December
Sini Kesel,1706,cosmetic industry- Make haircare treatments with banana extracts,November-January
Suwandal,4701,Textile industry- make banana fibers,January-December
Kolikuttu,2736,Banana candies,January-December
Ambul Nadee,3950,Banana chips ( both sweetened and unsweetened),January-December
Puwalu,1060,Give CBL to make Waffers Biscuits,November-January
Seeni Parakum,1249,Banana chips ( both sweetened and unsweetened),November-January
Sini Kesel,2362,cosmetic industry- Make haircare treatments with banana extracts,January-December
Rath Kesel,224,Make bioplastics,January-December
Kolikuttu,2844,Make innorganic fertilizers,January-December
Nethra Palam,295,Make flavors- Banana flavorings and extracts to make flavored syrups and drinks,January-December
Puwalu,2778,make dried and powdered banana peels to use as a supplement in animal feed.,January-December
Anamalu,1054,Export to USA as fresh banana,November-January
Kandula,4618,Bakery industry- Banana breads and banana cakes,January-December
Suwandal,1704,Make flavors- Banana flavorings and extracts to make flavored syrups and drinks,November-January
Puwalu,1567,"Traditional alcoholic beverages- Banana liqueurs, wine",January-December
Sini Kesel,3459,Give CBL to make Waffers Biscuits,January-December
Rath Kesel,1262,Give CBL to make Waffers Biscuits,November-January
Anamalu,4625,dehydrated banana chips,January-December
Rath Kesel,2600,Bakery industry- Banana breads and banana cakes,November-January
Rath Kesel,2786,make banana silk which is eco friendly and biodegradable,January-December
Rath Kesel,1845,Make breakfast cereals,January-December
Suwandal,4174,Make single use plastic alternatives,November-January
Green Banana,4092,Banana flavored craft beers,January-December
Puwalu,4328,Make tea bags and filters,January-December
Ambul Nadee,1202,make banana silk which is eco friendly and biodegradable,January-December
Ambul Nadee,2833,Make single use plastic alternatives,November-January
Sini Kesel,3841,Make natural remedies,January-December
Nethra Palam,2061,"Skincare industry- Make skincare products ( Lotions, creams and face masks",November-January
Kandula,347,"Skincare industry- Make skincare products ( Lotions, creams and face masks",November-January
Puwalu,2165,make dried and powdered banana peels to use as a supplement in animal feed.,January-December
Ambum,3026,Banana flavored craft beers,January-December
Sini Kesel,2839,Make bioplastics,January-December
Anamalu,1319,Textile industry- make banana fibers,November-January
Kolikuttu,249,Make innorganic fertilizers,November-January
Ambum,191,Make single use plastic alternatives,November-January
Puwalu,3105,make banana silk which is eco friendly and biodegradable,January-December
Rath Kesel,1117,dehydrated banana chips,January-December
Kandula,737,Banana candies,January-December
Ambul Kesel,2710,Export to USA as fresh banana,November-January
Anamalu,926,Textile industry- make banana fibers,January-December
Sini Kesel,641,make dried and powdered banana peels to use as a supplement in animal feed.,November-January
Nethra Palam,2855,"Skincare industry- Make skincare products ( Lotions, creams and face masks",January-December
Puwalu,4581,Textile industry- make banana fibers,January-December
Nethra Palam,1029,make dried and powdered banana peels to use as a supplement in animal feed.,January-December
Seeni Parakum,3233,"Beverage industry - To make milkshakes,smoothies, fruit juices",January-December
Kolikuttu,521,Banana chips ( both sweetened and unsweetened),January-December
Green Banana,2761,Make organic fertilizers,January-December
Ambum,2617,Banana chocolates and sweets,January-December
Seeni Parakum,2953,cosmetic industry- Make haircare treatments with banana extracts,November-January
Kolikuttu,4106,cosmetic industry- Make haircare treatments with banana extracts,January-December
Nethra Palam,4650,Give CBL to make Waffers Biscuits,January-December
Rath Kesel,2585,Make tea bags and filters,November-January
Seeni Parakum,3991,Give CBL to make Waffers Biscuits,November-January
Seeni Parakum,821,Make bioplastics,January-December
Kolikuttu,2486,Make bioplastics,November-January
Seeni Parakum,1484,"Beverage industry - To make milkshakes,smoothies, fruit juices",January-December
Sini Kesel,1763,Give CBL to make Waffers Biscuits,January-December
Kolikuttu,442,Brewing and distilling industry- Make banana beer,January-December
Green Banana,3005,"Pharmaceutical industry- Make antioxidants,vitamins by exploring bioactive compound ",January-December
Kolikuttu,1781,make banana silk which is eco friendly and biodegradable,January-December
Suwandal,1617,Make natural remedies,January-December
Kolikuttu,4719,Make breakfast cereals,January-December
Sini Kesel,688,Make organic fertilizers,January-December
Rath Kesel,3116,"Traditional alcoholic beverages- Banana liqueurs, wine",November-January
Kolikuttu,2949,Make natural remedies,November-January
Ambul Kesel,133,Make natural remedies,November-January
Ambul Nadee,4373,Banana candies,November-January
Kolikuttu,1044,Banana chips ( both sweetened and unsweetened),November-January
Ambul Nadee,4350,Banana flavored craft beers,November-January
Sini Kesel,1891,Make jam and sugary products to the local market,November-January
Ambum,1914,Make single use plastic alternatives,January-December
Seeni Parakum,362,"Pharmaceutical industry- Make antioxidants,vitamins by exploring bioactive compound ",November-January
Anamalu,4483,Make single use plastic alternatives,November-January
Nethra Palam,4372,"Beverage industry - To make milkshakes,smoothies, fruit juices",November-January
Green Banana,591,Give CBL to make Waffers Biscuits,November-January
Suwandal,517,Banana flavored craft beers,January-December
Nethra Palam,1891,Banana chips ( both sweetened and unsweetened),January-December
Rath Kesel,3278,Banana flavored craft beers,November-January
Seeni Parakum,4750,"Beverage industry - To make milkshakes,smoothies, fruit juices",November-January
Sini Kesel,1008,Make jam and sugary products to the local market,January-December
Puwalu,774,Make banana oils are used in cosmatic industry,January-December
Kandula,3033,"Beverage industry - To make milkshakes,smoothies, fruit juices",January-December
Sini Kesel,3784,Textile industry- make banana fibers,January-December
Rath Kesel,4926,Make jam and sugary products to the local market,November-January
Suwandal,4585,dehydrated banana chips,January-December
Kolikuttu,3963,make dried and powdered banana peels to use as a supplement in animal feed.,January-December
Sini Kesel,4637,Make single use plastic alternatives,January-December
Anamalu,852,Banana chocolates and sweets,November-January
Puwalu,510,Make tea bags and filters,January-December
Ambul Nadee,4261,Give CBL to make Waffers Biscuits,November-January
Puwalu,2750,"Skincare industry- Make skincare products ( Lotions, creams and face masks",January-December
Anamalu,3329,Make organic fertilizers,November-January
Puwalu,499,Make high quality acid free paper from banana stems and leaves,November-January
Ambul Nadee,1745,Banana candies,January-December
Ambum,4130,Banana candies,November-January
Suwandal,2611,Make single use plastic alternatives,November-January
Suwandal,3347,"Skincare industry- Make skincare products ( Lotions, creams and face masks",January-December
Ambum,235,Banana candies,November-January
Nethra Palam,1753,Make jam and sugary products to the local market,November-January
Kandula,4969,Give CBL to make Waffers Biscuits,January-December
Sini Kesel,3351,Make innorganic fertilizers,November-January
Rath Kesel,4187,dehydrated banana chips,January-December
Suwandal,2031,"Beverage industry - To make milkshakes,smoothies, fruit juices",November-January
Ambul Kesel,3507,"Pharmaceutical industry- Make antioxidants,vitamins by exploring bioactive compound ",November-January
Kandula,4930,"Pharmaceutical industry- Make antioxidants,vitamins by exploring bioactive compound ",January-December
Nethra Palam,4536,Banana chocolates and sweets,November-January
Suwandal,327,Make tea bags and filters,November-January
Rath Kesel,3056,Make jam and sugary products to the local market,January-December
Ambul Nadee,2873,"Beverage industry - To make milkshakes,smoothies, fruit juices",November-January
Rath Kesel,366,Make banana oils are used in cosmatic industry,January-December
Rath Kesel,2962,make banana silk which is eco friendly and biodegradable,January-December
Ambum,2636,Banana chips ( both sweetened and unsweetened),November-January
Ambum,2788,Make banana oils are used in cosmatic industry,January-December
Suwandal,4106,Textile industry- make banana fibers,January-December
Seeni Parakum,327,Make flavors- Banana flavorings and extracts to make flavored syrups and drinks,November-January
Puwalu,2078,Make organic fertilizers,November-January
Ambum,3175,make dried and powdered banana peels to use as a supplement in animal feed.,November-January
Kolikuttu,4108,Make single use plastic alternatives,November-January
Suwandal,1216,Make high quality acid free paper from banana stems and leaves,November-January
Rath Kesel,822,Give CBL to make Waffers Biscuits,November-January
Puwalu,2211,"Traditional alcoholic beverages- Banana liqueurs, wine",November-January
Suwandal,878,Export to USA as fresh banana,November-January
Ambul Kesel,1154,Export to USA as fresh banana,November-January
Ambum,105,Banana candies,January-December
Puwalu,684,cosmetic industry- Make haircare treatments with banana extracts,January-December
Seeni Parakum,4195,"Skincare industry- Make skincare products ( Lotions, creams and face masks",January-December
Puwalu,1736,Make breakfast cereals,January-December
Kandula,4370,Banana chips ( both sweetened and unsweetened),November-January
Kandula,2447,make banana silk which is eco friendly and biodegradable,January-December
Kolikuttu,978,Make jam and sugary products to the local market,November-January
Sini Kesel,88,Make high quality acid free paper from banana stems and leaves,November-January
Ambul Kesel,4702,cosmetic industry- Make haircare treatments with banana extracts,January-December
Seeni Parakum,1381,cosmetic industry- Make haircare treatments with banana extracts,November-January
Ambum,368,make banana silk which is eco friendly and biodegradable,November-January
Kandula,2081,Make breakfast cereals,January-December
Kolikuttu,4792,"Skincare industry- Make skincare products ( Lotions, creams and face masks",January-December
Puwalu,1330,Banana chocolates and sweets,January-December
Ambul Nadee,4360,make banana silk which is eco friendly and biodegradable,November-January
Suwandal,2573,Brewing and distilling industry- Make banana beer,January-December
Kolikuttu,4419,Make single use plastic alternatives,January-December
Sini Kesel,1981,Make organic fertilizers,November-January
Anamalu,3902,Make organic fertilizers,January-December
Ambul Nadee,3486,"Beverage industry - To make milkshakes,smoothies, fruit juices",November-January
Anamalu,205,"Skincare industry- Make skincare products ( Lotions, creams and face masks",November-January
Sini Kesel,1566,dehydrated banana chips,November-January
Kolikuttu,3888,Make natural remedies,November-January
Suwandal,995,make dried and powdered banana peels to use as a supplement in animal feed.,January-December
Anamalu,4340,Make tea bags and filters,November-January
Green Banana,4050,Make flavors- Banana flavorings and extracts to make flavored syrups and drinks,January-December
Anamalu,2135,"Beverage industry - To make milkshakes,smoothies, fruit juices",November-January
Rath Kesel,2833,"Traditional alcoholic beverages- Banana liqueurs, wine",November-January
Sini Kesel,668,Make jam and sugary products to the local market,November-January
Seeni Parakum,4697,Banana candies,January-December
Ambul Kesel,1092,Make breakfast cereals,January-December
Rath Kesel,2836,make dried and powdered banana peels to use as a supplement in animal feed.,November-January
Sini Kesel,152,Banana chocolates and sweets,November-January
Nethra Palam,1307,Give CBL to make Waffers Biscuits,November-January
Kandula,3653,Make flavors- Banana flavorings and extracts to make flavored syrups and drinks,January-December
Puwalu,3233,Make organic fertilizers,January-December
Sini Kesel,3801,Banana chocolates and sweets,November-January
Kolikuttu,4363,Give CBL to make Waffers Biscuits,January-December
Ambul Kesel,2385,Banana chocolates and sweets,November-January
Puwalu,3525,Export to USA as fresh banana,January-December
Nethra Palam,3851,Make innorganic fertilizers,January-December
Rath Kesel,1878,Banana chips ( both sweetened and unsweetened),November-January
Seeni Parakum,4629,Make single use plastic alternatives,January-December
Kandula,2174,Make tea bags and filters,November-January
Anamalu,3171,Banana chocolates and sweets,January-December
Ambul Kesel,3604,Make single use plastic alternatives,January-December
Kolikuttu,449,"Skincare industry- Make skincare products ( Lotions, creams and face masks",November-January
Rath Kesel,4449,Make flavors- Banana flavorings and extracts to make flavored syrups and drinks,November-January
Kandula,844,Make organic fertilizers,November-January
Kolikuttu,4438,Make high quality acid free paper from banana stems and leaves,November-January
Anamalu,2032,Bakery industry- Banana breads and banana cakes,November-January
Puwalu,1809,"Beverage industry - To make milkshakes,smoothies, fruit juices",January-December
Green Banana,2678,"Pharmaceutical industry- Make antioxidants,vitamins by exploring bioactive compound ",November-January
Ambum,3777,Make natural remedies,January-December
Anamalu,3600,Brewing and distilling industry- Make banana beer,January-December
Kandula,2808,Banana chips ( both sweetened and unsweetened),January-December
Kolikuttu,4964,Make breakfast cereals,January-December
Anamalu,1321,make banana silk which is eco friendly and biodegradable,November-January
Sini Kesel,799,Bakery industry- Banana breads and banana cakes,November-January
Rath Kesel,728,make banana silk which is eco friendly and biodegradable,November-January
Kandula,3464,Make innorganic fertilizers,January-December
Ambum,3416,Banana candies,November-January
Seeni Parakum,1339,Brewing and distilling industry- Make banana beer,November-January
Ambum,51,Textile industry- make banana fibers,November-January
Anamalu,2690,Export to USA as fresh banana,January-December
Kandula,3087,Make bioplastics,January-December
Rath Kesel,3178,Make bioplastics,January-December
Suwandal,4110,Banana chocolates and sweets,January-December
Sini Kesel,580,"Traditional alcoholic beverages- Banana liqueurs, wine",January-December
Kolikuttu,130,"Skincare industry- Make skincare products ( Lotions, creams and face masks",November-January
Kolikuttu,4353,cosmetic industry- Make haircare treatments with banana extracts,January-December
Rath Kesel,1746,Make breakfast cereals,January-December
Ambul Nadee,4987,make dried and powdered banana peels to use as a supplement in animal feed.,November-January
Rath Kesel,3862,Bakery industry- Banana breads and banana cakes,January-December
Suwandal,3066,Make jam and sugary products to the local market,January-December
Nethra Palam,2837,Make jam and sugary products to the local market,November-January
Ambul Nadee,3972,Food industry-desserts varieties,January-December
Ambum,4826,Banana chips ( both sweetened and unsweetened),January-December
Kolikuttu,2280,Export to USA as fresh banana,November-January
Anamalu,2514,Food industry-desserts varieties,November-January
Suwandal,3925,Export to USA as fresh banana,November-January
Green Banana,487,Make banana oils are used in cosmatic industry,January-December
Seeni Parakum,3595,Make banana oils are used in cosmatic industry,November-January
Green Banana,430,make dried and powdered banana peels to use as a supplement in animal feed.,January-December
Rath Kesel,1058,Make banana oils are used in cosmatic industry,January-December
Ambum,4669,Banana chips ( both sweetened and unsweetened),January-December
Kandula,919,make banana silk which is eco friendly and biodegradable,November-January
Suwandal,1293,Banana chocolates and sweets,January-December
Rath Kesel,4087,Make innorganic fertilizers,January-December
Kolikuttu,250,Make bioplastics,January-December
Anamalu,1296,make dried and powdered banana peels to use as a supplement in animal feed.,November-January
Ambul Kesel,1312,Make jam and sugary products to the local market,January-December
Kolikuttu,3465,make banana silk which is eco friendly and biodegradable,November-January
Kandula,1477,Make single use plastic alternatives,January-December
Suwandal,1572,Export to USA as fresh banana,November-January
Ambum,677,Make bioplastics,November-January
Ambum,1339,Make natural remedies,January-December
Ambul Nadee,3505,"Traditional alcoholic beverages- Banana liqueurs, wine",January-December
Sini Kesel,372,Brewing and distilling industry- Make banana beer,November-January
Nethra Palam,2145,Banana chocolates and sweets,January-December
Ambul Kesel,2434,Export to USA as fresh banana,January-December
Nethra Palam,2905,Export to USA as fresh banana,November-January
Puwalu,2160,Make single use plastic alternatives,January-December
Sini Kesel,1363,Food industry-desserts varieties,January-December
Sini Kesel,1348,Make bioplastics,January-December
Ambum,162,Make innorganic fertilizers,November-January
Kandula,1890,Textile industry- make banana fibers,November-January
Ambul Kesel,1572,Textile industry- make banana fibers,January-December
Nethra Palam,2898,"Skincare industry- Make skincare products ( Lotions, creams and face masks",January-December
Rath Kesel,383,Brewing and distilling industry- Make banana beer,January-December
Nethra Palam,2841,Give CBL to make Waffers Biscuits,January-December
Ambul Kesel,869,Give CBL to make Waffers Biscuits,November-January
Ambul Kesel,3229,Make tea bags and filters,January-December
Sini Kesel,2018,Make innorganic fertilizers,November-January
Green Banana,4198,Make banana oils are used in cosmatic industry,November-January
Ambum,4304,Food industry-desserts varieties,January-December
Suwandal,1654,make dried and powdered banana peels to use as a supplement in animal feed.,January-December
Rath Kesel,1925,Give CBL to make Waffers Biscuits,November-January
Green Banana,298,Make flavors- Banana flavorings and extracts to make flavored syrups and drinks,January-December
Anamalu,4684,Give CBL to make Waffers Biscuits,January-December
Green Banana,3987,cosmetic industry- Make haircare treatments with banana extracts,January-December
Seeni Parakum,2153,"Beverage industry - To make milkshakes,smoothies, fruit juices",November-January
Ambul Nadee,585,make dried and powdered banana peels to use as a supplement in animal feed.,November-January
Anamalu,3706,Make flavors- Banana flavorings and extracts to make flavored syrups and drinks,November-January
Kolikuttu,3645,Banana candies,January-December
Green Banana,4049,Make natural remedies,November-January
Ambum,2312,"Beverage industry - To make milkshakes,smoothies, fruit juices",November-January
Ambul Kesel,4314,Food industry-desserts varieties,November-January
Ambul Kesel,1281,Make innorganic fertilizers,November-January
Ambum,2749,Bakery industry- Banana breads and banana cakes,January-December
Anamalu,3451,Make flavors- Banana flavorings and extracts to make flavored syrups and drinks,November-January
Nethra Palam,4410,Give CBL to make Waffers Biscuits,January-December
Nethra Palam,3569,make banana silk which is eco friendly and biodegradable,November-January
Nethra Palam,3987,Make innorganic fertilizers,November-January
Sini Kesel,1494,Make bioplastics,January-December
Ambul Nadee,4995,Make banana oils are used in cosmatic industry,November-January
Green Banana,1261,Make natural remedies,November-January
Kandula,3895,Give CBL to make Waffers Biscuits,November-January
Ambum,4071,"Skincare industry- Make skincare products ( Lotions, creams and face masks",November-January
Seeni Parakum,3862,Make innorganic fertilizers,January-December
Ambul Nadee,276,Banana candies,November-January
Seeni Parakum,544,Make organic fertilizers,January-December
Nethra Palam,4420,Make innorganic fertilizers,November-January
Anamalu,4221,Banana candies,November-January
Puwalu,4630,Make innorganic fertilizers,November-January
Kolikuttu,4611,Banana chips ( both sweetened and unsweetened),January-December
Sini Kesel,2220,Make flavors- Banana flavorings and extracts to make flavored syrups and drinks,January-December
Kolikuttu,3545,Make flavors- Banana flavorings and extracts to make flavored syrups and drinks,November-January
Kandula,2419,dehydrated banana chips,January-December
Nethra Palam,1968,Make jam and sugary products to the local market,November-January
Ambul Kesel,3661,Food industry-desserts varieties,November-January
Nethra Palam,3484,Bakery industry- Banana breads and banana cakes,November-January
Rath Kesel,1725,Make banana oils are used in cosmatic industry,November-January
Seeni Parakum,2000,Export to USA as fresh banana,January-December
Seeni Parakum,66,Make jam and sugary products to the local market,November-January
Seeni Parakum,4249,Banana flavored craft beers,November-January
Kandula,3607,make dried and powdered banana peels to use as a supplement in animal feed.,January-December
Puwalu,4517,Make innorganic fertilizers,November-January
Ambul Kesel,3342,Give CBL to make Waffers Biscuits,January-December
Ambum,503,Make tea bags and filters,January-December
Green Banana,2136,make dried and powdered banana peels to use as a supplement in animal feed.,January-December
Ambul Nadee,2864,Banana chocolates and sweets,November-January
Puwalu,592,Make flavors- Banana flavorings and extracts to make flavored syrups and drinks,January-December
Seeni Parakum,1009,Give CBL to make Waffers Biscuits,January-December
Nethra Palam,1048,Make natural remedies,November-January
Green Banana,2570,Banana flavored craft beers,November-January
Ambul Nadee,842,Make bioplastics,November-January
Nethra Palam,2663,Bakery industry- Banana breads and banana cakes,November-January
Rath Kesel,3140,"Pharmaceutical industry- Make antioxidants,vitamins by exploring bioactive compound ",January-December
Anamalu,3752,Textile industry- make banana fibers,January-December
Ambul Kesel,1053,Brewing and distilling industry- Make banana beer,January-December
Ambul Kesel,2121,Make organic fertilizers,November-January
Ambul Kesel,2995,Make banana oils are used in cosmatic industry,November-January
Puwalu,4615,cosmetic industry- Make haircare treatments with banana extracts,November-January
Anamalu,2154,Make banana oils are used in cosmatic industry,January-December
Ambul Kesel,1887,Banana candies,November-January
Seeni Parakum,4892,Make jam and sugary products to the local market,November-January
Anamalu,363,Make high quality acid free paper from banana stems and leaves,January-December
Ambum,1404,"Traditional alcoholic beverages- Banana liqueurs, wine",January-December
Ambul Nadee,573,Make natural remedies,November-January
Seeni Parakum,4784,Make tea bags and filters,January-December
Puwalu,3078,Make organic fertilizers,November-January
Ambul Nadee,562,Make natural remedies,January-December
Kolikuttu,2270,Bakery industry- Banana breads and banana cakes,January-December
Green Banana,4886,cosmetic industry- Make haircare treatments with banana extracts,January-December
Sini Kesel,2484,make dried and powdered banana peels to use as a supplement in animal feed.,November-January
Suwandal,2118,make banana silk which is eco friendly and biodegradable,November-January
Suwandal,3621,make banana silk which is eco friendly and biodegradable,January-December
Kandula,1317,Textile industry- make banana fibers,January-December
Puwalu,3622,Make breakfast cereals,January-December
Kolikuttu,3743,Brewing and distilling industry- Make banana beer,November-January
Seeni Parakum,977,Make organic fertilizers,November-January
Anamalu,4053,Banana flavored craft beers,November-January
Kandula,952,make banana silk which is eco friendly and biodegradable,January-December
Nethra Palam,1861,Make innorganic fertilizers,November-January
Ambum,1506,"Traditional alcoholic beverages- Banana liqueurs, wine",November-January
Kolikuttu,1710,"Beverage industry - To make milkshakes,smoothies, fruit juices",January-December
Nethra Palam,1889,Banana candies,January-December
Nethra Palam,2580,Banana chocolates and sweets,November-January
Puwalu,1425,make dried and powdered banana peels to use as a supplement in animal feed.,November-January
Suwandal,90,"Traditional alcoholic beverages- Banana liqueurs, wine",January-December
Kandula,4333,dehydrated banana chips,January-December
Kolikuttu,435,Make breakfast cereals,January-December
Anamalu,1703,Banana candies,January-December
Sini Kesel,4196,Textile industry- make banana fibers,January-December
Nethra Palam,2995,Banana candies,November-January
Puwalu,568,Make breakfast cereals,January-December
Kandula,134,Textile industry- make banana fibers,January-December
Suwandal,3508,Make breakfast cereals,November-January
Ambum,2193,Brewing and distilling industry- Make banana beer,November-January
Nethra Palam,2001,Banana candies,January-December
Kandula,3154,dehydrated banana chips,November-January
Sini Kesel,511,make banana silk which is eco friendly and biodegradable,January-December
Ambum,3193,Make breakfast cereals,January-December
Sini Kesel,3858,"Pharmaceutical industry- Make antioxidants,vitamins by exploring bioactive compound ",November-January
Sini Kesel,2809,"Skincare industry- Make skincare products ( Lotions, creams and face masks",November-January
Puwalu,641,Make flavors- Banana flavorings and extracts to make flavored syrups and drinks,January-December
Ambul Kesel,1322,Make innorganic fertilizers,November-January
Anamalu,3985,Give CBL to make Waffers Biscuits,January-December
Sini Kesel,4907,make dried and powdered banana peels to use as a supplement in animal feed.,January-December
Nethra Palam,4248,Make jam and sugary products to the local market,November-January
Sini Kesel,2309,Make jam and sugary products to the local market,January-December
Sini Kesel,3593,Make organic fertilizers,January-December
Kandula,2326,Make bioplastics,January-December
Suwandal,258,Food industry-desserts varieties,January-December
Green Banana,3530,Food industry-desserts varieties,November-January
Kolikuttu,768,Make banana oils are used in cosmatic industry,January-December
Seeni Parakum,1908,make banana silk which is eco friendly and biodegradable,January-December
Sini Kesel,2501,Banana flavored craft beers,November-January
Anamalu,2079,Banana candies,January-December
Rath Kesel,1870,Banana candies,January-December
Ambul Kesel,4276,Make high quality acid free paper from banana stems and leaves,November-January
Ambul Nadee,2632,dehydrated banana chips,November-January
Ambum,3924,"Skincare industry- Make skincare products ( Lotions, creams and face masks",November-January
Kolikuttu,95,Textile industry- make banana fibers,January-December
Green Banana,116,"Beverage industry - To make milkshakes,smoothies, fruit juices",November-January
Kandula,4141,Make high quality acid free paper from banana stems and leaves,November-January
Kandula,4673,Textile industry- make banana fibers,January-December
Ambul Kesel,4082,Food industry-desserts varieties,January-December
Puwalu,4988,Textile industry- make banana fibers,November-January
Kolikuttu,1311,Banana chocolates and sweets,November-January
Ambul Kesel,132,make banana silk which is eco friendly and biodegradable,November-January
Anamalu,4564,Bakery industry- Banana breads and banana cakes,November-January
Ambul Kesel,4418,Make banana oils are used in cosmatic industry,November-January
Ambul Nadee,2502,Make organic fertilizers,January-December
Sini Kesel,4823,"Pharmaceutical industry- Make antioxidants,vitamins by exploring bioactive compound ",November-January
Ambul Nadee,81,Food industry-desserts varieties,November-January
Suwandal,4024,cosmetic industry- Make haircare treatments with banana extracts,November-January
Puwalu,1695,Make banana oils are used in cosmatic industry,November-January
Green Banana,4728,Banana flavored craft beers,November-January
Rath Kesel,3767,Textile industry- make banana fibers,November-January
Suwandal,4868,Banana chocolates and sweets,January-December
Ambul Nadee,4417,Food industry-desserts varieties,November-January
Rath Kesel,4581,Make breakfast cereals,November-January
Kandula,1780,Bakery industry- Banana breads and banana cakes,January-December
Kolikuttu,4737,Make jam and sugary products to the local market,January-December
Sini Kesel,1262,Banana chips ( both sweetened and unsweetened),November-January
Kolikuttu,4734,"Pharmaceutical industry- Make antioxidants,vitamins by exploring bioactive compound ",January-December
Sini Kesel,131,cosmetic industry- Make haircare treatments with banana extracts,January-December
Green Banana,3867,Make bioplastics,November-January
Ambum,4066,Make jam and sugary products to the local market,November-January
Suwandal,2318,Food industry-desserts varieties,November-January
Rath Kesel,602,cosmetic industry- Make haircare treatments with banana extracts,January-December
Green Banana,4579,Make innorganic fertilizers,November-January
Ambul Nadee,2360,Make bioplastics,January-December
Rath Kesel,3241,Make bioplastics,January-December
Suwandal,3078,Make tea bags and filters,November-January
Kolikuttu,4489,Make single use plastic alternatives,January-December
Suwandal,1966,"Beverage industry - To make milkshakes,smoothies, fruit juices",January-December
Kolikuttu,1811,make banana silk which is eco friendly and biodegradable,January-December
Nethra Palam,2090,make banana silk which is eco friendly and biodegradable,January-December
Kandula,1970,cosmetic industry- Make haircare treatments with banana extracts,November-January
Seeni Parakum,2964,Make flavors- Banana flavorings and extracts to make flavored syrups and drinks,January-December
Green Banana,2116,dehydrated banana chips,November-January
Green Banana,204,make banana silk which is eco friendly and biodegradable,January-December
Seeni Parakum,705,"Beverage industry - To make milkshakes,smoothies, fruit juices",November-January
Puwalu,2662,"Skincare industry- Make skincare products ( Lotions, creams and face masks",January-December
Suwandal,3203,Brewing and distilling industry- Make banana beer,November-January
Ambul Kesel,3481,Make jam and sugary products to the local market,November-January
Ambum,1175,cosmetic industry- Make haircare treatments with banana extracts,November-January
Ambul Kesel,581,Make jam and sugary products to the local market,November-January
Sini Kesel,2350,Make organic fertilizers,November-January
Anamalu,1810,Export to USA as fresh banana,November-January
Puwalu,643,"Skincare industry- Make skincare products ( Lotions, creams and face masks",January-December
Suwandal,2865,Give CBL to make Waffers Biscuits,January-December
Ambul Nadee,484,Make breakfast cereals,November-January
Green Banana,3049,Banana chips ( both sweetened and unsweetened),January-December
Ambul Kesel,2171,Bakery industry- Banana breads and banana cakes,November-January
Sini Kesel,2708,Food industry-desserts varieties,November-January
Seeni Parakum,470,Make flavors- Banana flavorings and extracts to make flavored syrups and drinks,November-January
Anamalu,4014,Make flavors- Banana flavorings and extracts to make flavored syrups and drinks,November-January
Kandula,3941,Brewing and distilling industry- Make banana beer,January-December
Green Banana,236,"Skincare industry- Make skincare products ( Lotions, creams and face masks",January-December
Ambul Nadee,1822,Make banana oils are used in cosmatic industry,November-January
Kandula,2648,"Traditional alcoholic beverages- Banana liqueurs, wine",January-December
Ambul Nadee,1729,Banana chips ( both sweetened and unsweetened),November-January
Ambum,491,Banana chocolates and sweets,January-December
Kolikuttu,1986,Textile industry- make banana fibers,November-January
Ambul Nadee,1690,Make breakfast cereals,January-December
Suwandal,2906,"Skincare industry- Make skincare products ( Lotions, creams and face masks",January-December
Ambul Nadee,1255,"Beverage industry - To make milkshakes,smoothies, fruit juices",January-December
Green Banana,3054,Make natural remedies,November-January
Seeni Parakum,2158,"Traditional alcoholic beverages- Banana liqueurs, wine",November-January
Sini Kesel,473,Banana chips ( both sweetened and unsweetened),November-January
Green Banana,4173,Make bioplastics,January-December
Green Banana,241,"Pharmaceutical industry- Make antioxidants,vitamins by exploring bioactive compound ",January-December
Kolikuttu,1750,make dried and powdered banana peels to use as a supplement in animal feed.,November-January
Sini Kesel,3657,Make jam and sugary products to the local market,January-December
Suwandal,2344,Export to USA as fresh banana,November-January
Green Banana,2864,Banana candies,November-January
Anamalu,2650,make banana silk which is eco friendly and biodegradable,January-December
Ambum,2206,Textile industry- make banana fibers,January-December
Seeni Parakum,2554,Food industry-desserts varieties,November-January
Kandula,278,"Beverage industry - To make milkshakes,smoothies, fruit juices",November-January
Rath Kesel,3298,Export to USA as fresh banana,January-December
Ambul Kesel,4837,dehydrated banana chips,January-December
Rath Kesel,4226,Make innorganic fertilizers,November-January
Anamalu,2715,Make breakfast cereals,November-January
Puwalu,107,Brewing and distilling industry- Make banana beer,November-January
Nethra Palam,2899,Brewing and distilling industry- Make banana beer,November-January
Seeni Parakum,181,Make bioplastics,January-December
Nethra Palam,956,"Beverage industry - To make milkshakes,smoothies, fruit juices",November-January
Nethra Palam,1982,Food industry-desserts varieties,January-December
Anamalu,3616,Give CBL to make Waffers Biscuits,November-January
Kandula,3772,Make innorganic fertilizers,November-January
Sini Kesel,1862,Make breakfast cereals,November-January
Anamalu,1526,make banana silk which is eco friendly and biodegradable,January-December
Suwandal,1349,Banana flavored craft beers,November-January
Ambul Kesel,1808,Make banana oils are used in cosmatic industry,January-December
Green Banana,3523,cosmetic industry- Make haircare treatments with banana extracts,January-December
Kandula,1827,Banana flavored craft beers,November-January
Anamalu,4648,Make high quality acid free paper from banana stems and leaves,November-January
Suwandal,4747,Brewing and distilling industry- Make banana beer,November-January
Ambul Kesel,3359,Banana chocolates and sweets,January-December
Ambul Nadee,387,Make jam and sugary products to the local market,January-December
Green Banana,3880,make banana silk which is eco friendly and biodegradable,November-January
Ambum,1481,Make tea bags and filters,January-December
Seeni Parakum,4340,Make jam and sugary products to the local market,January-December
Suwandal,3202,Make breakfast cereals,January-December
Ambum,796,Make innorganic fertilizers,November-January
Suwandal,2052,Banana chocolates and sweets,November-January
Kolikuttu,218,Food industry-desserts varieties,January-December
Suwandal,1201,Make high quality acid free paper from banana stems and leaves,January-December
Nethra Palam,3929,Make bioplastics,November-January
Nethra Palam,1724,Banana candies,November-January
Kandula,1944,Brewing and distilling industry- Make banana beer,November-January
Seeni Parakum,250,Make high quality acid free paper from banana stems and leaves,January-December
Seeni Parakum,3847,"Skincare industry- Make skincare products ( Lotions, creams and face masks",January-December
Anamalu,2426,Make banana oils are used in cosmatic industry,January-December
Puwalu,3550,Banana chips ( both sweetened and unsweetened),January-December
Anamalu,1138,Banana candies,January-December
Ambul Nadee,2323,Make banana oils are used in cosmatic industry,January-December
Green Banana,402,"Skincare industry- Make skincare products ( Lotions, creams and face masks",January-December
Green Banana,848,"Skincare industry- Make skincare products ( Lotions, creams and face masks",January-December
Green Banana,261,"Skincare industry- Make skincare products ( Lotions, creams and face masks",November-January
Sini Kesel,2703,make dried and powdered banana peels to use as a supplement in animal feed.,January-December
Sini Kesel,719,Make flavors- Banana flavorings and extracts to make flavored syrups and drinks,January-December
Green Banana,1938,"Beverage industry - To make milkshakes,smoothies, fruit juices",November-January
Kandula,3409,Make banana oils are used in cosmatic industry,November-January
Kolikuttu,667,Banana candies,November-January
Seeni Parakum,1227,Make breakfast cereals,January-December
Nethra Palam,3982,Make bioplastics,January-December
Nethra Palam,2605,Make single use plastic alternatives,January-December
Ambul Kesel,462,Make high quality acid free paper from banana stems and leaves,January-December
Anamalu,137,"Pharmaceutical industry- Make antioxidants,vitamins by exploring bioactive compound ",November-January
Sini Kesel,654,cosmetic industry- Make haircare treatments with banana extracts,January-December
Sini Kesel,1107,dehydrated banana chips,January-December
Kolikuttu,229,make banana silk which is eco friendly and biodegradable,November-January
Rath Kesel,1627,Food industry-desserts varieties,November-January
Ambul Kesel,2877,"Skincare industry- Make skincare products ( Lotions, creams and face masks",November-January
Kandula,2286,Make single use plastic alternatives,January-December
Kolikuttu,4660,Make bioplastics,November-January
Seeni Parakum,2912,Give CBL to make Waffers Biscuits,January-December
Green Banana,3461,Make high quality acid free paper from banana stems and leaves,January-December
Nethra Palam,2743,Make single use plastic alternatives,November-January
Nethra Palam,1590,Textile industry- make banana fibers,November-January
Anamalu,3600,Make bioplastics,January-December
Seeni Parakum,202,Make tea bags and filters,November-January
Sini Kesel,255,Make jam and sugary products to the local market,January-December
Puwalu,4164,Make organic fertilizers,January-December
Ambul Nadee,1882,Make banana oils are used in cosmatic industry,November-January
Suwandal,2930,Make jam and sugary products to the local market,November-January
Sini Kesel,4299,Banana chips ( both sweetened and unsweetened),November-January
Ambul Kesel,4587,"Skincare industry- Make skincare products ( Lotions, creams and face masks",January-December
Ambum,3720,Make tea bags and filters,November-January
Green Banana,2530,Make jam and sugary products to the local market,January-December
Kolikuttu,2818,"Traditional alcoholic beverages- Banana liqueurs, wine",January-December
Ambul Kesel,4650,Export to USA as fresh banana,November-January
Sini Kesel,1558,Make banana oils are used in cosmatic industry,January-December
Ambul Nadee,3796,Make banana oils are used in cosmatic industry,November-January
Kolikuttu,453,Textile industry- make banana fibers,January-December
Kolikuttu,4315,"Pharmaceutical industry- Make antioxidants,vitamins by exploring bioactive compound ",November-January
Ambum,1071,Make banana oils are used in cosmatic industry,January-December
Green Banana,3574,Textile industry- make banana fibers,January-December
Nethra Palam,4255,"Pharmaceutical industry- Make antioxidants,vitamins by exploring bioactive compound ",November-January
Anamalu,4631,"Pharmaceutical industry- Make antioxidants,vitamins by exploring bioactive compound ",November-January
Anamalu,1958,make dried and powdered banana peels to use as a supplement in animal feed.,January-December
Seeni Parakum,1030,Make organic fertilizers,November-January
Ambul Kesel,1689,Make high quality acid free paper from banana stems and leaves,January-December
Rath Kesel,977,Make tea bags and filters,November-January
Nethra Palam,2842,Give CBL to make Waffers Biscuits,November-January
Rath Kesel,2529,Make single use plastic alternatives,November-January
Anamalu,641,Banana chips ( both sweetened and unsweetened),January-December
Ambum,3410,dehydrated banana chips,November-January
Anamalu,3741,Food industry-desserts varieties,January-December
Anamalu,3701,"Beverage industry - To make milkshakes,smoothies, fruit juices",January-December
Green Banana,2796,Banana chips ( both sweetened and unsweetened),January-December
Rath Kesel,1165,Make organic fertilizers,November-January
Nethra Palam,785,Banana flavored craft beers,January-December
Seeni Parakum,146,make banana silk which is eco friendly and biodegradable,January-December
Suwandal,1683,"Traditional alcoholic beverages- Banana liqueurs, wine",January-December
Puwalu,524,Make high quality acid free paper from banana stems and leaves,January-December
Ambul Kesel,4537,cosmetic industry- Make haircare treatments with banana extracts,November-January
Ambul Kesel,1597,Textile industry- make banana fibers,November-January
Kandula,1059,Banana chips ( both sweetened and unsweetened),November-January
Ambul Nadee,213,Banana chocolates and sweets,January-December
Sini Kesel,4867,Make natural remedies,January-December
Sini Kesel,3617,Make single use plastic alternatives,November-January
Seeni Parakum,4801,dehydrated banana chips,January-December
Kandula,3461,"Skincare industry- Make skincare products ( Lotions, creams and face masks",January-December
Seeni Parakum,3097,Make flavors- Banana flavorings and extracts to make flavored syrups and drinks,January-December
Seeni Parakum,2988,Make jam and sugary products to the local market,November-January
Suwandal,497,Make single use plastic alternatives,January-December
Nethra Palam,692,Textile industry- make banana fibers,January-December
Kandula,4035,"Beverage industry - To make milkshakes,smoothies, fruit juices",January-December
Kandula,1311,Make high quality acid free paper from banana stems and leaves,November-January
Rath Kesel,4666,Textile industry- make banana fibers,November-January
Rath Kesel,3726,Make tea bags and filters,November-January
Ambum,4787,dehydrated banana chips,November-January
Ambul Kesel,3385,Export to USA as fresh banana,November-January
Sini Kesel,1138,make banana silk which is eco friendly and biodegradable,November-January
Ambum,1935,make dried and powdered banana peels to use as a supplement in animal feed.,January-December
Nethra Palam,2368,"Pharmaceutical industry- Make antioxidants,vitamins by exploring bioactive compound ",November-January
Ambul Kesel,129,Food industry-desserts varieties,January-December
Ambum,846,Make high quality acid free paper from banana stems and leaves,January-December
Kolikuttu,1800,Make banana oils are used in cosmatic industry,January-December
Ambul Kesel,525,Brewing and distilling industry- Make banana beer,January-December
Anamalu,606,Make breakfast cereals,January-December
Ambul Kesel,4928,Banana candies,January-December
Sini Kesel,2334,cosmetic industry- Make haircare treatments with banana extracts,November-January
Seeni Parakum,3155,cosmetic industry- Make haircare treatments with banana extracts,November-January
Ambul Kesel,325,dehydrated banana chips,November-January
Anamalu,4266,Make banana oils are used in cosmatic industry,January-December
Ambul Nadee,2928,Make single use plastic alternatives,November-January
Anamalu,1320,Make bioplastics,November-January
Nethra Palam,4429,Banana candies,January-December
Ambum,210,"Skincare industry- Make skincare products ( Lotions, creams and face masks",November-January
Suwandal,3074,Make breakfast cereals,November-January
Nethra Palam,1872,make dried and powdered banana peels to use as a supplement in animal feed.,November-January
Ambum,1463,"Traditional alcoholic beverages- Banana liqueurs, wine",January-December
Kolikuttu,3284,Textile industry- make banana fibers,November-January
Nethra Palam,2381,dehydrated banana chips,November-January
Green Banana,417,Make high quality acid free paper from banana stems and leaves,January-December
Ambul Nadee,3395,Banana candies,January-December
Anamalu,4872,"Pharmaceutical industry- Make antioxidants,vitamins by exploring bioactive compound ",January-December
Rath Kesel,2385,Banana chips ( both sweetened and unsweetened),November-January
Nethra Palam,305,Banana chips ( both sweetened and unsweetened),January-December
Nethra Palam,4054,Make innorganic fertilizers,January-December
Kandula,3033,Make organic fertilizers,November-January
Kandula,4098,Bakery industry- Banana breads and banana cakes,January-December
Rath Kesel,3913,Make jam and sugary products to the local market,November-January
Seeni Parakum,2049,"Traditional alcoholic beverages- Banana liqueurs, wine",January-December
Kandula,105,Export to USA as fresh banana,January-December
Rath Kesel,3805,Make banana oils are used in cosmatic industry,January-December
Anamalu,1159,"Traditional alcoholic beverages- Banana liqueurs, wine",November-January
Ambul Kesel,4342,Banana chips ( both sweetened and unsweetened),January-December
Suwandal,4490,Banana flavored craft beers,November-January
Sini Kesel,3259,make banana silk which is eco friendly and biodegradable,November-January
Ambum,1092,Banana chocolates and sweets,November-January
Puwalu,1911,"Skincare industry- Make skincare products ( Lotions, creams and face masks",January-December
Kolikuttu,2031,cosmetic industry- Make haircare treatments with banana extracts,November-January
Kandula,4391,Give CBL to make Waffers Biscuits,November-January
Puwalu,3196,Give CBL to make Waffers Biscuits,November-January
Suwandal,4150,"Traditional alcoholic beverages- Banana liqueurs, wine",November-January
Anamalu,125,Make single use plastic alternatives,January-December
Ambul Kesel,4326,Textile industry- make banana fibers,November-January
Kandula,4493,Make organic fertilizers,January-December
Green Banana,1243,Banana chips ( both sweetened and unsweetened),January-December
Green Banana,2308,Textile industry- make banana fibers,January-December
Seeni Parakum,2046,"Beverage industry - To make milkshakes,smoothies, fruit juices",January-December
Kandula,3403,Make innorganic fertilizers,November-January
Puwalu,4812,Make single use plastic alternatives,January-December
Kandula,107,Banana candies,January-December
Suwandal,337,Textile industry- make banana fibers,January-December
Green Banana,488,Make organic fertilizers,January-December
Puwalu,4848,Food industry-desserts varieties,November-January
Seeni Parakum,1890,Banana flavored craft beers,January-December
Rath Kesel,969,Textile industry- make banana fibers,November-January
Sini Kesel,1023,make banana silk which is eco friendly and biodegradable,January-December
Rath Kesel,2061,Make high quality acid free paper from banana stems and leaves,November-January
Ambul Kesel,3017,Make flavors- Banana flavorings and extracts to make flavored syrups and drinks,November-January
Kandula,227,"Traditional alcoholic beverages- Banana liqueurs, wine",January-December
Rath Kesel,1919,Brewing and distilling industry- Make banana beer,November-January
Suwandal,475,Brewing and distilling industry- Make banana beer,November-January
Ambum,1765,Banana chips ( both sweetened and unsweetened),November-January
Ambul Kesel,3408,Make tea bags and filters,January-December
Nethra Palam,3520,Banana candies,November-January
Ambum,303,"Skincare industry- Make skincare products ( Lotions, creams and face masks",November-January
Sini Kesel,3271,Banana candies,November-January
Kandula,2727,"Skincare industry- Make skincare products ( Lotions, creams and face masks",January-December
Sini Kesel,3801,Food industry-desserts varieties,November-January
Puwalu,4681,Brewing and distilling industry- Make banana beer,November-January
Rath Kesel,504,Food industry-desserts varieties,January-December
Puwalu,3196,"Pharmaceutical industry- Make antioxidants,vitamins by exploring bioactive compound ",January-December
Rath Kesel,4097,Export to USA as fresh banana,January-December
Kolikuttu,4277,"Beverage industry - To make milkshakes,smoothies, fruit juices",November-January
Seeni Parakum,2122,"Skincare industry- Make skincare products ( Lotions, creams and face masks",January-December
Ambul Kesel,1063,Food industry-desserts varieties,January-December
Anamalu,3411,Banana chips ( both sweetened and unsweetened),November-January
Sini Kesel,755,"Skincare industry- Make skincare products ( Lotions, creams and face masks",November-January
Seeni Parakum,275,Bakery industry- Banana breads and banana cakes,January-December
Suwandal,4525,"Beverage industry - To make milkshakes,smoothies, fruit juices",January-December
Kolikuttu,3016,Make breakfast cereals,January-December
Anamalu,2318,Banana chips ( both sweetened and unsweetened),November-January
Kandula,1077,Banana chocolates and sweets,November-January
Puwalu,844,Make single use plastic alternatives,November-January
Sini Kesel,2296,Banana chips ( both sweetened and unsweetened),November-January
Puwalu,1558,"Beverage industry - To make milkshakes,smoothies, fruit juices",November-January
Kolikuttu,4332,Make natural remedies,November-January
Kandula,4642,Make tea bags and filters,January-December
Suwandal,4838,cosmetic industry- Make haircare treatments with banana extracts,January-December
Seeni Parakum,3711,Export to USA as fresh banana,November-January
Green Banana,1468,Banana chips ( both sweetened and unsweetened),November-January
Nethra Palam,4430,dehydrated banana chips,January-December
Kandula,404,Brewing and distilling industry- Make banana beer,November-January
Suwandal,3852,Banana chips ( both sweetened and unsweetened),January-December
Ambul Nadee,1357,dehydrated banana chips,January-December
Anamalu,2402,"Skincare industry- Make skincare products ( Lotions, creams and face masks",January-December
Puwalu,2586,cosmetic industry- Make haircare treatments with banana extracts,January-December
Suwandal,3921,Make organic fertilizers,January-December
Ambul Nadee,3046,Bakery industry- Banana breads and banana cakes,January-December
Kandula,4390,make banana silk which is eco friendly and biodegradable,November-January
Ambul Kesel,613,Make innorganic fertilizers,November-January
Ambul Kesel,4543,Make innorganic fertilizers,January-December
Sini Kesel,4906,"Traditional alcoholic beverages- Banana liqueurs, wine",November-January
Kolikuttu,935,Brewing and distilling industry- Make banana beer,November-January
Green Banana,3692,Make single use plastic alternatives,January-December
Kolikuttu,4822,Make high quality acid free paper from banana stems and leaves,November-January
Kolikuttu,2026,make dried and powdered banana peels to use as a supplement in animal feed.,January-December
Kolikuttu,1393,"Beverage industry - To make milkshakes,smoothies, fruit juices",January-December
Sini Kesel,1918,Brewing and distilling industry- Make banana beer,November-January
Suwandal,3574,Banana flavored craft beers,January-December
Kandula,962,"Pharmaceutical industry- Make antioxidants,vitamins by exploring bioactive compound ",November-January
Suwandal,4744,Make jam and sugary products to the local market,January-December
Nethra Palam,1382,Banana chips ( both sweetened and unsweetened),January-December
Seeni Parakum,3788,Brewing and distilling industry- Make banana beer,January-December
Kandula,3040,Make single use plastic alternatives,November-January
Anamalu,3894,Banana chips ( both sweetened and unsweetened),November-January
Seeni Parakum,2833,Make single use plastic alternatives,November-January
Kolikuttu,1930,Make bioplastics,January-December
Ambum,4620,cosmetic industry- Make haircare treatments with banana extracts,January-December
Kolikuttu,787,Make natural remedies,January-December
Green Banana,1311,Make breakfast cereals,November-January
Sini Kesel,1715,Make flavors- Banana flavorings and extracts to make flavored syrups and drinks,November-January
Anamalu,2354,Make jam and sugary products to the local market,January-December
Rath Kesel,769,Give CBL to make Waffers Biscuits,January-December
Kolikuttu,3018,dehydrated banana chips,November-January
Sini Kesel,3787,Make jam and sugary products to the local market,January-December
Kolikuttu,4811,Make bioplastics,November-January
Kandula,4102,Export to USA as fresh banana,November-January
Ambul Kesel,4841,Make bioplastics,January-December
Nethra Palam,4693,Give CBL to make Waffers Biscuits,January-December
Sini Kesel,3238,Make high quality acid free paper from banana stems and leaves,November-January
Ambul Nadee,251,Brewing and distilling industry- Make banana beer,January-December
Rath Kesel,2469,"Pharmaceutical industry- Make antioxidants,vitamins by exploring bioactive compound ",November-January
Puwalu,4450,Banana chocolates and sweets,November-January
Seeni Parakum,2749,Make jam and sugary products to the local market,January-December
Sini Kesel,4482,Make organic fertilizers,January-December
Ambum,299,Banana chocolates and sweets,January-December
Anamalu,242,Textile industry- make banana fibers,November-January
Green Banana,2919,Make natural remedies,January-December
Ambum,2928,Give CBL to make Waffers Biscuits,January-December
Nethra Palam,1375,Banana flavored craft beers,January-December
Ambum,4927,Make high quality acid free paper from banana stems and leaves,November-January
Kolikuttu,4268,make dried and powdered banana peels to use as a supplement in animal feed.,January-December
Anamalu,93,Make banana oils are used in cosmatic industry,November-January
Ambul Kesel,1543,Make breakfast cereals,January-December
Kandula,1469,Food industry-desserts varieties,January-December
Ambul Nadee,236,Make organic fertilizers,November-January
Rath Kesel,1439,Food industry-desserts varieties,January-December
Nethra Palam,4664,Banana chips ( both sweetened and unsweetened),January-December
Ambul Nadee,3295,Make high quality acid free paper from banana stems and leaves,January-December
Green Banana,1464,Make jam and sugary products to the local market,January-December
Ambul Nadee,328,Export to USA as fresh banana,November-January
Puwalu,4129,"Beverage industry - To make milkshakes,smoothies, fruit juices",January-December
Ambum,1111,"Skincare industry- Make skincare products ( Lotions, creams and face masks",January-December
Anamalu,1319,Banana candies,November-January
Puwalu,982,Make bioplastics,November-January
Puwalu,1990,Banana chocolates and sweets,January-December
Kolikuttu,3568,Make jam and sugary products to the local market,November-January
Ambul Nadee,2949,"Beverage industry - To make milkshakes,smoothies, fruit juices",January-December
Anamalu,3271,"Traditional alcoholic beverages- Banana liqueurs, wine",November-January
Anamalu,4409,Make organic fertilizers,January-December
Puwalu,482,Make breakfast cereals,November-January
Green Banana,3791,cosmetic industry- Make haircare treatments with banana extracts,January-December
Green Banana,3515,Bakery industry- Banana breads and banana cakes,January-December
Ambum,2215,Banana chocolates and sweets,November-January
Ambul Kesel,614,Bakery industry- Banana breads and banana cakes,November-January
Green Banana,4602,Make organic fertilizers,January-December
Anamalu,1216,Export to USA as fresh banana,January-December
Rath Kesel,4321,"Pharmaceutical industry- Make antioxidants,vitamins by exploring bioactive compound ",January-December
Sini Kesel,222,Make tea bags and filters,November-January
Nethra Palam,1827,Banana chips ( both sweetened and unsweetened),January-December
Kandula,1077,"Skincare industry- Make skincare products ( Lotions, creams and face masks",November-January
Anamalu,929,cosmetic industry- Make haircare treatments with banana extracts,January-December
Sini Kesel,1007,Make tea bags and filters,November-January
Ambul Kesel,4257,cosmetic industry- Make haircare treatments with banana extracts,January-December
Puwalu,3419,make banana silk which is eco friendly and biodegradable,January-December
Anamalu,240,Give CBL to make Waffers Biscuits,January-December
Ambul Nadee,759,Make organic fertilizers,January-December
Seeni Parakum,336,"Traditional alcoholic beverages- Banana liqueurs, wine",January-December
Kandula,1682,"Pharmaceutical industry- Make antioxidants,vitamins by exploring bioactive compound ",November-January
Kandula,2509,Banana chocolates and sweets,November-January
Sini Kesel,3049,"Skincare industry- Make skincare products ( Lotions, creams and face masks",November-January
Anamalu,2117,Make natural remedies,November-January
Sini Kesel,4538,Textile industry- make banana fibers,January-December
Anamalu,3186,Make innorganic fertilizers,November-January
Kolikuttu,1778,Export to USA as fresh banana,November-January
Kandula,3712,"Traditional alcoholic beverages- Banana liqueurs, wine",January-December
Ambul Kesel,2734,Banana flavored craft beers,January-December
Ambum,656,dehydrated banana chips,January-December
Seeni Parakum,1735,Bakery industry- Banana breads and banana cakes,January-December
Seeni Parakum,875,Export to USA as fresh banana,November-January
Anamalu,3717,Bakery industry- Banana breads and banana cakes,January-December
Anamalu,722,cosmetic industry- Make haircare treatments with banana extracts,November-January
Green Banana,4682,Give CBL to make Waffers Biscuits,November-January
Rath Kesel,2286,"Traditional alcoholic beverages- Banana liqueurs, wine",January-December
Anamalu,4745,"Pharmaceutical industry- Make antioxidants,vitamins by exploring bioactive compound ",January-December
Nethra Palam,844,"Beverage industry - To make milkshakes,smoothies, fruit juices",November-January
Kandula,1582,Make single use plastic alternatives,January-December
Ambul Nadee,4892,Make organic fertilizers,November-January
Seeni Parakum,3189,dehydrated banana chips,November-January
Suwandal,2254,Make breakfast cereals,November-January
Sini Kesel,1477,Make flavors- Banana flavorings and extracts to make flavored syrups and drinks,January-December
Puwalu,872,Make single use plastic alternatives,November-January
Ambul Kesel,1841,Banana candies,November-January
Seeni Parakum,1488,make dried and powdered banana peels to use as a supplement in animal feed.,January-December
Ambul Nadee,4127,Make tea bags and filters,January-December
Nethra Palam,2450,"Traditional alcoholic beverages- Banana liqueurs, wine",January-December
Anamalu,4564,cosmetic industry- Make haircare treatments with banana extracts,January-December
Green Banana,1918,Make banana oils are used in cosmatic industry,November-January
Sini Kesel,4092,Make natural remedies,January-December
Rath Kesel,3613,Banana candies,January-December
Seeni Parakum,4708,Make tea bags and filters,November-January
Puwalu,559,"Traditional alcoholic beverages- Banana liqueurs, wine",November-January
Seeni Parakum,1371,"Pharmaceutical industry- Make antioxidants,vitamins by exploring bioactive compound ",November-January
Nethra Palam,1124,Banana candies,January-December
Suwandal,2246,Make high quality acid free paper from banana stems and leaves,November-January
Seeni Parakum,360,Brewing and distilling industry- Make banana beer,January-December
Ambum,742,Make flavors- Banana flavorings and extracts to make flavored syrups and drinks,January-December
Kandula,2215,Make single use plastic alternatives,November-January
Anamalu,101,Make natural remedies,January-December
Ambum,1791,Make innorganic fertilizers,November-January
Rath Kesel,3490,make banana silk which is eco friendly and biodegradable,January-December
Nethra Palam,2860,Make natural remedies,January-December
Suwandal,2400,Make innorganic fertilizers,January-December
Kandula,4154,cosmetic industry- Make haircare treatments with banana extracts,November-January
Puwalu,4244,Make high quality acid free paper from banana stems and leaves,November-January
Rath Kesel,4569,"Traditional alcoholic beverages- Banana liqueurs, wine",November-January
Kandula,586,Textile industry- make banana fibers,January-December
Seeni Parakum,647,Give CBL to make Waffers Biscuits,November-January
Ambul Nadee,3786,Make organic fertilizers,January-December
Ambul Kesel,3737,Banana chocolates and sweets,January-December
Green Banana,5000,Make single use plastic alternatives,January-December
Seeni Parakum,3635,Banana chocolates and sweets,January-December
Rath Kesel,4092,Export to USA as fresh banana,November-January
Ambul Nadee,609,Make organic fertilizers,January-December
Nethra Palam,806,make dried and powdered banana peels to use as a supplement in animal feed.,November-January
Puwalu,2947,Food industry-desserts varieties,January-December
Ambul Kesel,1433,"Traditional alcoholic beverages- Banana liqueurs, wine",January-December
Ambul Kesel,3117,Make natural remedies,November-January
Suwandal,580,Bakery industry- Banana breads and banana cakes,November-January
Sini Kesel,4748,dehydrated banana chips,November-January
Kolikuttu,446,Banana candies,November-January
Suwandal,3779,make dried and powdered banana peels to use as a supplement in animal feed.,January-December
Puwalu,368,Make banana oils are used in cosmatic industry,November-January
Rath Kesel,1030,Make single use plastic alternatives,November-January
Kolikuttu,1046,dehydrated banana chips,November-January
Sini Kesel,1529,Banana chocolates and sweets,January-December
Rath Kesel,200,Make breakfast cereals,January-December
Sini Kesel,2220,make banana silk which is eco friendly and biodegradable,January-December
Rath Kesel,3114,Make breakfast cereals,January-December
Kandula,808,dehydrated banana chips,November-January
Ambul Kesel,869,"Pharmaceutical industry- Make antioxidants,vitamins by exploring bioactive compound ",November-January
Seeni Parakum,4668,dehydrated banana chips,January-December
Seeni Parakum,1617,Banana chocolates and sweets,January-December
Nethra Palam,2635,Make natural remedies,January-December
Puwalu,4835,Make natural remedies,November-January
Puwalu,3760,Export to USA as fresh banana,November-January
Kolikuttu,1473,Give CBL to make Waffers Biscuits,January-December
Ambul Kesel,1960,Make innorganic fertilizers,November-January
Suwandal,3758,"Skincare industry- Make skincare products ( Lotions, creams and face masks",January-December
Kolikuttu,2535,Make tea bags and filters,January-December
Seeni Parakum,1261,Make breakfast cereals,November-January
Ambul Nadee,4733,make dried and powdered banana peels to use as a supplement in animal feed.,January-December
Rath Kesel,2753,Make tea bags and filters,January-December
Ambul Nadee,644,cosmetic industry- Make haircare treatments with banana extracts,November-January
Ambum,2253,Textile industry- make banana fibers,November-January
Seeni Parakum,715,"Beverage industry - To make milkshakes,smoothies, fruit juices",January-December
Seeni Parakum,3008,Export to USA as fresh banana,January-December
Ambul Kesel,1481,Make bioplastics,November-January
Sini Kesel,4331,Export to USA as fresh banana,January-December
Kandula,2850,Export to USA as fresh banana,January-December
Seeni Parakum,1825,Make tea bags and filters,November-January
Suwandal,3586,Make high quality acid free paper from banana stems and leaves,November-January
Puwalu,4452,Make flavors- Banana flavorings and extracts to make flavored syrups and drinks,January-December
Puwalu,1584,Make flavors- Banana flavorings and extracts to make flavored syrups and drinks,January-December
Green Banana,3573,Textile industry- make banana fibers,November-January
Kandula,2957,Make innorganic fertilizers,November-January
Ambul Kesel,2019,make banana silk which is eco friendly and biodegradable,January-December
Sini Kesel,2092,"Pharmaceutical industry- Make antioxidants,vitamins by exploring bioactive compound ",January-December
Kolikuttu,1709,Make high quality acid free paper from banana stems and leaves,November-January
Ambul Nadee,3246,Make natural remedies,January-December
Puwalu,494,cosmetic industry- Make haircare treatments with banana extracts,November-January
Ambul Kesel,1197,Make single use plastic alternatives,November-January
Green Banana,2952,make banana silk which is eco friendly and biodegradable,November-January
Puwalu,3537,Make flavors- Banana flavorings and extracts to make flavored syrups and drinks,November-January
Suwandal,4651,Make organic fertilizers,January-December
Ambul Kesel,4205,Make tea bags and filters,November-January
Sini Kesel,2080,cosmetic industry- Make haircare treatments with banana extracts,November-January
Ambum,2193,Banana chips ( both sweetened and unsweetened),January-December
Green Banana,4522,make banana silk which is eco friendly and biodegradable,November-January
Rath Kesel,4603,"Pharmaceutical industry- Make antioxidants,vitamins by exploring bioactive compound ",January-December
Sini Kesel,2426,Make tea bags and filters,November-January
Anamalu,1271,Give CBL to make Waffers Biscuits,January-December
Puwalu,2977,"Beverage industry - To make milkshakes,smoothies, fruit juices",November-January
Kandula,4349,Food industry-desserts varieties,January-December
Ambul Kesel,1620,make banana silk which is eco friendly and biodegradable,January-December
Seeni Parakum,2893,Export to USA as fresh banana,November-January
Puwalu,1359,Make banana oils are used in cosmatic industry,January-December
Green Banana,1827,make dried and powdered banana peels to use as a supplement in animal feed.,January-December
Rath Kesel,3068,"Beverage industry - To make milkshakes,smoothies, fruit juices",January-December
Nethra Palam,890,Make natural remedies,November-January
Seeni Parakum,4609,Make natural remedies,January-December
Green Banana,2648,Banana chips ( both sweetened and unsweetened),November-January
Nethra Palam,1162,Export to USA as fresh banana,January-December
Ambul Nadee,4598,Make bioplastics,November-January
Puwalu,4409,Bakery industry- Banana breads and banana cakes,November-January
Ambum,3828,Banana chips ( both sweetened and unsweetened),November-January
Sini Kesel,1455,Make high quality acid free paper from banana stems and leaves,November-January
Nethra Palam,4843,Make high quality acid free paper from banana stems and leaves,November-January
Green Banana,1044,Export to USA as fresh banana,November-January
Ambul Nadee,921,Textile industry- make banana fibers,November-January
Puwalu,1698,Banana chips ( both sweetened and unsweetened),January-December
Ambul Nadee,1450,Banana candies,January-December
Ambul Kesel,1259,Make flavors- Banana flavorings and extracts to make flavored syrups and drinks,January-December
Green Banana,452,"Pharmaceutical industry- Make antioxidants,vitamins by exploring bioactive compound ",November-January
Ambul Nadee,2685,make banana silk which is eco friendly and biodegradable,January-December
Green Banana,3521,cosmetic industry- Make haircare treatments with banana extracts,November-January
Anamalu,882,Textile industry- make banana fibers,January-December
Nethra Palam,4007,Textile industry- make banana fibers,November-January
Sini Kesel,4637,Give CBL to make Waffers Biscuits,January-December
Suwandal,2172,Make flavors- Banana flavorings and extracts to make flavored syrups and drinks,November-January
Sini Kesel,4460,Brewing and distilling industry- Make banana beer,January-December
Seeni Parakum,1803,"Beverage industry - To make milkshakes,smoothies, fruit juices",November-January
Ambul Kesel,1207,"Traditional alcoholic beverages- Banana liqueurs, wine",November-January
Suwandal,1275,Make jam and sugary products to the local market,November-January
Sini Kesel,1419,Make organic fertilizers,January-December
Puwalu,3981,make banana silk which is eco friendly and biodegradable,January-December
Ambum,2546,Make innorganic fertilizers,January-December
Anamalu,2927,Banana chocolates and sweets,November-January
Ambum,66,Make bioplastics,January-December
Puwalu,861,cosmetic industry- Make haircare treatments with banana extracts,January-December
Ambul Kesel,3353,Bakery industry- Banana breads and banana cakes,November-January
Sini Kesel,1090,Make flavors- Banana flavorings and extracts to make flavored syrups and drinks,January-December
Nethra Palam,4472,cosmetic industry- Make haircare treatments with banana extracts,January-December
Ambum,4357,"Pharmaceutical industry- Make antioxidants,vitamins by exploring bioactive compound ",January-December
Nethra Palam,2152,Make breakfast cereals,November-January
Ambul Nadee,1034,Make single use plastic alternatives,November-January
Ambul Kesel,4521,Food industry-desserts varieties,January-December
Ambum,1440,Export to USA as fresh banana,November-January
Nethra Palam,2823,Make innorganic fertilizers,November-January
Kandula,3382,Food industry-desserts varieties,November-January
Sini Kesel,2008,Make high quality acid free paper from banana stems and leaves,January-December
Nethra Palam,797,cosmetic industry- Make haircare treatments with banana extracts,November-January
Anamalu,1997,Make innorganic fertilizers,January-December
Ambul Nadee,1958,make dried and powdered banana peels to use as a supplement in animal feed.,January-December
Seeni Parakum,1494,Banana candies,January-December
Kandula,3734,Make tea bags and filters,November-January
Puwalu,3722,Banana chips ( both sweetened and unsweetened),January-December
Sini Kesel,4587,Banana chips ( both sweetened and unsweetened),January-December
Kolikuttu,429,Make single use plastic alternatives,January-December
Kolikuttu,1186,Make bioplastics,November-January
Ambum,837,make dried and powdered banana peels to use as a supplement in animal feed.,January-December
Ambul Kesel,686,Textile industry- make banana fibers,November-January
Sini Kesel,3917,Bakery industry- Banana breads and banana cakes,November-January
Ambul Kesel,1374,Food industry-desserts varieties,November-January
Rath Kesel,167,"Traditional alcoholic beverages- Banana liqueurs, wine",January-December
Ambul Kesel,2202,Make flavors- Banana flavorings and extracts to make flavored syrups and drinks,November-January
Sini Kesel,2486,Bakery industry- Banana breads and banana cakes,November-January
Kandula,4419,Make high quality acid free paper from banana stems and leaves,January-December
Green Banana,3028,Banana candies,January-December
Kolikuttu,2020,Banana candies,November-January
Puwalu,2230,Banana chips ( both sweetened and unsweetened),January-December
Seeni Parakum,3693,Banana flavored craft beers,January-December
Green Banana,476,Make jam and sugary products to the local market,November-January
Rath Kesel,1715,Banana candies,November-January
Rath Kesel,880,Make flavors- Banana flavorings and extracts to make flavored syrups and drinks,January-December
Kandula,3166,dehydrated banana chips,November-January
Seeni Parakum,2969,Make bioplastics,January-December
Ambul Kesel,2771,Textile industry- make banana fibers,November-January
Green Banana,4177,Brewing and distilling industry- Make banana beer,November-January
Sini Kesel,1332,make banana silk which is eco friendly and biodegradable,January-December
Rath Kesel,2409,Banana chocolates and sweets,January-December
Anamalu,1145,cosmetic industry- Make haircare treatments with banana extracts,November-January
Nethra Palam,879,Banana chocolates and sweets,November-January
Kolikuttu,2472,Make jam and sugary products to the local market,January-December
Ambum,4938,Banana chips ( both sweetened and unsweetened),January-December
Sini Kesel,4729,"Traditional alcoholic beverages- Banana liqueurs, wine",November-January
Ambul Nadee,251,Make tea bags and filters,November-January
Anamalu,2881,Brewing and distilling industry- Make banana beer,November-January
Nethra Palam,2910,Make breakfast cereals,January-December
Suwandal,4323,cosmetic industry- Make haircare treatments with banana extracts,November-January
Rath Kesel,2070,"Pharmaceutical industry- Make antioxidants,vitamins by exploring bioactive compound ",January-December
Puwalu,4278,Banana candies,November-January
Kandula,4216,Textile industry- make banana fibers,November-January
Ambum,3614,Brewing and distilling industry- Make banana beer,January-December
Rath Kesel,3542,Banana flavored craft beers,January-December
Ambul Nadee,3519,Make innorganic fertilizers,January-December
Nethra Palam,3629,Make flavors- Banana flavorings and extracts to make flavored syrups and drinks,January-December
Ambum,3966,make dried and powdered banana peels to use as a supplement in animal feed.,January-December
Nethra Palam,423,Make flavors- Banana flavorings and extracts to make flavored syrups and drinks,November-January
Ambul Kesel,4639,Make innorganic fertilizers,January-December
Seeni Parakum,2980,"Beverage industry - To make milkshakes,smoothies, fruit juices",January-December
Sini Kesel,3077,Banana chips ( both sweetened and unsweetened),November-January
Nethra Palam,4811,Give CBL to make Waffers Biscuits,November-January
Seeni Parakum,389,make dried and powdered banana peels to use as a supplement in animal feed.,January-December
Ambul Kesel,1836,Brewing and distilling industry- Make banana beer,November-January
Ambul Kesel,1774,Make bioplastics,November-January
Ambul Nadee,4286,Make breakfast cereals,November-January
Rath Kesel,4206,Banana chips ( both sweetened and unsweetened),November-January
Kandula,2249,Make breakfast cereals,November-January
Sini Kesel,2018,Give CBL to make Waffers Biscuits,November-January
Suwandal,4368,Brewing and distilling industry- Make banana beer,January-December
Seeni Parakum,2916,"Skincare industry- Make skincare products ( Lotions, creams and face masks",November-January
Ambul Nadee,3728,make dried and powdered banana peels to use as a supplement in animal feed.,January-December
Ambul Nadee,4665,Give CBL to make Waffers Biscuits,January-December
Ambum,4009,Make natural remedies,November-January
Green Banana,3296,Banana chips ( both sweetened and unsweetened),January-December
Green Banana,4474,Make jam and sugary products to the local market,January-December
Suwandal,1365,Make breakfast cereals,January-December
Nethra Palam,2929,cosmetic industry- Make haircare treatments with banana extracts,January-December
Anamalu,3070,Make bioplastics,January-December
Green Banana,3356,Banana chips ( both sweetened and unsweetened),January-December
Suwandal,4902,Export to USA as fresh banana,January-December
Nethra Palam,2936,Banana chips ( both sweetened and unsweetened),January-December
Rath Kesel,3498,Make natural remedies,January-December
Ambum,4697,Food industry-desserts varieties,January-December
Suwandal,4723,Brewing and distilling industry- Make banana beer,January-December
Ambul Nadee,3952,Brewing and distilling industry- Make banana beer,January-December
Seeni Parakum,1376,Make flavors- Banana flavorings and extracts to make flavored syrups and drinks,November-January
Kandula,4298,Make bioplastics,November-January
Anamalu,849,Make high quality acid free paper from banana stems and leaves,November-January
Ambum,2538,Make tea bags and filters,November-January
Kandula,1872,Banana chips ( both sweetened and unsweetened),January-December
Seeni Parakum,4222,"Traditional alcoholic beverages- Banana liqueurs, wine",January-December
Ambum,4011,Banana chips ( both sweetened and unsweetened),January-December
Puwalu,2319,Make tea bags and filters,January-December
Sini Kesel,217,"Skincare industry- Make skincare products ( Lotions, creams and face masks",November-January
Seeni Parakum,1445,Make flavors- Banana flavorings and extracts to make flavored syrups and drinks,November-January
Suwandal,2493,make banana silk which is eco friendly and biodegradable,November-January
Seeni Parakum,604,Give CBL to make Waffers Biscuits,November-January
Anamalu,3915,Make high quality acid free paper from banana stems and leaves,November-January
Seeni Parakum,828,Banana candies,January-December
Ambum,394,Make bioplastics,November-January
Ambul Nadee,353,cosmetic industry- Make haircare treatments with banana extracts,January-December
Seeni Parakum,3774,Food industry-desserts varieties,January-December
Nethra Palam,2879,Textile industry- make banana fibers,January-December
Sini Kesel,513,Banana candies,January-December
Nethra Palam,1759,Banana flavored craft beers,January-December
Puwalu,1270,Make bioplastics,January-December
Puwalu,3804,Give CBL to make Waffers Biscuits,January-December
Kolikuttu,2905,Make tea bags and filters,November-January
Ambul Nadee,3577,Make banana oils are used in cosmatic industry,January-December
Nethra Palam,2879,"Traditional alcoholic beverages- Banana liqueurs, wine",January-December
Sini Kesel,4721,Make innorganic fertilizers,January-December
Suwandal,3213,Brewing and distilling industry- Make banana beer,January-December
Kolikuttu,2642,Bakery industry- Banana breads and banana cakes,November-January
Sini Kesel,4272,Export to USA as fresh banana,November-January
Seeni Parakum,2538,Make natural remedies,November-January
Green Banana,2214,make banana silk which is eco friendly and biodegradable,November-January
Suwandal,2070,make banana silk which is eco friendly and biodegradable,January-December
Ambul Nadee,4665,make banana silk which is eco friendly and biodegradable,November-January
Green Banana,2197,make banana silk which is eco friendly and biodegradable,November-January
Ambul Kesel,2990,Bakery industry- Banana breads and banana cakes,November-January
Ambul Nadee,4157,Banana candies,January-December
Puwalu,3881,make dried and powdered banana peels to use as a supplement in animal feed.,January-December
Ambul Kesel,3408,Make jam and sugary products to the local market,November-January
Green Banana,4497,Export to USA as fresh banana,November-January
Sini Kesel,321,Banana flavored craft beers,November-January
Green Banana,2689,dehydrated banana chips,January-December
Nethra Palam,4807,Make innorganic fertilizers,January-December
Ambul Nadee,3067,"Traditional alcoholic beverages- Banana liqueurs, wine",November-January
Nethra Palam,2203,Banana chips ( both sweetened and unsweetened),November-January
Suwandal,2660,Make bioplastics,November-January
Sini Kesel,1258,Export to USA as fresh banana,January-December
Seeni Parakum,1323,dehydrated banana chips,November-January
Suwandal,2024,Food industry-desserts varieties,January-December
Suwandal,3395,cosmetic industry- Make haircare treatments with banana extracts,January-December
Suwandal,4444,Make high quality acid free paper from banana stems and leaves,November-January
Ambul Nadee,4778,Make high quality acid free paper from banana stems and leaves,January-December
Kandula,578,"Skincare industry- Make skincare products ( Lotions, creams and face masks",January-December
Nethra Palam,2728,"Pharmaceutical industry- Make antioxidants,vitamins by exploring bioactive compound ",January-December
Ambum,2625,Make innorganic fertilizers,November-January
Rath Kesel,673,Make jam and sugary products to the local market,November-January
Ambum,3601,Give CBL to make Waffers Biscuits,November-January
Nethra Palam,3124,"Traditional alcoholic beverages- Banana liqueurs, wine",November-January
Rath Kesel,4079,dehydrated banana chips,January-December
Green Banana,4208,Make high quality acid free paper from banana stems and leaves,January-December
Rath Kesel,1473,Make innorganic fertilizers,January-December
Rath Kesel,2880,make banana silk which is eco friendly and biodegradable,January-December
Green Banana,1992,make banana silk which is eco friendly and biodegradable,January-December
Anamalu,458,"Traditional alcoholic beverages- Banana liqueurs, wine",November-January
Suwandal,1738,Banana flavored craft beers,January-December
Sini Kesel,3638,make banana silk which is eco friendly and biodegradable,January-December
Puwalu,4941,"Beverage industry - To make milkshakes,smoothies, fruit juices",November-January
Ambul Nadee,4910,Make innorganic fertilizers,January-December
Kolikuttu,3758,Export to USA as fresh banana,January-December
Seeni Parakum,2466,"Traditional alcoholic beverages- Banana liqueurs, wine",January-December
Green Banana,3379,Bakery industry- Banana breads and banana cakes,November-January
Rath Kesel,3672,Give CBL to make Waffers Biscuits,January-December
Suwandal,3765,Make tea bags and filters,November-January
Ambul Nadee,938,Make single use plastic alternatives,November-January
Rath Kesel,1930,dehydrated banana chips,November-January
Anamalu,2815,Give CBL to make Waffers Biscuits,November-January
Sini Kesel,3745,Make high quality acid free paper from banana stems and leaves,November-January
Ambul Kesel,4838,Make tea bags and filters,January-December
Seeni Parakum,1899,cosmetic industry- Make haircare treatments with banana extracts,January-December
Rath Kesel,1820,"Traditional alcoholic beverages- Banana liqueurs, wine",January-December
Seeni Parakum,1568,Banana flavored craft beers,January-December
Green Banana,3313,Banana chocolates and sweets,January-December
Ambul Nadee,3449,Make jam and sugary products to the local market,January-December
Ambum,2963,Make jam and sugary products to the local market,November-January
Seeni Parakum,652,Banana flavored craft beers,November-January
Kandula,1585,Banana flavored craft beers,November-January
Ambum,1229,Make bioplastics,November-January
Sini Kesel,1576,Make flavors- Banana flavorings and extracts to make flavored syrups and drinks,January-December
Nethra Palam,4796,Banana chips ( both sweetened and unsweetened),January-December
Rath Kesel,2920,make banana silk which is eco friendly and biodegradable,November-January
Ambum,3399,"Skincare industry- Make skincare products ( Lotions, creams and face masks",November-January
Kandula,821,Make bioplastics,January-December
Ambul Nadee,512,Make tea bags and filters,November-January
Kandula,4912,Make banana oils are used in cosmatic industry,January-December
Ambul Nadee,4305,Make banana oils are used in cosmatic industry,November-January
Nethra Palam,2310,"Traditional alcoholic beverages- Banana liqueurs, wine",November-January
Ambul Kesel,1896,Make innorganic fertilizers,January-December
Nethra Palam,1447,Give CBL to make Waffers Biscuits,November-January
Nethra Palam,4544,Make jam and sugary products to the local market,January-December
Anamalu,2743,Make high quality acid free paper from banana stems and leaves,November-January
Nethra Palam,4468,Make breakfast cereals,January-December
Kandula,2665,make dried and powdered banana peels to use as a supplement in animal feed.,January-December
Nethra Palam,2821,make dried and powdered banana peels to use as a supplement in animal feed.,January-December
Ambum,2204,make dried and powdered banana peels to use as a supplement in animal feed.,January-December
Puwalu,1379,"Pharmaceutical industry- Make antioxidants,vitamins by exploring bioactive compound ",November-January
Nethra Palam,488,Make bioplastics,November-January
Seeni Parakum,4703,Make bioplastics,November-January
Suwandal,2322,Banana flavored craft beers,January-December
Seeni Parakum,4576,Make jam and sugary products to the local market,November-January
Nethra Palam,2019,Make single use plastic alternatives,January-December
Anamalu,923,Make tea bags and filters,January-December
Puwalu,3948,Textile industry- make banana fibers,November-January
Suwandal,230,Banana candies,January-December
Anamalu,1572,Export to USA as fresh banana,November-January
Kolikuttu,3848,Make innorganic fertilizers,January-December
Puwalu,172,Textile industry- make banana fibers,November-January
Rath Kesel,2758,Make single use plastic alternatives,November-January
Seeni Parakum,2230,Food industry-desserts varieties,January-December
Rath Kesel,4332,Make bioplastics,January-December
Ambul Nadee,949,"Traditional alcoholic beverages- Banana liqueurs, wine",January-December
Suwandal,4337,Make flavors- Banana flavorings and extracts to make flavored syrups and drinks,November-January
Kolikuttu,535,Make innorganic fertilizers,January-December
Nethra Palam,1800,Banana chocolates and sweets,January-December
Seeni Parakum,162,Make flavors- Banana flavorings and extracts to make flavored syrups and drinks,November-January
Kolikuttu,4104,cosmetic industry- Make haircare treatments with banana extracts,January-December
Anamalu,3410,Make breakfast cereals,January-December
Seeni Parakum,2122,dehydrated banana chips,November-January
Puwalu,2297,dehydrated banana chips,November-January
Kandula,3291,Textile industry- make banana fibers,November-January
Seeni Parakum,2835,Make banana oils are used in cosmatic industry,November-January
Ambum,1983,Make high quality acid free paper from banana stems and leaves,January-December
Sini Kesel,4986,Brewing and distilling industry- Make banana beer,January-December
Rath Kesel,3089,Banana chocolates and sweets,January-December
Sini Kesel,1909,Make high quality acid free paper from banana stems and leaves,November-January
Puwalu,1206,Bakery industry- Banana breads and banana cakes,January-December
Kandula,2516,Export to USA as fresh banana,November-January
Seeni Parakum,2300,Export to USA as fresh banana,November-January
Anamalu,1387,Banana candies,November-January
Ambum,1206,Make flavors- Banana flavorings and extracts to make flavored syrups and drinks,January-December
Anamalu,3305,Make breakfast cereals,January-December
Puwalu,1709,"Beverage industry - To make milkshakes,smoothies, fruit juices",November-January
Rath Kesel,1422,Banana chips ( both sweetened and unsweetened),January-December
Sini Kesel,3227,"Traditional alcoholic beverages- Banana liqueurs, wine",November-January
Seeni Parakum,3806,Make single use plastic alternatives,November-January
Anamalu,3823,Make innorganic fertilizers,November-January
Green Banana,764,make banana silk which is eco friendly and biodegradable,January-December
Ambul Nadee,2261,Make banana oils are used in cosmatic industry,November-January
Puwalu,4391,Brewing and distilling industry- Make banana beer,January-December
Puwalu,4321,Make single use plastic alternatives,January-December
Ambum,1893,Make organic fertilizers,January-December
Suwandal,2685,"Pharmaceutical industry- Make antioxidants,vitamins by exploring bioactive compound ",November-January
Nethra Palam,3848,Make bioplastics,January-December
Nethra Palam,1750,Banana candies,January-December
Green Banana,860,Make jam and sugary products to the local market,November-January
Seeni Parakum,3454,"Skincare industry- Make skincare products ( Lotions, creams and face masks",January-December
Suwandal,2856,Banana chips ( both sweetened and unsweetened),November-January
Suwandal,2689,Make tea bags and filters,November-January
Ambul Nadee,307,Bakery industry- Banana breads and banana cakes,January-December
Puwalu,2705,Make innorganic fertilizers,January-December
Kandula,170,Make organic fertilizers,November-January
Kolikuttu,4008,Bakery industry- Banana breads and banana cakes,January-December
Anamalu,4354,Make banana oils are used in cosmatic industry,January-December
Nethra Palam,2375,Banana flavored craft beers,January-December
Green Banana,2895,Bakery industry- Banana breads and banana cakes,January-December
Nethra Palam,4375,Give CBL to make Waffers Biscuits,January-December
Kandula,875,Make jam and sugary products to the local market,November-January
Ambul Nadee,4516,Make high quality acid free paper from banana stems and leaves,January-December
Ambum,4233,Brewing and distilling industry- Make banana beer,January-December
Kolikuttu,1445,"Beverage industry - To make milkshakes,smoothies, fruit juices",November-January
Green Banana,3127,Make innorganic fertilizers,January-December
Green Banana,1206,"Skincare industry- Make skincare products ( Lotions, creams and face masks",January-December
Ambum,4046,Food industry-desserts varieties,January-December
Nethra Palam,628,Make organic fertilizers,November-January
Rath Kesel,3852,Make flavors- Banana flavorings and extracts to make flavored syrups and drinks,January-December
Puwalu,4461,cosmetic industry- Make haircare treatments with banana extracts,January-December
Ambum,4917,Banana chocolates and sweets,January-December
Ambul Kesel,3666,"Skincare industry- Make skincare products ( Lotions, creams and face masks",January-December
Ambul Nadee,2036,Textile industry- make banana fibers,January-December
Ambul Nadee,829,Make banana oils are used in cosmatic industry,November-January
Kolikuttu,486,Make innorganic fertilizers,November-January
Kolikuttu,1162,Food industry-desserts varieties,January-December
Kolikuttu,1682,cosmetic industry- Make haircare treatments with banana extracts,January-December
Sini Kesel,3860,dehydrated banana chips,November-January
Ambul Kesel,1528,Make organic fertilizers,January-December
Kandula,2273,Export to USA as fresh banana,November-January
Kandula,4919,Banana chips ( both sweetened and unsweetened),January-December
Green Banana,840,Textile industry- make banana fibers,November-January
Kolikuttu,4084,Make innorganic fertilizers,November-January
Ambul Nadee,149,Brewing and distilling industry- Make banana beer,January-December
Ambum,3385,"Beverage industry - To make milkshakes,smoothies, fruit juices",November-January
Sini Kesel,2808,Make organic fertilizers,November-January
Green Banana,943,Make breakfast cereals,January-December
Kolikuttu,2905,"Traditional alcoholic beverages- Banana liqueurs, wine",January-December
Kolikuttu,3246,Make single use plastic alternatives,January-December
Sini Kesel,1005,Give CBL to make Waffers Biscuits,January-December
Sini Kesel,575,Make flavors- Banana flavorings and extracts to make flavored syrups and drinks,November-January
Puwalu,1687,Make jam and sugary products to the local market,January-December
Ambum,1080,Banana flavored craft beers,November-January
Nethra Palam,3001,Bakery industry- Banana breads and banana cakes,November-January
Ambul Kesel,3341,make banana silk which is eco friendly and biodegradable,November-January
Ambul Kesel,2785,Make banana oils are used in cosmatic industry,November-January
Green Banana,2013,Make organic fertilizers,November-January
Kandula,3646,Make bioplastics,January-December
Green Banana,1411,"Pharmaceutical industry- Make antioxidants,vitamins by exploring bioactive compound ",January-December
Ambul Kesel,1732,Banana flavored craft beers,January-December
Anamalu,190,Brewing and distilling industry- Make banana beer,January-December
Sini Kesel,455,Bakery industry- Banana breads and banana cakes,November-January
Ambul Kesel,993,Food industry-desserts varieties,January-December
Rath Kesel,4144,Make tea bags and filters,November-January
Kandula,269,Make single use plastic alternatives,January-December
Anamalu,2842,Make organic fertilizers,January-December
Kolikuttu,3009,Banana chips ( both sweetened and unsweetened),November-January
Green Banana,1178,Export to USA as fresh banana,November-January
Anamalu,3152,Banana candies,January-December
Nethra Palam,2652,make banana silk which is eco friendly and biodegradable,January-December
Suwandal,2994,Banana chips ( both sweetened and unsweetened),November-January
Seeni Parakum,2085,Make high quality acid free paper from banana stems and leaves,January-December
Sini Kesel,4142,Banana candies,November-January
Anamalu,771,"Beverage industry - To make milkshakes,smoothies, fruit juices",January-December
Kolikuttu,4873,Banana candies,November-January
Seeni Parakum,2709,"Skincare industry- Make skincare products ( Lotions, creams and face masks",January-December
Seeni Parakum,4607,Textile industry- make banana fibers,January-December
Rath Kesel,4430,Make jam and sugary products to the local market,November-January
Ambul Kesel,4266,Banana chocolates and sweets,January-December
Sini Kesel,2939,"Pharmaceutical industry- Make antioxidants,vitamins by exploring bioactive compound ",November-January
Kandula,1738,Make organic fertilizers,November-January
Ambul Nadee,343,Brewing and distilling industry- Make banana beer,January-December
Sini Kesel,3917,"Pharmaceutical industry- Make antioxidants,vitamins by exploring bioactive compound ",November-January
Kandula,1085,Make bioplastics,January-December
Green Banana,2174,Banana candies,January-December
Anamalu,964,"Beverage industry - To make milkshakes,smoothies, fruit juices",January-December
Seeni Parakum,1607,Brewing and distilling industry- Make banana beer,November-January
Green Banana,3383,Bakery industry- Banana breads and banana cakes,November-January
Seeni Parakum,314,Brewing and distilling industry- Make banana beer,November-January
Ambum,2042,"Pharmaceutical industry- Make antioxidants,vitamins by exploring bioactive compound ",November-January
Kolikuttu,2733,make banana silk which is eco friendly and biodegradable,November-January
Anamalu,4658,cosmetic industry- Make haircare treatments with banana extracts,November-January
Kolikuttu,1340,Make innorganic fertilizers,November-January
Kandula,2833,Brewing and distilling industry- Make banana beer,November-January
Anamalu,1868,Make banana oils are used in cosmatic industry,January-December
Green Banana,3612,dehydrated banana chips,November-January
Nethra Palam,1192,Textile industry- make banana fibers,November-January
Sini Kesel,3221,Make natural remedies,November-January
Rath Kesel,944,dehydrated banana chips,January-December
Kolikuttu,1266,Give CBL to make Waffers Biscuits,November-January
Kolikuttu,2141,Bakery industry- Banana breads and banana cakes,January-December
Kandula,2384,Make innorganic fertilizers,November-January
Ambul Nadee,186,Brewing and distilling industry- Make banana beer,January-December
Nethra Palam,528,make dried and powdered banana peels to use as a supplement in animal feed.,January-December
Nethra Palam,3654,"Beverage industry - To make milkshakes,smoothies, fruit juices",January-December
Nethra Palam,252,Textile industry- make banana fibers,January-December
Ambum,2146,Banana chips ( both sweetened and unsweetened),January-December
Kolikuttu,2493,Brewing and distilling industry- Make banana beer,January-December
Kandula,4091,Make banana oils are used in cosmatic industry,November-January
Green Banana,3094,dehydrated banana chips,January-December
Kolikuttu,4896,Make banana oils are used in cosmatic industry,January-December
Kandula,3030,Give CBL to make Waffers Biscuits,November-January
Sini Kesel,3820,Make banana oils are used in cosmatic industry,November-January
Seeni Parakum,2721,Make natural remedies,November-January
Puwalu,648,Food industry-desserts varieties,November-January
Suwandal,4893,Banana candies,November-January
Nethra Palam,904,Brewing and distilling industry- Make banana beer,November-January
Nethra Palam,2754,Banana chips ( both sweetened and unsweetened),November-January
Rath Kesel,4961,"Traditional alcoholic beverages- Banana liqueurs, wine",January-December
Ambul Nadee,1366,Bakery industry- Banana breads and banana cakes,January-December
Puwalu,4609,Export to USA as fresh banana,November-January
Kolikuttu,4628,Banana chocolates and sweets,January-December
Seeni Parakum,2604,Bakery industry- Banana breads and banana cakes,January-December
Suwandal,4305,Give CBL to make Waffers Biscuits,January-December
Kolikuttu,1802,Make tea bags and filters,November-January
Seeni Parakum,2609,Food industry-desserts varieties,November-January
Ambul Nadee,3702,dehydrated banana chips,January-December
Ambum,952,Banana flavored craft beers,November-January
Ambul Nadee,1869,Make banana oils are used in cosmatic industry,January-December
Sini Kesel,491,Make jam and sugary products to the local market,January-December
Sini Kesel,1830,Give CBL to make Waffers Biscuits,January-December
Kandula,3948,Make jam and sugary products to the local market,November-January
Ambul Nadee,2277,Give CBL to make Waffers Biscuits,November-January
Nethra Palam,4987,make banana silk which is eco friendly and biodegradable,January-December
Anamalu,2389,Make natural remedies,January-December
Rath Kesel,3707,Banana chocolates and sweets,January-December
Sini Kesel,425,Brewing and distilling industry- Make banana beer,November-January
Nethra Palam,3055,Banana chocolates and sweets,November-January
Kandula,240,"Traditional alcoholic beverages- Banana liqueurs, wine",January-December
Seeni Parakum,874,Export to USA as fresh banana,January-December
Ambul Nadee,4506,Bakery industry- Banana breads and banana cakes,November-January
Nethra Palam,4290,cosmetic industry- Make haircare treatments with banana extracts,January-December
Puwalu,949,Brewing and distilling industry- Make banana beer,November-January
Rath Kesel,4985,Make high quality acid free paper from banana stems and leaves,November-January
Ambum,433,Make bioplastics,January-December
Ambum,424,make dried and powdered banana peels to use as a supplement in animal feed.,January-December
Puwalu,297,Brewing and distilling industry- Make banana beer,November-January
Ambul Nadee,4283,Brewing and distilling industry- Make banana beer,January-December
Kolikuttu,887,Banana candies,November-January
Anamalu,3995,Make tea bags and filters,November-January
Green Banana,1131,Make breakfast cereals,January-December
Kandula,2836,Banana chocolates and sweets,November-January
Rath Kesel,1107,Make high quality acid free paper from banana stems and leaves,January-December
Suwandal,351,Make breakfast cereals,November-January
Seeni Parakum,1242,Make innorganic fertilizers,January-December
Seeni Parakum,2527,Give CBL to make Waffers Biscuits,November-January
Ambul Kesel,941,Banana chips ( both sweetened and unsweetened),November-January
Kolikuttu,4892,"Beverage industry - To make milkshakes,smoothies, fruit juices",November-January
Rath Kesel,1653,Make natural remedies,November-January
Nethra Palam,4330,"Beverage industry - To make milkshakes,smoothies, fruit juices",November-January
Sini Kesel,3385,Make tea bags and filters,January-December
Suwandal,2956,Make bioplastics,November-January
Kolikuttu,2481,Make jam and sugary products to the local market,November-January
Anamalu,2548,Make flavors- Banana flavorings and extracts to make flavored syrups and drinks,November-January
Kolikuttu,734,Make single use plastic alternatives,January-December
Green Banana,1349,Textile industry- make banana fibers,November-January
Suwandal,4855,Food industry-desserts varieties,November-January
Ambum,2433,make dried and powdered banana peels to use as a supplement in animal feed.,November-January
Seeni Parakum,3357,Make single use plastic alternatives,November-January
Ambul Nadee,3378,cosmetic industry- Make haircare treatments with banana extracts,January-December
Ambul Nadee,1327,Make high quality acid free paper from banana stems and leaves,November-January
Puwalu,3996,Brewing and distilling industry- Make banana beer,November-January
Ambul Nadee,2155,Make jam and sugary products to the local market,November-January
Ambul Kesel,1295,"Beverage industry - To make milkshakes,smoothies, fruit juices",January-December
Nethra Palam,4731,make banana silk which is eco friendly and biodegradable,November-January
Puwalu,244,Make breakfast cereals,November-January
Suwandal,2991,Make single use plastic alternatives,November-January
Nethra Palam,1844,Export to USA as fresh banana,November-January
Anamalu,669,Make natural remedies,November-January
Anamalu,3313,make banana silk which is eco friendly and biodegradable,January-December
Kandula,4276,Give CBL to make Waffers Biscuits,January-December
Suwandal,3042,Banana candies,November-January
Nethra Palam,1120,make dried and powdered banana peels to use as a supplement in animal feed.,November-January
Green Banana,2370,Make tea bags and filters,January-December
Ambul Kesel,4944,Textile industry- make banana fibers,January-December
Sini Kesel,1880,make banana silk which is eco friendly and biodegradable,November-January
Seeni Parakum,2078,Banana chocolates and sweets,January-December
Sini Kesel,4526,"Beverage industry - To make milkshakes,smoothies, fruit juices",November-January
Puwalu,1407,Make banana oils are used in cosmatic industry,November-January
Rath Kesel,3560,Textile industry- make banana fibers,January-December
Ambul Nadee,4293,Bakery industry- Banana breads and banana cakes,January-December
Suwandal,4656,Make banana oils are used in cosmatic industry,January-December
Ambum,3769,Make organic fertilizers,January-December
Puwalu,4945,make banana silk which is eco friendly and biodegradable,November-January
Ambul Nadee,1839,Make flavors- Banana flavorings and extracts to make flavored syrups and drinks,November-January
Puwalu,3290,Make organic fertilizers,November-January
Kolikuttu,4964,Textile industry- make banana fibers,November-January
Seeni Parakum,1361,Food industry-desserts varieties,January-December
Sini Kesel,2287,Make banana oils are used in cosmatic industry,November-January
Suwandal,996,Make high quality acid free paper from banana stems and leaves,January-December
Seeni Parakum,180,cosmetic industry- Make haircare treatments with banana extracts,November-January
Seeni Parakum,148,Make jam and sugary products to the local market,January-December
Suwandal,423,Make flavors- Banana flavorings and extracts to make flavored syrups and drinks,November-January
Green Banana,912,Make flavors- Banana flavorings and extracts to make flavored syrups and drinks,November-January
Kandula,197,Export to USA as fresh banana,January-December
Sini Kesel,2100,Give CBL to make Waffers Biscuits,January-December
Kolikuttu,1191,"Traditional alcoholic beverages- Banana liqueurs, wine",November-January
Sini Kesel,4644,Make single use plastic alternatives,January-December
Ambul Kesel,2842,Make jam and sugary products to the local market,January-December
Kolikuttu,2537,Make breakfast cereals,January-December
Puwalu,1585,Banana chocolates and sweets,November-January
Ambum,4057,Make single use plastic alternatives,November-January
Ambul Nadee,3975,dehydrated banana chips,November-January
Rath Kesel,2794,Make flavors- Banana flavorings and extracts to make flavored syrups and drinks,January-December
Puwalu,518,Make jam and sugary products to the local market,January-December
Suwandal,3099,Make innorganic fertilizers,November-January
Kolikuttu,2409,cosmetic industry- Make haircare treatments with banana extracts,November-January
Nethra Palam,347,Make high quality acid free paper from banana stems and leaves,November-January
Anamalu,77,Make jam and sugary products to the local market,January-December
Sini Kesel,4452,Make jam and sugary products to the local market,January-December
Puwalu,4269,Bakery industry- Banana breads and banana cakes,November-January
Anamalu,2626,Export to USA as fresh banana,January-December
Puwalu,4108,cosmetic industry- Make haircare treatments with banana extracts,January-December
Suwandal,3111,Export to USA as fresh banana,November-January
Kandula,1060,Food industry-desserts varieties,January-December
Kolikuttu,1991,"Traditional alcoholic beverages- Banana liqueurs, wine",January-December
Ambul Kesel,2259,cosmetic industry- Make haircare treatments with banana extracts,November-January
Ambul Kesel,1562,Make organic fertilizers,November-January
Ambul Nadee,4633,Make innorganic fertilizers,November-January
Ambul Nadee,3314,dehydrated banana chips,January-December
Ambum,1477,Make banana oils are used in cosmatic industry,November-January
Anamalu,265,Make single use plastic alternatives,January-December
Kolikuttu,4260,dehydrated banana chips,January-December
Seeni Parakum,3440,Textile industry- make banana fibers,January-December
Kolikuttu,3161,Make single use plastic alternatives,January-December
Kandula,4475,Make breakfast cereals,November-January
Kolikuttu,4560,Make single use plastic alternatives,January-December
Seeni Parakum,2806,Banana chocolates and sweets,November-January
Kolikuttu,3433,make banana silk which is eco friendly and biodegradable,November-January
Green Banana,3491,Textile industry- make banana fibers,January-December
Ambum,1566,Banana chocolates and sweets,November-January
Puwalu,2798,make dried and powdered banana peels to use as a supplement in animal feed.,January-December
Ambum,1930,Textile industry- make banana fibers,November-January
Rath Kesel,150,Make banana oils are used in cosmatic industry,January-December
Nethra Palam,1140,Make natural remedies,November-January
Nethra Palam,56,Make high quality acid free paper from banana stems and leaves,January-December
Ambul Kesel,1721,make dried and powdered banana peels to use as a supplement in animal feed.,November-January
Rath Kesel,4808,Food industry-desserts varieties,January-December
Kolikuttu,2811,"Traditional alcoholic beverages- Banana liqueurs, wine",January-December
Ambum,4428,Banana flavored craft beers,November-January
Kandula,2752,Make flavors- Banana flavorings and extracts to make flavored syrups and drinks,November-January
Ambul Kesel,290,Make innorganic fertilizers,January-December
Seeni Parakum,561,"Skincare industry- Make skincare products ( Lotions, creams and face masks",January-December
Sini Kesel,1114,Banana candies,November-January
Nethra Palam,4584,make banana silk which is eco friendly and biodegradable,January-December
Ambul Kesel,4114,Make single use plastic alternatives,January-December
Seeni Parakum,4024,Export to USA as fresh banana,November-January
Suwandal,993,Textile industry- make banana fibers,January-December
Suwandal,3921,Food industry-desserts varieties,November-January
Puwalu,3113,Make bioplastics,January-December
Ambul Kesel,4992,Food industry-desserts varieties,November-January
Kandula,3042,Make banana oils are used in cosmatic industry,January-December
Green Banana,988,"Beverage industry - To make milkshakes,smoothies, fruit juices",January-December
Ambul Nadee,3054,cosmetic industry- Make haircare treatments with banana extracts,January-December
Anamalu,1328,Banana candies,January-December
Nethra Palam,3876,"Beverage industry - To make milkshakes,smoothies, fruit juices",November-January
Kolikuttu,2658,Make innorganic fertilizers,January-December
Puwalu,1661,Make single use plastic alternatives,January-December
Ambul Kesel,3986,Export to USA as fresh banana,January-December
Suwandal,2360,Give CBL to make Waffers Biscuits,November-January
Ambul Kesel,3719,Make bioplastics,January-December
Seeni Parakum,2301,Make single use plastic alternatives,January-December
Suwandal,3209,Make bioplastics,November-January
Puwalu,2075,Make high quality acid free paper from banana stems and leaves,November-January
Ambul Nadee,4267,Textile industry- make banana fibers,January-December
Suwandal,1074,dehydrated banana chips,January-December
Ambul Nadee,498,Export to USA as fresh banana,January-December
Green Banana,2679,Make organic fertilizers,November-January
Puwalu,2154,Make high quality acid free paper from banana stems and leaves,November-January
Seeni Parakum,1896,Make single use plastic alternatives,January-December
Kolikuttu,3399,Make jam and sugary products to the local market,November-January
Puwalu,1905,Make natural remedies,November-January
Anamalu,1996,Make organic fertilizers,November-January
Seeni Parakum,2442,Brewing and distilling industry- Make banana beer,November-January
Nethra Palam,3095,Brewing and distilling industry- Make banana beer,January-December
Kolikuttu,1923,dehydrated banana chips,January-December
Rath Kesel,4035,Make tea bags and filters,January-December
Green Banana,4661,"Skincare industry- Make skincare products ( Lotions, creams and face masks",November-January
Nethra Palam,2587,Make organic fertilizers,January-December
Ambul Nadee,2353,Make flavors- Banana flavorings and extracts to make flavored syrups and drinks,January-December
Nethra Palam,3901,Food industry-desserts varieties,January-December
Suwandal,4045,Make bioplastics,January-December
Seeni Parakum,2475,Textile industry- make banana fibers,November-January
Kolikuttu,3823,Banana chips ( both sweetened and unsweetened),January-December
Kandula,889,Make banana oils are used in cosmatic industry,November-January
Puwalu,4702,dehydrated banana chips,November-January
Seeni Parakum,1258,"Skincare industry- Make skincare products ( Lotions, creams and face masks",January-December
Ambul Nadee,2225,Make jam and sugary products to the local market,January-December
Suwandal,831,Make bioplastics,November-January
Sini Kesel,2275,Banana flavored craft beers,November-January
Puwalu,4343,Textile industry- make banana fibers,January-December
Sini Kesel,2456,Make tea bags and filters,January-December
Suwandal,2324,Make flavors- Banana flavorings and extracts to make flavored syrups and drinks,January-December
Sini Kesel,1818,Make natural remedies,January-December
Green Banana,3019,Make natural remedies,November-January
Seeni Parakum,2122,Make jam and sugary products to the local market,November-January
Ambul Kesel,1417,Banana chips ( both sweetened and unsweetened),January-December
Seeni Parakum,2698,Bakery industry- Banana breads and banana cakes,January-December
Ambul Kesel,2048,"Traditional alcoholic beverages- Banana liqueurs, wine",November-January
Anamalu,76,Make single use plastic alternatives,January-December
Kolikuttu,4015,Make jam and sugary products to the local market,January-December
Nethra Palam,2425,Make tea bags and filters,January-December
Seeni Parakum,2449,Make breakfast cereals,January-December
Suwandal,387,Make bioplastics,November-January
Seeni Parakum,316,Make high quality acid free paper from banana stems and leaves,January-December
Rath Kesel,256,Make bioplastics,January-December
Ambum,3544,"Traditional alcoholic beverages- Banana liqueurs, wine",November-January
Rath Kesel,2024,Make tea bags and filters,November-January
Ambul Kesel,3665,Make bioplastics,January-December
Green Banana,1732,Make high quality acid free paper from banana stems and leaves,January-December
Rath Kesel,4449,Banana chips ( both sweetened and unsweetened),January-December
Puwalu,1930,Make breakfast cereals,November-January
Anamalu,3579,Make jam and sugary products to the local market,November-January
Green Banana,1211,Export to USA as fresh banana,January-December
Nethra Palam,1417,"Skincare industry- Make skincare products ( Lotions, creams and face masks",November-January
Sini Kesel,3268,Make breakfast cereals,November-January
Ambum,2699,Bakery industry- Banana breads and banana cakes,November-January
Seeni Parakum,4149,Make single use plastic alternatives,January-December
Rath Kesel,2566,cosmetic industry- Make haircare treatments with banana extracts,November-January
Sini Kesel,3304,Banana chips ( both sweetened and unsweetened),November-January
Anamalu,3414,dehydrated banana chips,November-January
Ambul Kesel,4003,Banana chips ( both sweetened and unsweetened),January-December
Suwandal,3421,dehydrated banana chips,January-December
Seeni Parakum,3362,Make innorganic fertilizers,January-December
Kolikuttu,2312,Make bioplastics,January-December
Kolikuttu,2797,Banana chips ( both sweetened and unsweetened),January-December
Sini Kesel,3651,Make bioplastics,November-January
Kolikuttu,1834,Food industry-desserts varieties,November-January
Nethra Palam,2953,Textile industry- make banana fibers,November-January
Puwalu,1350,"Beverage industry - To make milkshakes,smoothies, fruit juices",November-January
Suwandal,3665,Brewing and distilling industry- Make banana beer,November-January
Ambul Nadee,3555,cosmetic industry- Make haircare treatments with banana extracts,January-December
Ambul Nadee,3810,Brewing and distilling industry- Make banana beer,January-December
Seeni Parakum,2560,Banana chocolates and sweets,January-December
Rath Kesel,603,Textile industry- make banana fibers,January-December
Seeni Parakum,203,Banana chocolates and sweets,January-December
Ambum,1533,Give CBL to make Waffers Biscuits,January-December
Ambum,894,"Beverage industry - To make milkshakes,smoothies, fruit juices",January-December
Ambul Kesel,1046,Make breakfast cereals,November-January
Anamalu,4451,"Pharmaceutical industry- Make antioxidants,vitamins by exploring bioactive compound ",November-January
Kolikuttu,963,Banana chocolates and sweets,January-December
Puwalu,3136,Make bioplastics,January-December
Kandula,1158,"Beverage industry - To make milkshakes,smoothies, fruit juices",January-December
Kandula,4357,dehydrated banana chips,November-January
Suwandal,770,Make natural remedies,November-January
Suwandal,4415,Make breakfast cereals,January-December
Nethra Palam,4880,Make jam and sugary products to the local market,January-December
Anamalu,777,make dried and powdered banana peels to use as a supplement in animal feed.,January-December
Seeni Parakum,1178,Make natural remedies,January-December
Ambum,4544,Make innorganic fertilizers,November-January
Rath Kesel,608,Brewing and distilling industry- Make banana beer,January-December
Ambum,3675,"Beverage industry - To make milkshakes,smoothies, fruit juices",November-January
Kandula,315,Make breakfast cereals,January-December
Puwalu,1332,Brewing and distilling industry- Make banana beer,November-January
Nethra Palam,2278,Make breakfast cereals,November-January
Anamalu,4294,Banana chocolates and sweets,January-December
Rath Kesel,3311,Give CBL to make Waffers Biscuits,January-December
Puwalu,2985,Banana chips ( both sweetened and unsweetened),November-January
Ambul Kesel,2336,Make natural remedies,November-January
Rath Kesel,1668,"Skincare industry- Make skincare products ( Lotions, creams and face masks",January-December
Ambum,2597,Brewing and distilling industry- Make banana beer,January-December
Anamalu,4229,Make flavors- Banana flavorings and extracts to make flavored syrups and drinks,January-December
Puwalu,982,cosmetic industry- Make haircare treatments with banana extracts,January-December
Ambum,3623,Banana candies,January-December
Anamalu,661,Make tea bags and filters,January-December
Puwalu,928,Make organic fertilizers,January-December
Sini Kesel,2065,Make tea bags and filters,November-January
Anamalu,1746,Make bioplastics,January-December
Sini Kesel,3275,Food industry-desserts varieties,November-January
Kandula,2550,Make tea bags and filters,January-December
Kandula,415,Export to USA as fresh banana,November-January
Suwandal,4229,"Pharmaceutical industry- Make antioxidants,vitamins by exploring bioactive compound ",January-December
Anamalu,1749,cosmetic industry- Make haircare treatments with banana extracts,November-January
Sini Kesel,2177,make dried and powdered banana peels to use as a supplement in animal feed.,November-January
Ambul Nadee,4290,Food industry-desserts varieties,November-January
Seeni Parakum,4403,make dried and powdered banana peels to use as a supplement in animal feed.,January-December
Nethra Palam,3763,Bakery industry- Banana breads and banana cakes,January-December
Seeni Parakum,4977,Bakery industry- Banana breads and banana cakes,January-December
Puwalu,593,Make breakfast cereals,November-January
Seeni Parakum,1438,make banana silk which is eco friendly and biodegradable,January-December
Green Banana,1303,cosmetic industry- Make haircare treatments with banana extracts,November-January
Kolikuttu,1186,Make innorganic fertilizers,January-December
Ambum,4402,Give CBL to make Waffers Biscuits,November-January
Ambum,3031,Make breakfast cereals,January-December
Rath Kesel,463,Make flavors- Banana flavorings and extracts to make flavored syrups and drinks,November-January
Ambum,3624,Banana flavored craft beers,January-December
Kandula,3883,Make banana oils are used in cosmatic industry,November-January
Kolikuttu,1598,"Skincare industry- Make skincare products ( Lotions, creams and face masks",November-January
Kandula,3531,dehydrated banana chips,November-January
Sini Kesel,2401,Make tea bags and filters,January-December
Kolikuttu,706,"Traditional alcoholic beverages- Banana liqueurs, wine",January-December
Seeni Parakum,4233,Make bioplastics,November-January
Kolikuttu,2933,Banana chocolates and sweets,January-December
Puwalu,2244,Make flavors- Banana flavorings and extracts to make flavored syrups and drinks,November-January
Seeni Parakum,3936,"Beverage industry - To make milkshakes,smoothies, fruit juices",November-January
Ambul Kesel,3323,Banana chocolates and sweets,January-December
Kandula,4088,Banana chips ( both sweetened and unsweetened),November-January
Green Banana,2043,make dried and powdered banana peels to use as a supplement in animal feed.,November-January
Kolikuttu,1123,Banana flavored craft beers,January-December
Ambul Nadee,1793,cosmetic industry- Make haircare treatments with banana extracts,November-January
Anamalu,3379,Make tea bags and filters,January-December
Kolikuttu,3829,Make bioplastics,January-December
Seeni Parakum,2568,"Beverage industry - To make milkshakes,smoothies, fruit juices",January-December
Kolikuttu,2277,Textile industry- make banana fibers,January-December
Kolikuttu,1623,make banana silk which is eco friendly and biodegradable,January-December
Nethra Palam,4836,Make natural remedies,January-December
Ambul Nadee,2716,Brewing and distilling industry- Make banana beer,November-January
Seeni Parakum,2433,Make flavors- Banana flavorings and extracts to make flavored syrups and drinks,January-December
Green Banana,660,Banana candies,January-December
Sini Kesel,3834,"Skincare industry- Make skincare products ( Lotions, creams and face masks",November-January
Kolikuttu,3725,cosmetic industry- Make haircare treatments with banana extracts,January-December
Rath Kesel,4276,Make banana oils are used in cosmatic industry,November-January
Ambul Nadee,3697,"Pharmaceutical industry- Make antioxidants,vitamins by exploring bioactive compound ",January-December
Seeni Parakum,2777,make dried and powdered banana peels to use as a supplement in animal feed.,November-January
Seeni Parakum,4289,"Skincare industry- Make skincare products ( Lotions, creams and face masks",January-December
Nethra Palam,3243,Make jam and sugary products to the local market,November-January
Puwalu,4374,Make tea bags and filters,January-December
Anamalu,501,Brewing and distilling industry- Make banana beer,January-December
Nethra Palam,2221,Brewing and distilling industry- Make banana beer,January-December
Suwandal,4064,Give CBL to make Waffers Biscuits,November-January
Ambul Nadee,4841,Food industry-desserts varieties,November-January
Ambul Kesel,1873,Bakery industry- Banana breads and banana cakes,November-January
Ambul Kesel,4638,"Skincare industry- Make skincare products ( Lotions, creams and face masks",November-January
Ambul Nadee,3322,Make bioplastics,January-December
Suwandal,4845,dehydrated banana chips,January-December
Kandula,2967,Banana flavored craft beers,November-January
Rath Kesel,3695,Make tea bags and filters,November-January
Kolikuttu,4838,cosmetic industry- Make haircare treatments with banana extracts,November-January
Suwandal,1455,Make banana oils are used in cosmatic industry,November-January
Green Banana,3972,Make single use plastic alternatives,January-December
Seeni Parakum,4750,Make innorganic fertilizers,November-January
Kolikuttu,660,Make jam and sugary products to the local market,November-January
Anamalu,3499,"Beverage industry - To make milkshakes,smoothies, fruit juices",January-December
Rath Kesel,2197,Make banana oils are used in cosmatic industry,January-December
Suwandal,1449,Brewing and distilling industry- Make banana beer,January-December
Rath Kesel,4566,"Pharmaceutical industry- Make antioxidants,vitamins by exploring bioactive compound ",January-December
Kandula,1268,Bakery industry- Banana breads and banana cakes,January-December
Suwandal,1058,Make flavors- Banana flavorings and extracts to make flavored syrups and drinks,November-January
Ambum,2548,"Skincare industry- Make skincare products ( Lotions, creams and face masks",January-December
Green Banana,562,Make single use plastic alternatives,November-January
Green Banana,628,dehydrated banana chips,November-January
Ambul Kesel,2117,Make organic fertilizers,November-January
Sini Kesel,1472,Make jam and sugary products to the local market,January-December
Ambul Nadee,2912,Banana chips ( both sweetened and unsweetened),November-January
Nethra Palam,1683,Make breakfast cereals,November-January
Kolikuttu,4796,"Pharmaceutical industry- Make antioxidants,vitamins by exploring bioactive compound ",January-December
Anamalu,1213,"Skincare industry- Make skincare products ( Lotions, creams and face masks",November-January
Puwalu,2786,Make bioplastics,January-December
Sini Kesel,2215,make dried and powdered banana peels to use as a supplement in animal feed.,November-January
Rath Kesel,4548,Make innorganic fertilizers,January-December
Nethra Palam,128,Make bioplastics,November-January
Kolikuttu,2234,Banana chocolates and sweets,November-January
Kolikuttu,2133,Banana candies,November-January
Anamalu,4028,Banana candies,January-December
Ambul Nadee,4905,Textile industry- make banana fibers,January-December
Rath Kesel,1257,"Beverage industry - To make milkshakes,smoothies, fruit juices",January-December
Ambul Nadee,3953,Make natural remedies,January-December
Ambum,1323,"Skincare industry- Make skincare products ( Lotions, creams and face masks",January-December
Kandula,223,Make bioplastics,November-January
Anamalu,665,dehydrated banana chips,January-December
Nethra Palam,1408,"Traditional alcoholic beverages- Banana liqueurs, wine",November-January
Seeni Parakum,2054,Make organic fertilizers,January-December
Sini Kesel,1146,Make innorganic fertilizers,November-January
Ambul Nadee,985,"Beverage industry - To make milkshakes,smoothies, fruit juices",January-December
Puwalu,456,Make high quality acid free paper from banana stems and leaves,November-January
Sini Kesel,3376,Brewing and distilling industry- Make banana beer,January-December
Sini Kesel,3005,Brewing and distilling industry- Make banana beer,January-December
Puwalu,4290,Banana chips ( both sweetened and unsweetened),January-December
Green Banana,233,Food industry-desserts varieties,January-December
Ambul Kesel,3837,dehydrated banana chips,January-December
Nethra Palam,231,Make innorganic fertilizers,January-December
Sini Kesel,2081,Make jam and sugary products to the local market,January-December
Suwandal,1580,Make banana oils are used in cosmatic industry,January-December
Ambul Nadee,1200,"Pharmaceutical industry- Make antioxidants,vitamins by exploring bioactive compound ",January-December
Kolikuttu,2512,Banana candies,November-January
Ambul Kesel,3394,Make natural remedies,November-January
Kandula,1449,make banana silk which is eco friendly and biodegradable,November-January
Kolikuttu,3303,Give CBL to make Waffers Biscuits,November-January
Ambum,4968,Banana chocolates and sweets,January-December
Ambul Nadee,2900,Make single use plastic alternatives,November-January
Seeni Parakum,2862,Make single use plastic alternatives,January-December
Rath Kesel,2391,Food industry-desserts varieties,November-January
Anamalu,2049,Banana flavored craft beers,January-December
Kandula,1437,Make breakfast cereals,November-January
Sini Kesel,2125,Textile industry- make banana fibers,January-December
Kandula,3754,Banana flavored craft beers,November-January
Anamalu,2165,Make breakfast cereals,November-January
Suwandal,4600,make dried and powdered banana peels to use as a supplement in animal feed.,January-December
Nethra Palam,3760,Banana flavored craft beers,November-January
Seeni Parakum,4447,Make innorganic fertilizers,November-January
Nethra Palam,88,Make banana oils are used in cosmatic industry,January-December
Rath Kesel,3260,Export to USA as fresh banana,January-December
Suwandal,3847,"Beverage industry - To make milkshakes,smoothies, fruit juices",January-December
Puwalu,2619,Textile industry- make banana fibers,November-January
Ambul Nadee,3573,"Pharmaceutical industry- Make antioxidants,vitamins by exploring bioactive compound ",January-December
Suwandal,2723,Make single use plastic alternatives,November-January
Green Banana,2614,cosmetic industry- Make haircare treatments with banana extracts,January-December
Puwalu,3847,Make jam and sugary products to the local market,January-December
Ambum,2296,"Beverage industry - To make milkshakes,smoothies, fruit juices",November-January
Kolikuttu,1911,Make innorganic fertilizers,January-December
Kandula,902,"Skincare industry- Make skincare products ( Lotions, creams and face masks",January-December
Puwalu,2019,"Beverage industry - To make milkshakes,smoothies, fruit juices",November-January
Green Banana,4831,"Beverage industry - To make milkshakes,smoothies, fruit juices",November-January
Anamalu,4865,Textile industry- make banana fibers,November-January
Seeni Parakum,2252,Textile industry- make banana fibers,November-January
Green Banana,1925,Make breakfast cereals,November-January
Ambul Nadee,3164,Brewing and distilling industry- Make banana beer,November-January
Kandula,2098,"Skincare industry- Make skincare products ( Lotions, creams and face masks",November-January
Kolikuttu,1938,Banana flavored craft beers,November-January
Kolikuttu,4962,"Traditional alcoholic beverages- Banana liqueurs, wine",November-January
Green Banana,4489,Bakery industry- Banana breads and banana cakes,January-December
Nethra Palam,4370,"Skincare industry- Make skincare products ( Lotions, creams and face masks",January-December
Rath Kesel,4677,Make natural remedies,January-December
Sini Kesel,3639,"Skincare industry- Make skincare products ( Lotions, creams and face masks",November-January
Ambul Nadee,4754,"Skincare industry- Make skincare products ( Lotions, creams and face masks",January-December
Anamalu,4323,"Traditional alcoholic beverages- Banana liqueurs, wine",January-December
Puwalu,4772,Make breakfast cereals,January-December
Green Banana,2176,Make flavors- Banana flavorings and extracts to make flavored syrups and drinks,January-December
Puwalu,2789,Make tea bags and filters,January-December
Puwalu,1054,Make organic fertilizers,November-January
Seeni Parakum,199,"Skincare industry- Make skincare products ( Lotions, creams and face masks",November-January
Puwalu,3762,cosmetic industry- Make haircare treatments with banana extracts,November-January
Rath Kesel,590,Make banana oils are used in cosmatic industry,January-December
Green Banana,3389,Brewing and distilling industry- Make banana beer,January-December
Seeni Parakum,1055,Make bioplastics,November-January
Kandula,4495,Make high quality acid free paper from banana stems and leaves,November-January
Nethra Palam,1498,Banana chips ( both sweetened and unsweetened),November-January
Kolikuttu,1085,Banana candies,January-December
Nethra Palam,4852,Make natural remedies,November-January
Kandula,4990,Banana chocolates and sweets,November-January
Puwalu,4892,Make organic fertilizers,January-December
Anamalu,3097,Export to USA as fresh banana,January-December
Suwandal,915,Make breakfast cereals,November-January
Suwandal,2748,Make jam and sugary products to the local market,January-December
Ambul Nadee,3093,"Traditional alcoholic beverages- Banana liqueurs, wine",November-January
Nethra Palam,1068,Make innorganic fertilizers,November-January
Green Banana,3582,"Skincare industry- Make skincare products ( Lotions, creams and face masks",January-December
Ambum,126,Banana candies,January-December
Ambum,3967,make banana silk which is eco friendly and biodegradable,November-January
Kandula,2874,make dried and powdered banana peels to use as a supplement in animal feed.,November-January
Ambum,917,"Pharmaceutical industry- Make antioxidants,vitamins by exploring bioactive compound ",January-December
Seeni Parakum,1965,Banana chocolates and sweets,January-December
Kandula,78,Banana chocolates and sweets,January-December
Puwalu,3673,Banana candies,January-December
Puwalu,737,"Pharmaceutical industry- Make antioxidants,vitamins by exploring bioactive compound ",November-January
Puwalu,3603,cosmetic industry- Make haircare treatments with banana extracts,January-December
Suwandal,3563,Make single use plastic alternatives,January-December
Rath Kesel,4633,Brewing and distilling industry- Make banana beer,November-January
Rath Kesel,142,Make organic fertilizers,November-January
Seeni Parakum,1643,Make banana oils are used in cosmatic industry,November-January
Suwandal,2641,"Beverage industry - To make milkshakes,smoothies, fruit juices",November-January
Green Banana,614,"Beverage industry - To make milkshakes,smoothies, fruit juices",January-December
Puwalu,558,Export to USA as fresh banana,November-January
Ambum,1096,"Traditional alcoholic beverages- Banana liqueurs, wine",November-January
Seeni Parakum,4164,"Pharmaceutical industry- Make antioxidants,vitamins by exploring bioactive compound ",January-December
Sini Kesel,4172,Banana candies,January-December
Ambum,3674,Food industry-desserts varieties,November-January
Rath Kesel,256,Make flavors- Banana flavorings and extracts to make flavored syrups and drinks,January-December
Rath Kesel,1115,Banana flavored craft beers,November-January
Nethra Palam,1947,Make bioplastics,November-January
Nethra Palam,2372,"Traditional alcoholic beverages- Banana liqueurs, wine",November-January
Rath Kesel,2597,Textile industry- make banana fibers,November-January
Puwalu,638,dehydrated banana chips,November-January
Green Banana,1169,"Beverage industry - To make milkshakes,smoothies, fruit juices",January-December
Puwalu,4149,make banana silk which is eco friendly and biodegradable,November-January
Puwalu,4388,Make bioplastics,January-December
Suwandal,2326,Give CBL to make Waffers Biscuits,January-December
Nethra Palam,2265,Give CBL to make Waffers Biscuits,November-January
Ambum,2763,Banana candies,January-December
Ambul Nadee,4792,Banana candies,November-January
Green Banana,59,Banana flavored craft beers,November-January
Sini Kesel,817,Food industry-desserts varieties,January-December
Sini Kesel,2300,cosmetic industry- Make haircare treatments with banana extracts,November-January
Rath Kesel,4401,Bakery industry- Banana breads and banana cakes,November-January
Kolikuttu,3392,Make single use plastic alternatives,January-December
Ambum,1841,Bakery industry- Banana breads and banana cakes,January-December
Anamalu,2850,Make organic fertilizers,November-January
Sini Kesel,2456,Export to USA as fresh banana,November-January
Suwandal,912,Make bioplastics,January-December
Seeni Parakum,3856,Make high quality acid free paper from banana stems and leaves,January-December
Ambul Kesel,1451,Brewing and distilling industry- Make banana beer,January-December
Seeni Parakum,2754,Export to USA as fresh banana,January-December
Nethra Palam,2162,Banana candies,January-December
Anamalu,446,Banana candies,January-December
Ambum,4853,Make flavors- Banana flavorings and extracts to make flavored syrups and drinks,November-January
Anamalu,4700,Make jam and sugary products to the local market,January-December
Puwalu,4930,make dried and powdered banana peels to use as a supplement in animal feed.,November-January
Sini Kesel,949,"Beverage industry - To make milkshakes,smoothies, fruit juices",November-January
Rath Kesel,3338,make banana silk which is eco friendly and biodegradable,November-January
Sini Kesel,244,make dried and powdered banana peels to use as a supplement in animal feed.,January-December
Rath Kesel,4670,Food industry-desserts varieties,November-January
Rath Kesel,2182,Make flavors- Banana flavorings and extracts to make flavored syrups and drinks,November-January
Seeni Parakum,2265,cosmetic industry- Make haircare treatments with banana extracts,January-December
Puwalu,3595,Make high quality acid free paper from banana stems and leaves,November-January
Ambum,2767,Banana chips ( both sweetened and unsweetened),January-December
Ambum,2774,"Beverage industry - To make milkshakes,smoothies, fruit juices",November-January
Ambul Nadee,3596,Make high quality acid free paper from banana stems and leaves,November-January
Kandula,2232,"Skincare industry- Make skincare products ( Lotions, creams and face masks",November-January
Puwalu,3668,"Beverage industry - To make milkshakes,smoothies, fruit juices",November-January
Ambul Nadee,3469,Banana chips ( both sweetened and unsweetened),November-January
Ambul Kesel,2355,Bakery industry- Banana breads and banana cakes,January-December
Puwalu,3864,dehydrated banana chips,November-January
Nethra Palam,3269,cosmetic industry- Make haircare treatments with banana extracts,November-January
Rath Kesel,4554,Brewing and distilling industry- Make banana beer,November-January
Ambul Kesel,1856,"Beverage industry - To make milkshakes,smoothies, fruit juices",January-December
Green Banana,730,"Beverage industry - To make milkshakes,smoothies, fruit juices",January-December
Green Banana,3677,Make natural remedies,November-January
Puwalu,4933,Make flavors- Banana flavorings and extracts to make flavored syrups and drinks,November-January
Sini Kesel,2106,Bakery industry- Banana breads and banana cakes,January-December
Sini Kesel,2678,Banana flavored craft beers,January-December
Seeni Parakum,1919,Export to USA as fresh banana,November-January
Suwandal,1309,Textile industry- make banana fibers,January-December
Ambul Kesel,774,Make innorganic fertilizers,January-December
Ambul Kesel,196,Banana candies,January-December
Kolikuttu,1992,Make breakfast cereals,November-January
Seeni Parakum,3009,Make innorganic fertilizers,January-December
Kandula,130,Brewing and distilling industry- Make banana beer,January-December
Green Banana,4153,Make high quality acid free paper from banana stems and leaves,November-January
Ambul Nadee,3929,Export to USA as fresh banana,November-January
Ambul Kesel,851,Make jam and sugary products to the local market,November-January
Kandula,2690,Make organic fertilizers,November-January
Ambul Nadee,4901,Make high quality acid free paper from banana stems and leaves,January-December
Puwalu,3354,Make bioplastics,November-January
Kandula,2547,Banana flavored craft beers,January-December
Ambul Nadee,1095,make banana silk which is eco friendly and biodegradable,January-December
Seeni Parakum,468,make banana silk which is eco friendly and biodegradable,November-January
Ambul Nadee,3324,Banana chips ( both sweetened and unsweetened),January-December
Puwalu,887,Textile industry- make banana fibers,January-December
Puwalu,671,cosmetic industry- Make haircare treatments with banana extracts,January-December
Kolikuttu,125,Make single use plastic alternatives,January-December
Seeni Parakum,4101,Make single use plastic alternatives,January-December
Puwalu,1998,make dried and powdered banana peels to use as a supplement in animal feed.,November-January
Seeni Parakum,2815,Export to USA as fresh banana,November-January
Seeni Parakum,3118,Brewing and distilling industry- Make banana beer,January-December
Sini Kesel,4495,make dried and powdered banana peels to use as a supplement in animal feed.,November-January
Puwalu,1185,Make tea bags and filters,November-January
Rath Kesel,3226,Food industry-desserts varieties,November-January
Ambul Nadee,2829,"Beverage industry - To make milkshakes,smoothies, fruit juices",November-January
Rath Kesel,3518,Food industry-desserts varieties,January-December
Nethra Palam,3238,Make innorganic fertilizers,November-January
Nethra Palam,1841,Make organic fertilizers,January-December
Suwandal,548,Make jam and sugary products to the local market,November-January
Sini Kesel,3964,Make tea bags and filters,January-December
Ambul Kesel,3772,dehydrated banana chips,January-December
Puwalu,3940,Export to USA as fresh banana,November-January
Sini Kesel,4552,make banana silk which is eco friendly and biodegradable,November-January
Rath Kesel,2159,"Beverage industry - To make milkshakes,smoothies, fruit juices",January-December
Kandula,1058,Make innorganic fertilizers,January-December
Nethra Palam,3205,Make innorganic fertilizers,November-January
Ambul Nadee,4719,Make breakfast cereals,January-December
Ambul Nadee,3689,Make tea bags and filters,November-January
Rath Kesel,1671,Make banana oils are used in cosmatic industry,January-December
Nethra Palam,3524,Banana flavored craft beers,November-January
Sini Kesel,685,Make natural remedies,January-December
Sini Kesel,908,Make flavors- Banana flavorings and extracts to make flavored syrups and drinks,November-January
Rath Kesel,2735,make banana silk which is eco friendly and biodegradable,November-January
Sini Kesel,3931,Banana chocolates and sweets,January-December
Kolikuttu,1539,Make jam and sugary products to the local market,November-January
Ambul Nadee,697,Give CBL to make Waffers Biscuits,January-December
Kolikuttu,1682,Make flavors- Banana flavorings and extracts to make flavored syrups and drinks,January-December
Rath Kesel,3963,Make high quality acid free paper from banana stems and leaves,January-December
Sini Kesel,879,Banana chocolates and sweets,November-January
Puwalu,2985,Bakery industry- Banana breads and banana cakes,November-January
Anamalu,4851,make dried and powdered banana peels to use as a supplement in animal feed.,November-January
Rath Kesel,2239,Export to USA as fresh banana,January-December
Anamalu,4923,Brewing and distilling industry- Make banana beer,January-December
Ambum,2974,make banana silk which is eco friendly and biodegradable,January-December
Nethra Palam,3600,Brewing and distilling industry- Make banana beer,November-January
Ambul Nadee,2347,"Skincare industry- Make skincare products ( Lotions, creams and face masks",January-December
Rath Kesel,4203,"Traditional alcoholic beverages- Banana liqueurs, wine",November-January
Rath Kesel,4613,Make jam and sugary products to the local market,January-December
Rath Kesel,3585,Export to USA as fresh banana,January-December
Kolikuttu,850,Export to USA as fresh banana,November-January
Rath Kesel,2830,Banana chocolates and sweets,November-January
Kolikuttu,2668,dehydrated banana chips,November-January
Anamalu,2096,Bakery industry- Banana breads and banana cakes,November-January
Nethra Palam,545,Export to USA as fresh banana,November-January
Ambum,3696,Banana candies,November-January
Sini Kesel,3258,Make breakfast cereals,January-December
Anamalu,3390,Make tea bags and filters,November-January
Kandula,2849,"Pharmaceutical industry- Make antioxidants,vitamins by exploring bioactive compound ",November-January
Ambum,2778,cosmetic industry- Make haircare treatments with banana extracts,January-December
Kandula,2075,Make organic fertilizers,November-January
Puwalu,4626,Banana candies,January-December
Ambul Nadee,1117,Banana chips ( both sweetened and unsweetened),January-December
Sini Kesel,3368,cosmetic industry- Make haircare treatments with banana extracts,November-January
Kolikuttu,4807,dehydrated banana chips,November-January
Ambul Nadee,4341,Make flavors- Banana flavorings and extracts to make flavored syrups and drinks,January-December
Suwandal,2833,Make innorganic fertilizers,January-December
Nethra Palam,4369,Banana flavored craft beers,January-December
Anamalu,1077,"Skincare industry- Make skincare products ( Lotions, creams and face masks",November-January
Kandula,4832,Make natural remedies,January-December
Kolikuttu,1757,Food industry-desserts varieties,January-December
Kandula,987,dehydrated banana chips,January-December
Ambul Kesel,2389,Make jam and sugary products to the local market,January-December
Anamalu,4229,Make jam and sugary products to the local market,November-January
Kolikuttu,1393,Make breakfast cereals,January-December
Nethra Palam,2763,Banana chocolates and sweets,November-January
Rath Kesel,1049,cosmetic industry- Make haircare treatments with banana extracts,November-January
Ambul Kesel,4067,Give CBL to make Waffers Biscuits,November-January
Seeni Parakum,790,Give CBL to make Waffers Biscuits,November-January
Sini Kesel,2615,Make flavors- Banana flavorings and extracts to make flavored syrups and drinks,November-January
Nethra Palam,1155,"Skincare industry- Make skincare products ( Lotions, creams and face masks",January-December
Suwandal,1325,Make organic fertilizers,January-December
Nethra Palam,4478,Textile industry- make banana fibers,November-January
Puwalu,1482,Make organic fertilizers,November-January
Nethra Palam,4212,"Skincare industry- Make skincare products ( Lotions, creams and face masks",November-January
Green Banana,1650,make banana silk which is eco friendly and biodegradable,November-January
Anamalu,176,Make jam and sugary products to the local market,November-January
Kandula,4675,make banana silk which is eco friendly and biodegradable,January-December
Puwalu,3263,Make banana oils are used in cosmatic industry,November-January
Nethra Palam,1115,Make natural remedies,January-December
Rath Kesel,2775,Make bioplastics,January-December
Puwalu,999,Make natural remedies,January-December
Kolikuttu,228,"Beverage industry - To make milkshakes,smoothies, fruit juices",November-January
Ambul Kesel,3036,Make innorganic fertilizers,January-December
Ambum,131,Make tea bags and filters,November-January
Kandula,350,Banana chips ( both sweetened and unsweetened),November-January
Ambum,4187,Brewing and distilling industry- Make banana beer,November-January
Anamalu,2698,"Skincare industry- Make skincare products ( Lotions, creams and face masks",January-December
Kolikuttu,2949,Make natural remedies,January-December
Anamalu,1823,Brewing and distilling industry- Make banana beer,November-January
Ambum,1033,"Beverage industry - To make milkshakes,smoothies, fruit juices",November-January
Suwandal,1106,"Traditional alcoholic beverages- Banana liqueurs, wine",November-January
Ambul Kesel,3783,cosmetic industry- Make haircare treatments with banana extracts,November-January
Kolikuttu,3554,Give CBL to make Waffers Biscuits,November-January
Nethra Palam,83,dehydrated banana chips,November-January
Ambul Nadee,858,"Pharmaceutical industry- Make antioxidants,vitamins by exploring bioactive compound ",January-December
Seeni Parakum,2689,Make high quality acid free paper from banana stems and leaves,November-January
Seeni Parakum,2418,Make bioplastics,January-December
Anamalu,1397,Banana chips ( both sweetened and unsweetened),November-January
Green Banana,4776,Textile industry- make banana fibers,January-December
Puwalu,1161,Food industry-desserts varieties,November-January
Kandula,1428,"Traditional alcoholic beverages- Banana liqueurs, wine",January-December
Anamalu,341,cosmetic industry- Make haircare treatments with banana extracts,November-January
Suwandal,2651,make dried and powdered banana peels to use as a supplement in animal feed.,November-January
Kandula,3136,Banana flavored craft beers,November-January
Anamalu,4599,make dried and powdered banana peels to use as a supplement in animal feed.,January-December
Nethra Palam,137,Make natural remedies,January-December
Nethra Palam,3588,"Traditional alcoholic beverages- Banana liqueurs, wine",November-January
Ambul Kesel,1758,cosmetic industry- Make haircare treatments with banana extracts,November-January
Ambum,2982,Textile industry- make banana fibers,November-January
Anamalu,3270,Make tea bags and filters,January-December
Puwalu,4536,Make single use plastic alternatives,November-January
Seeni Parakum,3590,make dried and powdered banana peels to use as a supplement in animal feed.,November-January
Sini Kesel,645,Make organic fertilizers,January-December
Kolikuttu,3344,Textile industry- make banana fibers,January-December
Puwalu,2944,Banana candies,January-December
Kandula,3494,Brewing and distilling industry- Make banana beer,November-January
Nethra Palam,2330,Textile industry- make banana fibers,January-December
Nethra Palam,344,Make high quality acid free paper from banana stems and leaves,January-December
Ambum,4083,Food industry-desserts varieties,November-January
Nethra Palam,979,Brewing and distilling industry- Make banana beer,January-December
Ambum,1140,Make bioplastics,November-January
Anamalu,2511,Make flavors- Banana flavorings and extracts to make flavored syrups and drinks,January-December
Green Banana,1973,Make high quality acid free paper from banana stems and leaves,November-January
Nethra Palam,4154,Banana chips ( both sweetened and unsweetened),January-December
Ambul Kesel,4390,Make organic fertilizers,January-December
Ambul Kesel,2473,Make single use plastic alternatives,November-January
Kandula,1538,make banana silk which is eco friendly and biodegradable,November-January
Puwalu,2585,dehydrated banana chips,November-January
Ambul Nadee,634,"Beverage industry - To make milkshakes,smoothies, fruit juices",November-January
Green Banana,3374,Banana candies,January-December
Ambum,4870,Give CBL to make Waffers Biscuits,January-December
Rath Kesel,4372,dehydrated banana chips,January-December
Ambul Nadee,927,Bakery industry- Banana breads and banana cakes,January-December
Rath Kesel,2639,Make tea bags and filters,November-January
Sini Kesel,749,"Skincare industry- Make skincare products ( Lotions, creams and face masks",January-December
Green Banana,489,Give CBL to make Waffers Biscuits,January-December
Kandula,724,Make organic fertilizers,January-December
Suwandal,4787,Make bioplastics,November-January
Sini Kesel,4587,Give CBL to make Waffers Biscuits,January-December
Kolikuttu,2793,Make breakfast cereals,January-December
Puwalu,1794,Textile industry- make banana fibers,January-December
Green Banana,1711,Make innorganic fertilizers,January-December
Ambum,2774,Export to USA as fresh banana,January-December
Ambum,4826,Make bioplastics,January-December
Sini Kesel,2743,Food industry-desserts varieties,January-December
Sini Kesel,2092,Make jam and sugary products to the local market,January-December
Green Banana,4475,"Beverage industry - To make milkshakes,smoothies, fruit juices",January-December
Suwandal,2499,cosmetic industry- Make haircare treatments with banana extracts,November-January
Nethra Palam,2888,Make bioplastics,January-December
Sini Kesel,2282,Make jam and sugary products to the local market,January-December
Ambul Kesel,4579,Make flavors- Banana flavorings and extracts to make flavored syrups and drinks,January-December
Ambul Kesel,357,Make single use plastic alternatives,November-January
Sini Kesel,2010,Make banana oils are used in cosmatic industry,January-December
Suwandal,3369,Make flavors- Banana flavorings and extracts to make flavored syrups and drinks,January-December
Kandula,644,Export to USA as fresh banana,November-January
Ambul Kesel,103,Banana chocolates and sweets,January-December
Seeni Parakum,2610,Make high quality acid free paper from banana stems and leaves,November-January
Ambul Kesel,3076,Bakery industry- Banana breads and banana cakes,January-December
Ambul Nadee,2552,Food industry-desserts varieties,January-December
Green Banana,207,Make single use plastic alternatives,November-January
Rath Kesel,2664,dehydrated banana chips,January-December
Kandula,2229,Make high quality acid free paper from banana stems and leaves,January-December
Ambul Kesel,3270,Banana chips ( both sweetened and unsweetened),January-December
Ambul Nadee,4126,make dried and powdered banana peels to use as a supplement in animal feed.,November-January
Kandula,1106,cosmetic industry- Make haircare treatments with banana extracts,November-January
Kandula,4441,Give CBL to make Waffers Biscuits,November-January
Puwalu,3732,cosmetic industry- Make haircare treatments with banana extracts,November-January
Ambum,1952,Make innorganic fertilizers,November-January
Rath Kesel,2570,Make banana oils are used in cosmatic industry,November-January
Kandula,3444,Export to USA as fresh banana,November-January
Ambum,1986,Make breakfast cereals,January-December
Rath Kesel,2226,Make single use plastic alternatives,January-December
Rath Kesel,849,Export to USA as fresh banana,January-December
Suwandal,1285,Make single use plastic alternatives,November-January
Nethra Palam,2882,"Pharmaceutical industry- Make antioxidants,vitamins by exploring bioactive compound ",January-December
Green Banana,4315,Make flavors- Banana flavorings and extracts to make flavored syrups and drinks,January-December
Anamalu,703,Brewing and distilling industry- Make banana beer,January-December
Rath Kesel,1913,"Beverage industry - To make milkshakes,smoothies, fruit juices",January-December
Kandula,204,Make high quality acid free paper from banana stems and leaves,January-December
Anamalu,3574,Make bioplastics,January-December
Anamalu,4038,Make innorganic fertilizers,November-January
Ambum,4152,dehydrated banana chips,November-January
Green Banana,2958,Make bioplastics,November-January
Kolikuttu,2655,Make innorganic fertilizers,January-December
Ambul Kesel,2725,Brewing and distilling industry- Make banana beer,January-December
Puwalu,885,make dried and powdered banana peels to use as a supplement in animal feed.,January-December
Anamalu,3773,make dried and powdered banana peels to use as a supplement in animal feed.,November-January
Puwalu,81,Banana candies,January-December
Suwandal,4871,Banana chips ( both sweetened and unsweetened),November-January
Nethra Palam,3718,Make natural remedies,November-January
Ambum,4621,Textile industry- make banana fibers,January-December
Kolikuttu,3286,Make tea bags and filters,November-January
Anamalu,1938,Food industry-desserts varieties,November-January
Ambum,876,"Beverage industry - To make milkshakes,smoothies, fruit juices",January-December
Puwalu,2208,Make jam and sugary products to the local market,January-December
Anamalu,3582,Banana chips ( both sweetened and unsweetened),January-December
Ambul Kesel,2659,Make natural remedies,November-January
Kolikuttu,3621,Make organic fertilizers,January-December
Ambul Nadee,3191,Make natural remedies,January-December
Nethra Palam,2418,make dried and powdered banana peels to use as a supplement in animal feed.,November-January
Suwandal,1059,Give CBL to make Waffers Biscuits,November-January
Sini Kesel,4723,Make breakfast cereals,January-December
Kandula,3604,Brewing and distilling industry- Make banana beer,November-January
Nethra Palam,1410,Make single use plastic alternatives,January-December
Anamalu,2538,"Skincare industry- Make skincare products ( Lotions, creams and face masks",January-December
Seeni Parakum,3096,Make innorganic fertilizers,January-December
Anamalu,1889,Banana chocolates and sweets,January-December
Puwalu,1800,Food industry-desserts varieties,November-January
Suwandal,1590,Make single use plastic alternatives,November-January
Seeni Parakum,3968,Export to USA as fresh banana,January-December
Kandula,4306,Make flavors- Banana flavorings and extracts to make flavored syrups and drinks,November-January
Suwandal,3731,Banana chips ( both sweetened and unsweetened),November-January
Ambul Kesel,4474,dehydrated banana chips,January-December
Rath Kesel,1879,Make banana oils are used in cosmatic industry,November-January
Ambul Kesel,3137,Banana chocolates and sweets,January-December
Kolikuttu,3798,"Traditional alcoholic beverages- Banana liqueurs, wine",January-December
Rath Kesel,2244,"Pharmaceutical industry- Make antioxidants,vitamins by exploring bioactive compound ",January-December
Ambum,4406,Banana candies,January-December
Kolikuttu,3683,Banana candies,November-January
Ambul Kesel,298,make banana silk which is eco friendly and biodegradable,November-January
Kandula,134,Banana chocolates and sweets,November-January
Suwandal,560,"Skincare industry- Make skincare products ( Lotions, creams and face masks",January-December
Rath Kesel,2873,Make bioplastics,November-January
Sini Kesel,2593,Make single use plastic alternatives,November-January
Sini Kesel,828,Textile industry- make banana fibers,November-January
Suwandal,2495,dehydrated banana chips,November-January
Green Banana,3002,Make banana oils are used in cosmatic industry,November-January
Kolikuttu,376,Make jam and sugary products to the local market,November-January
Kandula,1780,make dried and powdered banana peels to use as a supplement in animal feed.,November-January
Seeni Parakum,3307,Make banana oils are used in cosmatic industry,January-December
Ambum,4503,Banana chips ( both sweetened and unsweetened),November-January
Kolikuttu,1396,cosmetic industry- Make haircare treatments with banana extracts,November-January
Suwandal,1541,Make jam and sugary products to the local market,November-January
Anamalu,4243,"Pharmaceutical industry- Make antioxidants,vitamins by exploring bioactive compound ",November-January
Seeni Parakum,4250,"Traditional alcoholic beverages- Banana liqueurs, wine",November-January
Anamalu,274,Banana chips ( both sweetened and unsweetened),January-December
Anamalu,4672,Make tea bags and filters,January-December
Green Banana,4143,Make flavors- Banana flavorings and extracts to make flavored syrups and drinks,January-December
Ambum,663,dehydrated banana chips,January-December
Kandula,3125,Make banana oils are used in cosmatic industry,January-December
Ambum,3114,"Traditional alcoholic beverages- Banana liqueurs, wine",November-January
Suwandal,1133,Banana candies,November-January
Puwalu,1306,Banana flavored craft beers,January-December
Ambum,3864,make banana silk which is eco friendly and biodegradable,January-December
Anamalu,3246,Make flavors- Banana flavorings and extracts to make flavored syrups and drinks,November-January
Green Banana,4935,"Beverage industry - To make milkshakes,smoothies, fruit juices",November-January
Anamalu,3717,Make flavors- Banana flavorings and extracts to make flavored syrups and drinks,November-January
Puwalu,3213,"Skincare industry- Make skincare products ( Lotions, creams and face masks",November-January
Anamalu,706,Banana chocolates and sweets,November-January
Ambum,512,Make banana oils are used in cosmatic industry,January-December
Anamalu,2203,cosmetic industry- Make haircare treatments with banana extracts,January-December
Kandula,4627,Textile industry- make banana fibers,January-December
Nethra Palam,4684,Banana chocolates and sweets,January-December
Suwandal,2248,"Traditional alcoholic beverages- Banana liqueurs, wine",January-December
Puwalu,1375,Bakery industry- Banana breads and banana cakes,November-January
Puwalu,3270,make banana silk which is eco friendly and biodegradable,November-January
Seeni Parakum,2545,"Beverage industry - To make milkshakes,smoothies, fruit juices",November-January
Seeni Parakum,2708,dehydrated banana chips,January-December
Rath Kesel,1688,"Skincare industry- Make skincare products ( Lotions, creams and face masks",November-January
Ambum,3565,Make breakfast cereals,January-December
Sini Kesel,509,Make flavors- Banana flavorings and extracts to make flavored syrups and drinks,November-January
Kandula,3956,make banana silk which is eco friendly and biodegradable,January-December
Nethra Palam,443,"Skincare industry- Make skincare products ( Lotions, creams and face masks",January-December
Ambul Kesel,4764,"Traditional alcoholic beverages- Banana liqueurs, wine",January-December
Kolikuttu,4338,"Beverage industry - To make milkshakes,smoothies, fruit juices",January-December
Ambul Nadee,110,make dried and powdered banana peels to use as a supplement in animal feed.,November-January
Kolikuttu,3097,Make single use plastic alternatives,January-December
Rath Kesel,2813,"Skincare industry- Make skincare products ( Lotions, creams and face masks",January-December
Anamalu,261,Make single use plastic alternatives,January-December
Seeni Parakum,4773,Make innorganic fertilizers,November-January
Kandula,1999,Brewing and distilling industry- Make banana beer,January-December
Rath Kesel,826,Give CBL to make Waffers Biscuits,November-January
Anamalu,3937,Food industry-desserts varieties,November-January
Seeni Parakum,1567,"Beverage industry - To make milkshakes,smoothies, fruit juices",January-December
Sini Kesel,4442,cosmetic industry- Make haircare treatments with banana extracts,January-December
Ambul Nadee,122,Banana candies,November-January
Green Banana,3025,Banana chocolates and sweets,November-January
Ambul Nadee,4412,Banana flavored craft beers,January-December
Sini Kesel,682,Make natural remedies,January-December
Nethra Palam,2423,"Skincare industry- Make skincare products ( Lotions, creams and face masks",January-December
Suwandal,2537,Make bioplastics,January-December
Anamalu,1727,Banana chocolates and sweets,January-December
Sini Kesel,2537,dehydrated banana chips,November-January
Green Banana,2796,Brewing and distilling industry- Make banana beer,January-December
Anamalu,2062,Make flavors- Banana flavorings and extracts to make flavored syrups and drinks,January-December
Ambum,1776,Make natural remedies,November-January
Anamalu,3874,make dried and powdered banana peels to use as a supplement in animal feed.,November-January
Kolikuttu,2656,"Pharmaceutical industry- Make antioxidants,vitamins by exploring bioactive compound ",November-January
Kolikuttu,3928,Banana candies,November-January
Kolikuttu,3933,Food industry-desserts varieties,January-December
Seeni Parakum,4516,Brewing and distilling industry- Make banana beer,November-January
Kandula,1701,Export to USA as fresh banana,November-January
Green Banana,951,Make flavors- Banana flavorings and extracts to make flavored syrups and drinks,January-December
Green Banana,547,Export to USA as fresh banana,January-December
Nethra Palam,328,Make bioplastics,November-January
Kolikuttu,2582,Textile industry- make banana fibers,November-January
Anamalu,1079,"Traditional alcoholic beverages- Banana liqueurs, wine",January-December
Green Banana,4184,Make flavors- Banana flavorings and extracts to make flavored syrups and drinks,January-December
Ambul Kesel,1566,make banana silk which is eco friendly and biodegradable,January-December
Sini Kesel,3546,"Traditional alcoholic beverages- Banana liqueurs, wine",November-January
Green Banana,2619,Banana candies,January-December
Ambul Nadee,3945,"Traditional alcoholic beverages- Banana liqueurs, wine",November-January
Kolikuttu,3205,Bakery industry- Banana breads and banana cakes,January-December
Ambum,3452,cosmetic industry- Make haircare treatments with banana extracts,November-January
Ambul Kesel,172,cosmetic industry- Make haircare treatments with banana extracts,January-December
Green Banana,4865,Make bioplastics,November-January
Rath Kesel,3998,"Traditional alcoholic beverages- Banana liqueurs, wine",November-January
Kandula,730,Brewing and distilling industry- Make banana beer,November-January
Sini Kesel,924,Make banana oils are used in cosmatic industry,January-December
Green Banana,425,Make bioplastics,November-January
Ambul Kesel,1623,Brewing and distilling industry- Make banana beer,November-January
Anamalu,3361,cosmetic industry- Make haircare treatments with banana extracts,November-January
Anamalu,3808,Make banana oils are used in cosmatic industry,January-December
Anamalu,2146,Export to USA as fresh banana,January-December
Puwalu,2750,Banana chocolates and sweets,November-January
Suwandal,4906,Food industry-desserts varieties,January-December
Anamalu,4623,Banana chips ( both sweetened and unsweetened),January-December
Suwandal,3776,Make flavors- Banana flavorings and extracts to make flavored syrups and drinks,November-January
Nethra Palam,537,Banana chips ( both sweetened and unsweetened),November-January
Rath Kesel,295,Make innorganic fertilizers,November-January
Seeni Parakum,108,Make high quality acid free paper from banana stems and leaves,November-January
Puwalu,741,"Beverage industry - To make milkshakes,smoothies, fruit juices",January-December
Ambul Kesel,1260,make dried and powdered banana peels to use as a supplement in animal feed.,January-December
Ambum,295,Make natural remedies,January-December
Ambum,2303,Make single use plastic alternatives,November-January
Ambul Nadee,1808,Make breakfast cereals,January-December
Ambul Kesel,2990,Export to USA as fresh banana,January-December
Kandula,4733,Brewing and distilling industry- Make banana beer,November-January
Nethra Palam,716,Bakery industry- Banana breads and banana cakes,January-December
Ambum,4192,"Skincare industry- Make skincare products ( Lotions, creams and face masks",January-December
Kandula,1337,Give CBL to make Waffers Biscuits,November-January
Suwandal,1125,Make high quality acid free paper from banana stems and leaves,January-December
Green Banana,1823,Banana chocolates and sweets,November-January
Rath Kesel,4986,Make jam and sugary products to the local market,January-December
Sini Kesel,3538,cosmetic industry- Make haircare treatments with banana extracts,January-December
Ambul Kesel,670,Make organic fertilizers,November-January
Seeni Parakum,3582,make banana silk which is eco friendly and biodegradable,January-December
Suwandal,553,"Pharmaceutical industry- Make antioxidants,vitamins by exploring bioactive compound ",January-December
Kolikuttu,1355,make banana silk which is eco friendly and biodegradable,January-December
Rath Kesel,1486,Give CBL to make Waffers Biscuits,November-January
Kandula,3776,Brewing and distilling industry- Make banana beer,November-January
Sini Kesel,334,"Skincare industry- Make skincare products ( Lotions, creams and face masks",January-December
Anamalu,338,Banana flavored craft beers,November-January
Rath Kesel,3489,"Beverage industry - To make milkshakes,smoothies, fruit juices",January-December
Suwandal,4368,make banana silk which is eco friendly and biodegradable,November-January
Ambum,442,cosmetic industry- Make haircare treatments with banana extracts,January-December
Anamalu,1282,Textile industry- make banana fibers,November-January
Sini Kesel,4498,Make jam and sugary products to the local market,November-January
Nethra Palam,3013,"Pharmaceutical industry- Make antioxidants,vitamins by exploring bioactive compound ",January-December
Ambul Kesel,4511,Give CBL to make Waffers Biscuits,January-December
Kolikuttu,3122,Make banana oils are used in cosmatic industry,January-December
Ambul Kesel,4669,make banana silk which is eco friendly and biodegradable,January-December
Kandula,2149,Banana chips ( both sweetened and unsweetened),November-January
Seeni Parakum,693,Make flavors- Banana flavorings and extracts to make flavored syrups and drinks,November-January
Nethra Palam,4088,Brewing and distilling industry- Make banana beer,November-January
Ambul Kesel,1414,"Pharmaceutical industry- Make antioxidants,vitamins by exploring bioactive compound ",January-December
Puwalu,4362,Banana chips ( both sweetened and unsweetened),January-December
Kolikuttu,1248,"Beverage industry - To make milkshakes,smoothies, fruit juices",November-January
Anamalu,590,Bakery industry- Banana breads and banana cakes,November-January
Sini Kesel,1654,Make single use plastic alternatives,January-December
Sini Kesel,2072,Give CBL to make Waffers Biscuits,November-January
Seeni Parakum,4503,Banana chocolates and sweets,January-December
Nethra Palam,3678,Banana chocolates and sweets,November-January
Ambum,4973,Make innorganic fertilizers,January-December
Puwalu,3977,Export to USA as fresh banana,January-December
Suwandal,4388,Make natural remedies,January-December
Seeni Parakum,4585,Make innorganic fertilizers,November-January
Ambul Nadee,3978,Give CBL to make Waffers Biscuits,November-January
Sini Kesel,3048,Food industry-desserts varieties,November-January
Kolikuttu,2381,Make flavors- Banana flavorings and extracts to make flavored syrups and drinks,November-January
Suwandal,1714,"Skincare industry- Make skincare products ( Lotions, creams and face masks",November-January
Kandula,3529,Banana flavored craft beers,November-January
Ambum,2138,Bakery industry- Banana breads and banana cakes,January-December
Green Banana,144,dehydrated banana chips,November-January
Ambul Nadee,1289,Banana flavored craft beers,November-January
Anamalu,1605,Export to USA as fresh banana,November-January
Ambul Kesel,3983,Make high quality acid free paper from banana stems and leaves,November-January
Green Banana,1444,make banana silk which is eco friendly and biodegradable,January-December
Ambul Kesel,2507,Make single use plastic alternatives,January-December
Sini Kesel,2942,make banana silk which is eco friendly and biodegradable,November-January
Sini Kesel,3033,Banana chocolates and sweets,January-December
Nethra Palam,1509,Make bioplastics,January-December
Kandula,2265,Food industry-desserts varieties,November-January
Sini Kesel,4970,make dried and powdered banana peels to use as a supplement in animal feed.,January-December
Anamalu,4498,Make high quality acid free paper from banana stems and leaves,January-December
Ambul Nadee,1096,Make flavors- Banana flavorings and extracts to make flavored syrups and drinks,November-January
Anamalu,3495,Make banana oils are used in cosmatic industry,January-December
Suwandal,4701,Make high quality acid free paper from banana stems and leaves,November-January
Rath Kesel,2712,Make natural remedies,November-January
Suwandal,2836,Export to USA as fresh banana,January-December
Ambum,3709,"Beverage industry - To make milkshakes,smoothies, fruit juices",January-December
Kolikuttu,4084,make banana silk which is eco friendly and biodegradable,November-January
Ambul Nadee,3841,cosmetic industry- Make haircare treatments with banana extracts,January-December
Ambul Kesel,1241,Make single use plastic alternatives,January-December
Sini Kesel,3865,Export to USA as fresh banana,November-January
Kolikuttu,2001,Make natural remedies,November-January
Seeni Parakum,2820,Banana chocolates and sweets,January-December
Puwalu,2969,cosmetic industry- Make haircare treatments with banana extracts,November-January
Ambum,2593,make dried and powdered banana peels to use as a supplement in animal feed.,November-January
Kolikuttu,4736,Make jam and sugary products to the local market,November-January
Kandula,1686,Export to USA as fresh banana,November-January
Ambul Nadee,367,"Pharmaceutical industry- Make antioxidants,vitamins by exploring bioactive compound ",November-January
Nethra Palam,1288,dehydrated banana chips,January-December
Suwandal,1539,"Pharmaceutical industry- Make antioxidants,vitamins by exploring bioactive compound ",November-January
Ambul Kesel,625,Banana flavored craft beers,January-December
Nethra Palam,1987,Make bioplastics,November-January
Kolikuttu,4901,"Skincare industry- Make skincare products ( Lotions, creams and face masks",January-December
Sini Kesel,165,make banana silk which is eco friendly and biodegradable,January-December
Puwalu,1599,Make tea bags and filters,January-December
Kolikuttu,335,Make tea bags and filters,January-December
Ambul Nadee,747,"Skincare industry- Make skincare products ( Lotions, creams and face masks",November-January
Ambul Nadee,2219,cosmetic industry- Make haircare treatments with banana extracts,November-January
Kolikuttu,4097,cosmetic industry- Make haircare treatments with banana extracts,January-December
Suwandal,2218,"Skincare industry- Make skincare products ( Lotions, creams and face masks",January-December
Seeni Parakum,3548,Food industry-desserts varieties,January-December
Kandula,2558,Export to USA as fresh banana,November-January
Green Banana,4169,Make bioplastics,January-December
Anamalu,4665,make banana silk which is eco friendly and biodegradable,November-January
Anamalu,1044,make banana silk which is eco friendly and biodegradable,November-January
Ambul Nadee,3498,Textile industry- make banana fibers,November-January
Suwandal,4160,Export to USA as fresh banana,January-December
Kolikuttu,618,Make high quality acid free paper from banana stems and leaves,November-January
Kandula,4372,Bakery industry- Banana breads and banana cakes,January-December
Green Banana,1207,Banana chips ( both sweetened and unsweetened),January-December
Seeni Parakum,3647,"Traditional alcoholic beverages- Banana liqueurs, wine",November-January
Kandula,3850,Textile industry- make banana fibers,November-January
Suwandal,490,Make banana oils are used in cosmatic industry,January-December
Kolikuttu,765,Bakery industry- Banana breads and banana cakes,November-January
Green Banana,2372,"Skincare industry- Make skincare products ( Lotions, creams and face masks",November-January
Ambum,1304,Make high quality acid free paper from banana stems and leaves,January-December
Puwalu,2020,"Pharmaceutical industry- Make antioxidants,vitamins by exploring bioactive compound ",November-January
Kolikuttu,1060,"Traditional alcoholic beverages- Banana liqueurs, wine",January-December
Ambul Kesel,4562,Make high quality acid free paper from banana stems and leaves,November-January
Sini Kesel,4852,Make high quality acid free paper from banana stems and leaves,January-December
Kolikuttu,115,Make bioplastics,January-December
Green Banana,2379,Make tea bags and filters,January-December
Kandula,2821,Banana chips ( both sweetened and unsweetened),January-December
Seeni Parakum,1658,Make organic fertilizers,November-January
Anamalu,3683,Banana chips ( both sweetened and unsweetened),November-January
Ambum,4774,make banana silk which is eco friendly and biodegradable,November-January
Sini Kesel,320,Banana flavored craft beers,January-December
Seeni Parakum,2200,Make jam and sugary products to the local market,January-December
Nethra Palam,3517,Make bioplastics,November-January
Nethra Palam,1772,dehydrated banana chips,January-December
Anamalu,2624,Food industry-desserts varieties,November-January
Anamalu,4818,make banana silk which is eco friendly and biodegradable,November-January
Sini Kesel,1581,"Skincare industry- Make skincare products ( Lotions, creams and face masks",November-January
Kandula,1708,"Beverage industry - To make milkshakes,smoothies, fruit juices",November-January
Suwandal,3030,Food industry-desserts varieties,January-December
Green Banana,4797,Bakery industry- Banana breads and banana cakes,January-December
Ambul Kesel,4093,cosmetic industry- Make haircare treatments with banana extracts,January-December
Green Banana,1056,Textile industry- make banana fibers,January-December
Puwalu,2250,make dried and powdered banana peels to use as a supplement in animal feed.,January-December
Rath Kesel,3075,Make banana oils are used in cosmatic industry,November-January
Ambul Kesel,1618,Make tea bags and filters,November-January
Nethra Palam,651,Banana chocolates and sweets,January-December
Anamalu,4277,Make natural remedies,January-December
Ambul Nadee,1234,"Traditional alcoholic beverages- Banana liqueurs, wine",November-January
Nethra Palam,1405,Banana flavored craft beers,January-December
Nethra Palam,1181,Make banana oils are used in cosmatic industry,November-January
Suwandal,1498,Make breakfast cereals,January-December
Ambul Nadee,538,cosmetic industry- Make haircare treatments with banana extracts,January-December
Ambul Nadee,4262,Make flavors- Banana flavorings and extracts to make flavored syrups and drinks,November-January
Puwalu,383,"Pharmaceutical industry- Make antioxidants,vitamins by exploring bioactive compound ",January-December
Puwalu,4178,dehydrated banana chips,January-December
Ambum,4626,Make banana oils are used in cosmatic industry,November-January
Kolikuttu,2401,Make tea bags and filters,January-December
Suwandal,683,"Skincare industry- Make skincare products ( Lotions, creams and face masks",January-December
Green Banana,1803,Make organic fertilizers,January-December
Puwalu,3416,Export to USA as fresh banana,January-December
Anamalu,802,Textile industry- make banana fibers,November-January
Ambul Nadee,279,Export to USA as fresh banana,January-December
Kandula,3773,"Pharmaceutical industry- Make antioxidants,vitamins by exploring bioactive compound ",January-December
Nethra Palam,3187,Make natural remedies,November-January
Sini Kesel,1762,Make banana oils are used in cosmatic industry,November-January
Kolikuttu,4948,"Beverage industry - To make milkshakes,smoothies, fruit juices",November-January
Ambul Nadee,1748,dehydrated banana chips,November-January
Kandula,632,"Beverage industry - To make milkshakes,smoothies, fruit juices",January-December
Puwalu,555,Banana chocolates and sweets,November-January
Nethra Palam,3987,Give CBL to make Waffers Biscuits,January-December
Suwandal,2688,Make jam and sugary products to the local market,January-December
Seeni Parakum,1342,Make breakfast cereals,January-December
Ambul Kesel,4735,Make jam and sugary products to the local market,November-January
Anamalu,4896,Brewing and distilling industry- Make banana beer,January-December
Rath Kesel,2691,Make bioplastics,November-January
Anamalu,3459,Banana chips ( both sweetened and unsweetened),January-December
Anamalu,4592,"Pharmaceutical industry- Make antioxidants,vitamins by exploring bioactive compound ",November-January
Ambul Kesel,3195,Make high quality acid free paper from banana stems and leaves,November-January
Ambul Kesel,3726,make banana silk which is eco friendly and biodegradable,January-December
Green Banana,415,Brewing and distilling industry- Make banana beer,January-December
Ambum,1685,Make natural remedies,January-December
Anamalu,284,Banana candies,November-January
Puwalu,3617,Make tea bags and filters,November-January
Anamalu,3502,Make single use plastic alternatives,January-December
Puwalu,1006,Food industry-desserts varieties,January-December
Seeni Parakum,2343,"Traditional alcoholic beverages- Banana liqueurs, wine",January-December
Kandula,4165,Make banana oils are used in cosmatic industry,November-January
Ambul Kesel,3974,Banana chocolates and sweets,January-December
Nethra Palam,1383,Make single use plastic alternatives,November-January
Anamalu,4598,Make organic fertilizers,January-December
Sini Kesel,4487,Make breakfast cereals,November-January
Ambul Kesel,4593,Make organic fertilizers,November-January
Puwalu,1458,Make natural remedies,November-January
Seeni Parakum,539,Make single use plastic alternatives,November-January
Puwalu,219,Brewing and distilling industry- Make banana beer,November-January
Ambul Nadee,298,Export to USA as fresh banana,January-December
Suwandal,2308,Textile industry- make banana fibers,January-December
Puwalu,3619,"Beverage industry - To make milkshakes,smoothies, fruit juices",November-January
Ambum,4779,"Beverage industry - To make milkshakes,smoothies, fruit juices",January-December
Kandula,4846,make banana silk which is eco friendly and biodegradable,January-December
Nethra Palam,4900,cosmetic industry- Make haircare treatments with banana extracts,January-December
Sini Kesel,2484,Make natural remedies,November-January
Kolikuttu,3405,Banana candies,January-December
Suwandal,3366,Banana candies,January-December
Kandula,4487,Banana candies,November-January
Sini Kesel,120,Make breakfast cereals,January-December
Ambul Nadee,4906,Give CBL to make Waffers Biscuits,November-January
Seeni Parakum,710,dehydrated banana chips,January-December
Kolikuttu,2163,make banana silk which is eco friendly and biodegradable,November-January
Suwandal,3725,Make flavors- Banana flavorings and extracts to make flavored syrups and drinks,November-January
Rath Kesel,3606,make dried and powdered banana peels to use as a supplement in animal feed.,November-January
Suwandal,321,Make organic fertilizers,November-January
Kandula,4540,"Skincare industry- Make skincare products ( Lotions, creams and face masks",November-January
Kandula,3301,Make innorganic fertilizers,November-January
Kandula,2806,Food industry-desserts varieties,November-January
Sini Kesel,1576,Banana chocolates and sweets,November-January
Kandula,4926,make dried and powdered banana peels to use as a supplement in animal feed.,November-January
Sini Kesel,4205,Make jam and sugary products to the local market,January-December
Ambul Nadee,1636,Banana chocolates and sweets,January-December
Puwalu,3243,Make jam and sugary products to the local market,November-January
Anamalu,3990,Make innorganic fertilizers,January-December
Puwalu,1976,Make organic fertilizers,November-January
Ambul Nadee,1261,Make single use plastic alternatives,January-December
Suwandal,2348,Make breakfast cereals,November-January
Kandula,2240,Bakery industry- Banana breads and banana cakes,November-January
Kolikuttu,431,Banana candies,November-January
Green Banana,415,Make flavors- Banana flavorings and extracts to make flavored syrups and drinks,November-January
Kolikuttu,3344,Banana candies,January-December
Ambum,4379,Give CBL to make Waffers Biscuits,January-December
Anamalu,1962,Brewing and distilling industry- Make banana beer,January-December
Rath Kesel,3600,Banana candies,January-December
Suwandal,4611,Food industry-desserts varieties,January-December
Ambul Nadee,2171,make banana silk which is eco friendly and biodegradable,November-January
Sini Kesel,3798,Food industry-desserts varieties,January-December
Sini Kesel,2016,Make jam and sugary products to the local market,November-January
Rath Kesel,2231,"Beverage industry - To make milkshakes,smoothies, fruit juices",November-January
Green Banana,359,"Pharmaceutical industry- Make antioxidants,vitamins by exploring bioactive compound ",November-January
Ambul Nadee,2374,"Pharmaceutical industry- Make antioxidants,vitamins by exploring bioactive compound ",January-December
Anamalu,2580,"Skincare industry- Make skincare products ( Lotions, creams and face masks",November-January
Anamalu,285,"Beverage industry - To make milkshakes,smoothies, fruit juices",January-December
Suwandal,3867,Make natural remedies,January-December
Puwalu,584,Make innorganic fertilizers,November-January
Nethra Palam,4758,Make jam and sugary products to the local market,November-January
Puwalu,2694,Banana flavored craft beers,November-January
Ambul Kesel,2579,Textile industry- make banana fibers,November-January
Anamalu,2615,Brewing and distilling industry- Make banana beer,January-December
Suwandal,2699,Make banana oils are used in cosmatic industry,January-December
Green Banana,577,Make innorganic fertilizers,January-December
Kandula,2244,"Beverage industry - To make milkshakes,smoothies, fruit juices",January-December
Green Banana,4125,Make innorganic fertilizers,January-December
Kolikuttu,1770,dehydrated banana chips,November-January
Sini Kesel,3958,Banana candies,January-December
Suwandal,2878,Make organic fertilizers,January-December
Kolikuttu,837,Make single use plastic alternatives,November-January
Puwalu,1283,Make single use plastic alternatives,November-January
Seeni Parakum,1444,Make flavors- Banana flavorings and extracts to make flavored syrups and drinks,November-January
Sini Kesel,2349,Textile industry- make banana fibers,November-January
Rath Kesel,956,Make tea bags and filters,November-January
Suwandal,4927,Banana candies,January-December
Ambum,2168,Make banana oils are used in cosmatic industry,January-December
Ambul Nadee,811,"Traditional alcoholic beverages- Banana liqueurs, wine",November-January
Ambum,3627,Banana chocolates and sweets,November-January
Anamalu,2697,Make bioplastics,November-January
Puwalu,3301,Make flavors- Banana flavorings and extracts to make flavored syrups and drinks,November-January
Sini Kesel,2393,Make bioplastics,January-December
Sini Kesel,1042,Textile industry- make banana fibers,November-January
Ambul Kesel,834,"Beverage industry - To make milkshakes,smoothies, fruit juices",January-December
Kandula,1686,"Pharmaceutical industry- Make antioxidants,vitamins by exploring bioactive compound ",November-January
Ambul Kesel,2993,dehydrated banana chips,November-January
Seeni Parakum,3031,Food industry-desserts varieties,November-January
Ambul Nadee,1009,Make high quality acid free paper from banana stems and leaves,January-December
Green Banana,397,Make natural remedies,January-December
Ambul Nadee,1329,"Pharmaceutical industry- Make antioxidants,vitamins by exploring bioactive compound ",January-December
Ambul Nadee,1251,dehydrated banana chips,November-January
Puwalu,2214,Make jam and sugary products to the local market,January-December
Ambul Nadee,477,Give CBL to make Waffers Biscuits,January-December
Nethra Palam,959,Bakery industry- Banana breads and banana cakes,November-January
Suwandal,523,Make flavors- Banana flavorings and extracts to make flavored syrups and drinks,November-January
Kolikuttu,4820,"Pharmaceutical industry- Make antioxidants,vitamins by exploring bioactive compound ",January-December
Kolikuttu,642,Export to USA as fresh banana,November-January
Seeni Parakum,3838,Make innorganic fertilizers,November-January
Green Banana,4788,Banana chips ( both sweetened and unsweetened),November-January
Green Banana,2038,Banana chips ( both sweetened and unsweetened),November-January
Nethra Palam,4216,Bakery industry- Banana breads and banana cakes,November-January
Ambum,4460,Banana candies,November-January
Kandula,3911,cosmetic industry- Make haircare treatments with banana extracts,November-January
Ambum,1933,Food industry-desserts varieties,November-January
Suwandal,692,"Beverage industry - To make milkshakes,smoothies, fruit juices",January-December
Kandula,4574,"Traditional alcoholic beverages- Banana liqueurs, wine",January-December
Seeni Parakum,913,Banana candies,January-December
Kolikuttu,1025,Make bioplastics,November-January
Ambum,2778,Make organic fertilizers,January-December
Sini Kesel,1654,make dried and powdered banana peels to use as a supplement in animal feed.,January-December
Nethra Palam,1046,"Skincare industry- Make skincare products ( Lotions, creams and face masks",November-January
Kolikuttu,1929,cosmetic industry- Make haircare treatments with banana extracts,November-January
Green Banana,1172,Banana chips ( both sweetened and unsweetened),January-December
Kolikuttu,3338,"Pharmaceutical industry- Make antioxidants,vitamins by exploring bioactive compound ",November-January
Nethra Palam,4099,"Traditional alcoholic beverages- Banana liqueurs, wine",November-January
Green Banana,2090,Food industry-desserts varieties,January-December
Kolikuttu,4430,Banana flavored craft beers,November-January
Anamalu,2849,Make organic fertilizers,January-December
Puwalu,2276,Banana chocolates and sweets,January-December
Kolikuttu,4184,Banana flavored craft beers,November-January
Seeni Parakum,2293,Make innorganic fertilizers,November-January
Ambul Nadee,4541,Banana chocolates and sweets,January-December
Kolikuttu,4204,Food industry-desserts varieties,November-January
Nethra Palam,2435,Make organic fertilizers,November-January
Kandula,2845,Make jam and sugary products to the local market,January-December
Sini Kesel,4153,Banana chocolates and sweets,January-December
Seeni Parakum,2142,Make organic fertilizers,November-January
Puwalu,125,Banana candies,January-December
Nethra Palam,3422,Textile industry- make banana fibers,November-January
Ambul Nadee,1599,Make jam and sugary products to the local market,January-December
Ambul Nadee,1072,Banana candies,January-December
Ambum,2880,Make natural remedies,November-January
Suwandal,1118,make banana silk which is eco friendly and biodegradable,January-December
Puwalu,4796,Make natural remedies,January-December
Kolikuttu,4887,Make bioplastics,November-January
Anamalu,2030,"Skincare industry- Make skincare products ( Lotions, creams and face masks",January-December
Kolikuttu,337,Make flavors- Banana flavorings and extracts to make flavored syrups and drinks,January-December
Suwandal,1410,Make natural remedies,November-January
Ambum,4524,Make flavors- Banana flavorings and extracts to make flavored syrups and drinks,January-December
Puwalu,1378,cosmetic industry- Make haircare treatments with banana extracts,November-January
Rath Kesel,2105,Banana flavored craft beers,January-December
Anamalu,4035,Export to USA as fresh banana,November-January
Rath Kesel,4624,Food industry-desserts varieties,November-January
Green Banana,1016,Make natural remedies,November-January
Seeni Parakum,1616,Banana chips ( both sweetened and unsweetened),January-December
Rath Kesel,4149,Make bioplastics,November-January
Ambul Kesel,94,Textile industry- make banana fibers,January-December
Anamalu,4683,Bakery industry- Banana breads and banana cakes,November-January
Sini Kesel,2756,Make high quality acid free paper from banana stems and leaves,November-January
Nethra Palam,1055,Make jam and sugary products to the local market,January-December
Nethra Palam,4183,Textile industry- make banana fibers,November-January
Nethra Palam,692,Make natural remedies,November-January
Nethra Palam,397,Bakery industry- Banana breads and banana cakes,November-January
Kandula,2378,"Pharmaceutical industry- Make antioxidants,vitamins by exploring bioactive compound ",January-December
Sini Kesel,300,Make flavors- Banana flavorings and extracts to make flavored syrups and drinks,November-January
Kolikuttu,2712,Make breakfast cereals,November-January
Seeni Parakum,2140,make dried and powdered banana peels to use as a supplement in animal feed.,November-January
Kandula,786,Export to USA as fresh banana,January-December
Anamalu,3012,Bakery industry- Banana breads and banana cakes,November-January
Kolikuttu,2789,"Skincare industry- Make skincare products ( Lotions, creams and face masks",January-December
Kolikuttu,2381,Make tea bags and filters,January-December
Kandula,1626,"Pharmaceutical industry- Make antioxidants,vitamins by exploring bioactive compound ",November-January
Sini Kesel,2390,Make single use plastic alternatives,January-December
Ambul Kesel,4187,Bakery industry- Banana breads and banana cakes,November-January
Seeni Parakum,2836,Make banana oils are used in cosmatic industry,January-December
Suwandal,4551,Make high quality acid free paper from banana stems and leaves,January-December
Green Banana,3093,"Pharmaceutical industry- Make antioxidants,vitamins by exploring bioactive compound ",November-January
Kolikuttu,820,Make jam and sugary products to the local market,November-January
Green Banana,4027,"Beverage industry - To make milkshakes,smoothies, fruit juices",November-January
Kandula,923,"Traditional alcoholic beverages- Banana liqueurs, wine",January-December
Nethra Palam,4519,Make jam and sugary products to the local market,January-December
Kolikuttu,3630,"Pharmaceutical industry- Make antioxidants,vitamins by exploring bioactive compound ",January-December
Sini Kesel,2013,Textile industry- make banana fibers,November-January
Ambul Nadee,3025,Make breakfast cereals,January-December
Kolikuttu,3471,Make bioplastics,November-January
Green Banana,2975,"Pharmaceutical industry- Make antioxidants,vitamins by exploring bioactive compound ",November-January
Puwalu,4303,Banana chips ( both sweetened and unsweetened),January-December
Kandula,2636,"Pharmaceutical industry- Make antioxidants,vitamins by exploring bioactive compound ",November-January
Ambul Kesel,3389,"Beverage industry - To make milkshakes,smoothies, fruit juices",November-January
Ambum,472,Give CBL to make Waffers Biscuits,January-December
Green Banana,2458,"Skincare industry- Make skincare products ( Lotions, creams and face masks",January-December
Anamalu,4135,dehydrated banana chips,November-January
Rath Kesel,3406,cosmetic industry- Make haircare treatments with banana extracts,January-December
Suwandal,2740,Give CBL to make Waffers Biscuits,January-December
Kolikuttu,2460,Brewing and distilling industry- Make banana beer,January-December
Ambul Kesel,227,Make bioplastics,November-January
Suwandal,1065,make dried and powdered banana peels to use as a supplement in animal feed.,January-December
Ambul Kesel,2768,Banana chocolates and sweets,January-December
Kandula,1332,Make innorganic fertilizers,January-December
Suwandal,844,"Pharmaceutical industry- Make antioxidants,vitamins by exploring bioactive compound ",January-December
Anamalu,2951,Make banana oils are used in cosmatic industry,November-January
Suwandal,3998,Make banana oils are used in cosmatic industry,November-January
Green Banana,2385,Make innorganic fertilizers,November-January
Seeni Parakum,2055,Make high quality acid free paper from banana stems and leaves,January-December
Puwalu,2072,make dried and powdered banana peels to use as a supplement in animal feed.,January-December
Kandula,1857,make dried and powdered banana peels to use as a supplement in animal feed.,November-January
Rath Kesel,1150,Make single use plastic alternatives,January-December
Green Banana,2799,Make high quality acid free paper from banana stems and leaves,January-December
Green Banana,395,"Traditional alcoholic beverages- Banana liqueurs, wine",January-December
Suwandal,1727,Make natural remedies,January-December
Suwandal,3797,Banana flavored craft beers,January-December
Kandula,3550,Brewing and distilling industry- Make banana beer,November-January
Ambum,3415,make banana silk which is eco friendly and biodegradable,November-January
Seeni Parakum,1192,Make bioplastics,January-December
Puwalu,1438,Make banana oils are used in cosmatic industry,November-January
Nethra Palam,2916,"Traditional alcoholic beverages- Banana liqueurs, wine",November-January
Ambul Nadee,4138,Make high quality acid free paper from banana stems and leaves,January-December
Anamalu,1536,Bakery industry- Banana breads and banana cakes,January-December
Seeni Parakum,2764,Make bioplastics,January-December
Ambum,2035,Banana chips ( both sweetened and unsweetened),January-December
Sini Kesel,1301,Brewing and distilling industry- Make banana beer,November-January
Kolikuttu,4997,"Skincare industry- Make skincare products ( Lotions, creams and face masks",January-December
Nethra Palam,1472,Make bioplastics,November-January
Nethra Palam,391,Make bioplastics,November-January
Anamalu,3367,make banana silk which is eco friendly and biodegradable,November-January
Ambum,1548,Make flavors- Banana flavorings and extracts to make flavored syrups and drinks,November-January
Ambul Kesel,452,Banana flavored craft beers,November-January
Kolikuttu,4982,Textile industry- make banana fibers,January-December
Ambul Kesel,116,Give CBL to make Waffers Biscuits,November-January
Ambul Nadee,1393,"Beverage industry - To make milkshakes,smoothies, fruit juices",November-January
Puwalu,2378,Make single use plastic alternatives,January-December
Suwandal,3815,Brewing and distilling industry- Make banana beer,November-January
Green Banana,4049,Make organic fertilizers,November-January
Green Banana,1566,Food industry-desserts varieties,November-January
Seeni Parakum,1760,Make banana oils are used in cosmatic industry,January-December
Sini Kesel,3199,make dried and powdered banana peels to use as a supplement in animal feed.,January-December
Ambul Nadee,118,"Pharmaceutical industry- Make antioxidants,vitamins by exploring bioactive compound ",January-December
Sini Kesel,4087,Banana chocolates and sweets,January-December
Seeni Parakum,4166,Make organic fertilizers,November-January
Nethra Palam,4049,"Skincare industry- Make skincare products ( Lotions, creams and face masks",November-January
Ambul Nadee,66,"Skincare industry- Make skincare products ( Lotions, creams and face masks",January-December
Ambul Kesel,2001,Make single use plastic alternatives,January-December
Sini Kesel,2420,"Beverage industry - To make milkshakes,smoothies, fruit juices",November-January
Nethra Palam,2681,Make innorganic fertilizers,November-January
Green Banana,1168,Make high quality acid free paper from banana stems and leaves,January-December
Ambum,1012,Make high quality acid free paper from banana stems and leaves,November-January
Kandula,3964,"Beverage industry - To make milkshakes,smoothies, fruit juices",January-December
Nethra Palam,3428,Make single use plastic alternatives,January-December
Sini Kesel,4746,make dried and powdered banana peels to use as a supplement in animal feed.,November-January
Ambul Nadee,758,Make organic fertilizers,January-December
Ambum,609,Make single use plastic alternatives,November-January
Green Banana,1115,Make flavors- Banana flavorings and extracts to make flavored syrups and drinks,November-January
Nethra Palam,3429,Make jam and sugary products to the local market,January-December
Anamalu,4512,Make bioplastics,November-January
Kolikuttu,1263,Make flavors- Banana flavorings and extracts to make flavored syrups and drinks,November-January
Kolikuttu,980,dehydrated banana chips,January-December
Ambul Nadee,382,"Skincare industry- Make skincare products ( Lotions, creams and face masks",January-December
Seeni Parakum,542,Make tea bags and filters,January-December
Rath Kesel,250,Make banana oils are used in cosmatic industry,January-December
Puwalu,2759,cosmetic industry- Make haircare treatments with banana extracts,November-January
Puwalu,4759,Make flavors- Banana flavorings and extracts to make flavored syrups and drinks,January-December
Anamalu,3262,Make jam and sugary products to the local market,January-December
Ambum,2598,Brewing and distilling industry- Make banana beer,January-December
Puwalu,592,Food industry-desserts varieties,January-December
Sini Kesel,1759,Banana flavored craft beers,November-January
Rath Kesel,1483,Banana flavored craft beers,November-January
Sini Kesel,3399,"Beverage industry - To make milkshakes,smoothies, fruit juices",January-December
Ambum,3251,Make jam and sugary products to the local market,January-December
Rath Kesel,4227,Make banana oils are used in cosmatic industry,November-January
Nethra Palam,1342,Banana chocolates and sweets,November-January
Seeni Parakum,1077,"Skincare industry- Make skincare products ( Lotions, creams and face masks",January-December
Ambul Kesel,4528,make banana silk which is eco friendly and biodegradable,January-December
Kandula,592,Banana chocolates and sweets,January-December
Ambul Kesel,4548,Banana candies,January-December
Nethra Palam,3184,Make breakfast cereals,November-January
Nethra Palam,53,Banana chocolates and sweets,January-December
Nethra Palam,708,"Pharmaceutical industry- Make antioxidants,vitamins by exploring bioactive compound ",January-December
Sini Kesel,3273,Textile industry- make banana fibers,January-December
Anamalu,4196,"Beverage industry - To make milkshakes,smoothies, fruit juices",January-December
Puwalu,2455,Banana chocolates and sweets,November-January
Kolikuttu,4866,Make banana oils are used in cosmatic industry,January-December
Kolikuttu,1417,Make bioplastics,November-January
Rath Kesel,511,make dried and powdered banana peels to use as a supplement in animal feed.,November-January
Seeni Parakum,1876,Banana chocolates and sweets,January-December
Kandula,3231,make banana silk which is eco friendly and biodegradable,January-December
Kolikuttu,4378,Bakery industry- Banana breads and banana cakes,January-December
Green Banana,1056,"Pharmaceutical industry- Make antioxidants,vitamins by exploring bioactive compound ",November-January
Ambul Kesel,3815,Make bioplastics,January-December
Puwalu,1194,Give CBL to make Waffers Biscuits,November-January
Kandula,2410,Make jam and sugary products to the local market,November-January
Seeni Parakum,268,Make single use plastic alternatives,January-December
Kolikuttu,3579,dehydrated banana chips,November-January
Anamalu,1879,"Skincare industry- Make skincare products ( Lotions, creams and face masks",January-December
Seeni Parakum,2936,Banana chocolates and sweets,January-December
Kolikuttu,540,Make natural remedies,January-December
Seeni Parakum,2854,Bakery industry- Banana breads and banana cakes,November-January
Ambum,940,"Skincare industry- Make skincare products ( Lotions, creams and face masks",January-December
Puwalu,270,Make jam and sugary products to the local market,January-December
Rath Kesel,3893,Banana chocolates and sweets,November-January
Rath Kesel,1126,Make breakfast cereals,November-January
Ambul Kesel,4417,Make innorganic fertilizers,January-December
Ambum,4417,Make bioplastics,January-December
Kolikuttu,857,Banana chocolates and sweets,November-January
Anamalu,1763,"Pharmaceutical industry- Make antioxidants,vitamins by exploring bioactive compound ",January-December
Puwalu,926,Make banana oils are used in cosmatic industry,November-January
Nethra Palam,3182,make dried and powdered banana peels to use as a supplement in animal feed.,November-January
Green Banana,1865,"Beverage industry - To make milkshakes,smoothies, fruit juices",January-December
Anamalu,3000,Export to USA as fresh banana,January-December
Sini Kesel,2193,Make high quality acid free paper from banana stems and leaves,January-December
Kandula,282,"Beverage industry - To make milkshakes,smoothies, fruit juices",January-December
Sini Kesel,3077,Give CBL to make Waffers Biscuits,November-January
Ambul Kesel,735,Food industry-desserts varieties,November-January
Sini Kesel,2293,Make high quality acid free paper from banana stems and leaves,November-January
Seeni Parakum,2950,Make banana oils are used in cosmatic industry,November-January
Suwandal,3716,"Pharmaceutical industry- Make antioxidants,vitamins by exploring bioactive compound ",January-December
Nethra Palam,3191,Make bioplastics,January-December
Green Banana,3636,Give CBL to make Waffers Biscuits,November-January
Sini Kesel,2998,Make single use plastic alternatives,January-December
Green Banana,4770,Make jam and sugary products to the local market,January-December
Seeni Parakum,2924,Banana flavored craft beers,January-December
Ambul Nadee,1999,Make innorganic fertilizers,November-January
Ambul Nadee,2283,Food industry-desserts varieties,November-January
Kolikuttu,3458,Banana flavored craft beers,January-December
Ambul Nadee,3718,Make jam and sugary products to the local market,January-December
Kolikuttu,2136,Banana chocolates and sweets,January-December
Ambul Kesel,2818,Textile industry- make banana fibers,November-January
Ambum,171,Make tea bags and filters,January-December
Green Banana,1606,Make flavors- Banana flavorings and extracts to make flavored syrups and drinks,November-January
Kolikuttu,3354,Make tea bags and filters,November-January
Puwalu,3024,Food industry-desserts varieties,November-January
Green Banana,3590,Bakery industry- Banana breads and banana cakes,January-December
Puwalu,1691,cosmetic industry- Make haircare treatments with banana extracts,January-December
Kolikuttu,3552,Make banana oils are used in cosmatic industry,November-January
Ambul Kesel,4980,dehydrated banana chips,January-December
Kolikuttu,2551,Banana flavored craft beers,November-January
Green Banana,3117,"Pharmaceutical industry- Make antioxidants,vitamins by exploring bioactive compound ",January-December
Ambum,3089,dehydrated banana chips,January-December
Puwalu,3246,dehydrated banana chips,November-January
Suwandal,589,"Skincare industry- Make skincare products ( Lotions, creams and face masks",November-January
Ambum,1050,Make tea bags and filters,November-January
Rath Kesel,1440,make dried and powdered banana peels to use as a supplement in animal feed.,November-January
Ambul Nadee,1600,Banana chocolates and sweets,January-December
Seeni Parakum,4440,Make banana oils are used in cosmatic industry,January-December
Nethra Palam,856,Export to USA as fresh banana,November-January
Kolikuttu,1392,make banana silk which is eco friendly and biodegradable,November-January
Seeni Parakum,3608,make dried and powdered banana peels to use as a supplement in animal feed.,January-December
Sini Kesel,695,"Pharmaceutical industry- Make antioxidants,vitamins by exploring bioactive compound ",November-January
Anamalu,2245,Give CBL to make Waffers Biscuits,January-December
Seeni Parakum,4697,make banana silk which is eco friendly and biodegradable,November-January
Ambul Kesel,2528,"Skincare industry- Make skincare products ( Lotions, creams and face masks",November-January
Ambum,4487,make banana silk which is eco friendly and biodegradable,January-December
Nethra Palam,539,make dried and powdered banana peels to use as a supplement in animal feed.,January-December
Rath Kesel,1411,Make tea bags and filters,January-December
Ambum,2624,dehydrated banana chips,January-December
Puwalu,4061,Make single use plastic alternatives,November-January
Kolikuttu,4670,dehydrated banana chips,November-January
Green Banana,2886,Banana flavored craft beers,January-December
Suwandal,3407,Banana flavored craft beers,November-January
Kandula,3151,Make breakfast cereals,January-December
Ambul Kesel,421,Export to USA as fresh banana,January-December
Nethra Palam,4291,Food industry-desserts varieties,November-January
Rath Kesel,2304,Banana candies,January-December
Kolikuttu,366,Make natural remedies,November-January
Nethra Palam,3931,make dried and powdered banana peels to use as a supplement in animal feed.,November-January
Puwalu,2530,make banana silk which is eco friendly and biodegradable,January-December
Ambum,1187,"Skincare industry- Make skincare products ( Lotions, creams and face masks",January-December
Kandula,3845,dehydrated banana chips,November-January
Kolikuttu,3794,make dried and powdered banana peels to use as a supplement in animal feed.,November-January
Puwalu,4135,Make jam and sugary products to the local market,November-January
Nethra Palam,3304,Banana chocolates and sweets,January-December
Suwandal,1974,Make breakfast cereals,January-December
Ambum,4255,Make breakfast cereals,January-December
Rath Kesel,2933,Make bioplastics,November-January
Sini Kesel,3611,Make breakfast cereals,November-January
Ambum,3454,"Beverage industry - To make milkshakes,smoothies, fruit juices",January-December
Sini Kesel,4692,Make single use plastic alternatives,November-January
Ambum,1169,Make breakfast cereals,November-January
Green Banana,4086,Banana chips ( both sweetened and unsweetened),November-January
Rath Kesel,270,Banana chocolates and sweets,November-January
Kandula,763,Make tea bags and filters,November-January
Rath Kesel,3585,cosmetic industry- Make haircare treatments with banana extracts,January-December
Nethra Palam,1386,Give CBL to make Waffers Biscuits,January-December
Ambul Nadee,2357,make dried and powdered banana peels to use as a supplement in animal feed.,January-December
Kandula,1575,Export to USA as fresh banana,November-January
Anamalu,4171,Banana flavored craft beers,January-December
Ambul Nadee,2999,Brewing and distilling industry- Make banana beer,November-January
Ambum,4247,Make flavors- Banana flavorings and extracts to make flavored syrups and drinks,November-January
Ambum,2591,Make organic fertilizers,January-December
Kolikuttu,1758,make dried and powdered banana peels to use as a supplement in animal feed.,January-December
Sini Kesel,1453,dehydrated banana chips,January-December
Seeni Parakum,3533,Make flavors- Banana flavorings and extracts to make flavored syrups and drinks,November-January
Ambum,2563,Banana chocolates and sweets,January-December
Nethra Palam,4754,"Pharmaceutical industry- Make antioxidants,vitamins by exploring bioactive compound ",January-December
Puwalu,4498,Make organic fertilizers,November-January
Ambul Kesel,3865,Make tea bags and filters,January-December
Rath Kesel,3642,Make jam and sugary products to the local market,November-January
Green Banana,52,Make single use plastic alternatives,January-December
Kandula,2975,Textile industry- make banana fibers,January-December
Ambul Kesel,4767,Bakery industry- Banana breads and banana cakes,January-December
Seeni Parakum,1658,"Beverage industry - To make milkshakes,smoothies, fruit juices",January-December
Anamalu,2031,Make single use plastic alternatives,November-January
Seeni Parakum,2918,Make bioplastics,January-December
Kolikuttu,2929,"Pharmaceutical industry- Make antioxidants,vitamins by exploring bioactive compound ",January-December
Suwandal,4907,Make tea bags and filters,January-December
Rath Kesel,371,Make natural remedies,November-January
Nethra Palam,2112,Make natural remedies,January-December
Seeni Parakum,4009,Make innorganic fertilizers,November-January
Nethra Palam,1132,"Beverage industry - To make milkshakes,smoothies, fruit juices",November-January
Sini Kesel,4508,"Beverage industry - To make milkshakes,smoothies, fruit juices",November-January
Suwandal,1340,dehydrated banana chips,November-January
Kandula,1440,"Traditional alcoholic beverages- Banana liqueurs, wine",January-December
Sini Kesel,888,Export to USA as fresh banana,November-January
Rath Kesel,1894,Make high quality acid free paper from banana stems and leaves,January-December
Ambul Nadee,3229,Make innorganic fertilizers,November-January
Sini Kesel,4749,Textile industry- make banana fibers,January-December
Sini Kesel,198,Brewing and distilling industry- Make banana beer,January-December
Ambul Kesel,1324,Make breakfast cereals,January-December
Anamalu,4387,"Traditional alcoholic beverages- Banana liqueurs, wine",November-January
Ambul Kesel,4830,"Pharmaceutical industry- Make antioxidants,vitamins by exploring bioactive compound ",November-January
Puwalu,3494,"Skincare industry- Make skincare products ( Lotions, creams and face masks",January-December
Rath Kesel,408,Make tea bags and filters,November-January
Ambul Kesel,4766,"Traditional alcoholic beverages- Banana liqueurs, wine",January-December
Nethra Palam,2938,Banana chocolates and sweets,January-December
Ambul Kesel,2442,Make flavors- Banana flavorings and extracts to make flavored syrups and drinks,November-January
Sini Kesel,3564,Make banana oils are used in cosmatic industry,January-December
Suwandal,2663,Make tea bags and filters,January-December
Rath Kesel,4129,make dried and powdered banana peels to use as a supplement in animal feed.,November-January
Rath Kesel,3096,Make bioplastics,January-December
Green Banana,1284,Export to USA as fresh banana,January-December
Sini Kesel,4730,Textile industry- make banana fibers,November-January
Kolikuttu,3875,Make jam and sugary products to the local market,January-December
Seeni Parakum,3589,make banana silk which is eco friendly and biodegradable,January-December
Puwalu,4325,Make single use plastic alternatives,November-January
Suwandal,2181,make dried and powdered banana peels to use as a supplement in animal feed.,November-January
Kandula,4153,Make single use plastic alternatives,November-January
Suwandal,1056,Banana flavored craft beers,November-January
Seeni Parakum,916,Make bioplastics,November-January
Kandula,453,Banana chocolates and sweets,January-December
Rath Kesel,1626,Make jam and sugary products to the local market,November-January
Rath Kesel,2004,Make flavors- Banana flavorings and extracts to make flavored syrups and drinks,January-December
Ambul Nadee,1385,Banana chips ( both sweetened and unsweetened),November-January
Kandula,2318,Make breakfast cereals,January-December
Kolikuttu,4900,"Traditional alcoholic beverages- Banana liqueurs, wine",January-December
Puwalu,519,Make innorganic fertilizers,January-December
Seeni Parakum,1943,Make natural remedies,November-January
Kandula,4122,Make tea bags and filters,January-December
Kolikuttu,1265,Make high quality acid free paper from banana stems and leaves,November-January
Nethra Palam,2776,cosmetic industry- Make haircare treatments with banana extracts,January-December
Anamalu,4488,dehydrated banana chips,January-December
Seeni Parakum,3877,Brewing and distilling industry- Make banana beer,November-January
Suwandal,4526,Give CBL to make Waffers Biscuits,November-January
Rath Kesel,4050,dehydrated banana chips,November-January
Ambum,768,Make tea bags and filters,November-January
Sini Kesel,2419,Make single use plastic alternatives,January-December
Puwalu,3281,Give CBL to make Waffers Biscuits,January-December
Suwandal,3752,"Skincare industry- Make skincare products ( Lotions, creams and face masks",November-January
Green Banana,1632,Bakery industry- Banana breads and banana cakes,November-January
Rath Kesel,1775,"Beverage industry - To make milkshakes,smoothies, fruit juices",January-December
Nethra Palam,2994,Food industry-desserts varieties,January-December
Suwandal,4531,make banana silk which is eco friendly and biodegradable,November-January
Kolikuttu,1547,Brewing and distilling industry- Make banana beer,November-January
Seeni Parakum,1285,Make flavors- Banana flavorings and extracts to make flavored syrups and drinks,November-January
Ambul Nadee,1450,make dried and powdered banana peels to use as a supplement in animal feed.,January-December
Rath Kesel,3257,"Pharmaceutical industry- Make antioxidants,vitamins by exploring bioactive compound ",January-December
Kolikuttu,4713,Textile industry- make banana fibers,January-December
Green Banana,1998,Banana candies,January-December
Kolikuttu,268,Make organic fertilizers,January-December
Puwalu,1219,Bakery industry- Banana breads and banana cakes,November-January
Rath Kesel,936,Make organic fertilizers,November-January
Ambul Kesel,475,Make banana oils are used in cosmatic industry,January-December
Ambul Nadee,1085,Make flavors- Banana flavorings and extracts to make flavored syrups and drinks,January-December
Nethra Palam,1885,Make innorganic fertilizers,January-December
Green Banana,4601,Banana candies,January-December
Suwandal,4762,make dried and powdered banana peels to use as a supplement in animal feed.,November-January
Kandula,2276,Make high quality acid free paper from banana stems and leaves,November-January
Ambul Kesel,4217,Make jam and sugary products to the local market,November-January
Rath Kesel,1937,cosmetic industry- Make haircare treatments with banana extracts,January-December
Rath Kesel,3509,"Skincare industry- Make skincare products ( Lotions, creams and face masks",November-January
Ambul Nadee,944,Make breakfast cereals,January-December
Seeni Parakum,4058,"Traditional alcoholic beverages- Banana liqueurs, wine",January-December
Kandula,2970,Banana flavored craft beers,November-January
Rath Kesel,1026,Brewing and distilling industry- Make banana beer,January-December
Ambul Kesel,2012,Banana chips ( both sweetened and unsweetened),November-January
Rath Kesel,3092,cosmetic industry- Make haircare treatments with banana extracts,November-January
Kolikuttu,4289,Make organic fertilizers,January-December
Rath Kesel,720,"Traditional alcoholic beverages- Banana liqueurs, wine",November-January
Sini Kesel,2029,Make banana oils are used in cosmatic industry,November-January
Ambul Kesel,1464,make dried and powdered banana peels to use as a supplement in animal feed.,November-January
Kandula,1111,Make organic fertilizers,January-December
Seeni Parakum,3554,Make breakfast cereals,January-December
Sini Kesel,4045,Export to USA as fresh banana,January-December
Puwalu,1158,Make tea bags and filters,January-December
Green Banana,4680,Make organic fertilizers,January-December
Anamalu,1078,Food industry-desserts varieties,November-January
Green Banana,3331,cosmetic industry- Make haircare treatments with banana extracts,November-January
Nethra Palam,3504,Food industry-desserts varieties,November-January
Kandula,309,"Traditional alcoholic beverages- Banana liqueurs, wine",January-December
Kandula,168,make banana silk which is eco friendly and biodegradable,January-December
Rath Kesel,4613,Banana chocolates and sweets,January-December
Sini Kesel,4802,"Traditional alcoholic beverages- Banana liqueurs, wine",November-January
Ambul Nadee,3098,"Pharmaceutical industry- Make antioxidants,vitamins by exploring bioactive compound ",January-December
Puwalu,953,Bakery industry- Banana breads and banana cakes,January-December
Kandula,4045,Banana chocolates and sweets,January-December
Sini Kesel,2957,Make tea bags and filters,November-January
Ambum,281,make banana silk which is eco friendly and biodegradable,January-December
Sini Kesel,474,"Beverage industry - To make milkshakes,smoothies, fruit juices",January-December
Seeni Parakum,87,Textile industry- make banana fibers,January-December
Kolikuttu,3295,Banana flavored craft beers,November-January
Kolikuttu,519,Export to USA as fresh banana,November-January
Ambul Kesel,3870,"Skincare industry- Make skincare products ( Lotions, creams and face masks",January-December
Ambum,3610,cosmetic industry- Make haircare treatments with banana extracts,November-January
Green Banana,2190,Banana chips ( both sweetened and unsweetened),November-January
Kolikuttu,1870,Banana flavored craft beers,November-January
Kandula,2202,"Pharmaceutical industry- Make antioxidants,vitamins by exploring bioactive compound ",November-January
Kandula,1542,Make bioplastics,November-January
Sini Kesel,3866,Make banana oils are used in cosmatic industry,January-December
Ambul Nadee,2875,cosmetic industry- Make haircare treatments with banana extracts,November-January
Suwandal,767,Make tea bags and filters,November-January
Puwalu,444,Banana flavored craft beers,January-December
Sini Kesel,4721,Food industry-desserts varieties,January-December
Ambum,4289,"Skincare industry- Make skincare products ( Lotions, creams and face masks",January-December
Kolikuttu,878,Make breakfast cereals,November-January
Green Banana,720,Make flavors- Banana flavorings and extracts to make flavored syrups and drinks,November-January
Ambul Kesel,3454,Textile industry- make banana fibers,January-December
Suwandal,2582,Brewing and distilling industry- Make banana beer,November-January
Rath Kesel,1392,"Pharmaceutical industry- Make antioxidants,vitamins by exploring bioactive compound ",January-December
Rath Kesel,4183,Make single use plastic alternatives,November-January
Ambul Kesel,3993,Make breakfast cereals,November-January
Ambum,764,Food industry-desserts varieties,November-January
Suwandal,1816,Export to USA as fresh banana,January-December
Ambum,4188,Give CBL to make Waffers Biscuits,November-January
Ambum,2983,"Skincare industry- Make skincare products ( Lotions, creams and face masks",November-January
Kolikuttu,936,Make flavors- Banana flavorings and extracts to make flavored syrups and drinks,January-December
Sini Kesel,464,Make jam and sugary products to the local market,January-December
Puwalu,2910,Banana chips ( both sweetened and unsweetened),November-January
Ambum,1415,Make bioplastics,January-December
Ambul Kesel,2349,Food industry-desserts varieties,January-December
Kolikuttu,3108,Make tea bags and filters,November-January
Suwandal,176,Make organic fertilizers,November-January
Kolikuttu,2427,Make banana oils are used in cosmatic industry,January-December
Ambum,275,cosmetic industry- Make haircare treatments with banana extracts,January-December
Kolikuttu,4539,make banana silk which is eco friendly and biodegradable,January-December
Ambum,4656,Make bioplastics,January-December
Kolikuttu,1848,"Pharmaceutical industry- Make antioxidants,vitamins by exploring bioactive compound ",January-December
Puwalu,1340,Banana flavored craft beers,January-December
Puwalu,465,Export to USA as fresh banana,November-January
Seeni Parakum,2978,Bakery industry- Banana breads and banana cakes,January-December
Anamalu,1845,Bakery industry- Banana breads and banana cakes,November-January
Ambum,521,Make breakfast cereals,November-January
Ambul Nadee,2096,Banana chips ( both sweetened and unsweetened),January-December
Suwandal,4931,Make jam and sugary products to the local market,November-January
Puwalu,2429,"Skincare industry- Make skincare products ( Lotions, creams and face masks",November-January
Puwalu,2314,Banana flavored craft beers,November-January
Ambum,994,Make jam and sugary products to the local market,November-January
Rath Kesel,3905,Make natural remedies,November-January
Ambul Kesel,928,Make tea bags and filters,November-January
Anamalu,2512,Make breakfast cereals,November-January
Nethra Palam,2905,"Beverage industry - To make milkshakes,smoothies, fruit juices",November-January
Ambul Kesel,4709,Banana chocolates and sweets,January-December
Sini Kesel,1168,Banana candies,January-December
Puwalu,876,"Pharmaceutical industry- Make antioxidants,vitamins by exploring bioactive compound ",November-January
Suwandal,1869,Food industry-desserts varieties,January-December
Ambul Kesel,4315,Brewing and distilling industry- Make banana beer,November-January
Puwalu,576,"Traditional alcoholic beverages- Banana liqueurs, wine",November-January
Ambul Nadee,2824,Banana flavored craft beers,January-December
Suwandal,1806,Banana flavored craft beers,January-December
Seeni Parakum,3275,make banana silk which is eco friendly and biodegradable,November-January
Green Banana,4819,Make organic fertilizers,November-January
Ambul Kesel,1218,Textile industry- make banana fibers,January-December
Kandula,3519,Make banana oils are used in cosmatic industry,November-January
Seeni Parakum,4482,"Beverage industry - To make milkshakes,smoothies, fruit juices",January-December
Sini Kesel,203,Brewing and distilling industry- Make banana beer,November-January
Rath Kesel,1467,Make tea bags and filters,January-December
Nethra Palam,3667,Give CBL to make Waffers Biscuits,November-January
Sini Kesel,4627,Banana chocolates and sweets,November-January
Puwalu,2457,Food industry-desserts varieties,January-December
Sini Kesel,4029,Make bioplastics,November-January
Kandula,2514,dehydrated banana chips,November-January
Nethra Palam,2777,"Pharmaceutical industry- Make antioxidants,vitamins by exploring bioactive compound ",November-January
Green Banana,3327,Make high quality acid free paper from banana stems and leaves,November-January
Suwandal,3960,Make jam and sugary products to the local market,January-December
Sini Kesel,874,Bakery industry- Banana breads and banana cakes,January-December
Kolikuttu,1555,make banana silk which is eco friendly and biodegradable,January-December
Suwandal,718,Make natural remedies,January-December
Puwalu,798,make banana silk which is eco friendly and biodegradable,November-January
Seeni Parakum,4158,Food industry-desserts varieties,November-January
Green Banana,1496,cosmetic industry- Make haircare treatments with banana extracts,January-December
Anamalu,4245,Banana flavored craft beers,January-December
Anamalu,3254,Make natural remedies,November-January
Rath Kesel,3057,dehydrated banana chips,November-January
Kolikuttu,2300,Export to USA as fresh banana,November-January
Ambum,3874,Banana flavored craft beers,November-January
Anamalu,3030,Banana chips ( both sweetened and unsweetened),November-January
Green Banana,71,"Traditional alcoholic beverages- Banana liqueurs, wine",November-January
Sini Kesel,2391,Make flavors- Banana flavorings and extracts to make flavored syrups and drinks,November-January
Rath Kesel,2284,make banana silk which is eco friendly and biodegradable,January-December
Ambul Kesel,2025,Brewing and distilling industry- Make banana beer,January-December
Rath Kesel,409,Make single use plastic alternatives,January-December
Green Banana,818,make dried and powdered banana peels to use as a supplement in animal feed.,January-December
Green Banana,1606,Make breakfast cereals,November-January
Suwandal,1605,make banana silk which is eco friendly and biodegradable,November-January
Kolikuttu,2877,Give CBL to make Waffers Biscuits,January-December
Green Banana,4428,Give CBL to make Waffers Biscuits,November-January
Green Banana,489,Banana candies,November-January
Ambum,140,Make tea bags and filters,January-December
Ambul Kesel,2218,make dried and powdered banana peels to use as a supplement in animal feed.,January-December
Ambul Nadee,4904,make dried and powdered banana peels to use as a supplement in animal feed.,November-January
Seeni Parakum,194,Make flavors- Banana flavorings and extracts to make flavored syrups and drinks,November-January
Kandula,2622,Give CBL to make Waffers Biscuits,January-December
Seeni Parakum,1735,Export to USA as fresh banana,November-January
Ambum,3453,"Traditional alcoholic beverages- Banana liqueurs, wine",January-December
Green Banana,2020,Give CBL to make Waffers Biscuits,November-January
Nethra Palam,2635,Make jam and sugary products to the local market,January-December
Anamalu,3621,Brewing and distilling industry- Make banana beer,November-January
Suwandal,2774,Banana flavored craft beers,November-January
Ambul Nadee,1890,"Beverage industry - To make milkshakes,smoothies, fruit juices",January-December
Ambul Kesel,2150,Make organic fertilizers,November-January
Seeni Parakum,4351,make dried and powdered banana peels to use as a supplement in animal feed.,January-December
Seeni Parakum,4570,"Skincare industry- Make skincare products ( Lotions, creams and face masks",January-December
Sini Kesel,2411,make banana silk which is eco friendly and biodegradable,November-January
Kandula,1938,"Skincare industry- Make skincare products ( Lotions, creams and face masks",January-December
Rath Kesel,1723,dehydrated banana chips,January-December
Kandula,3478,dehydrated banana chips,January-December
Nethra Palam,1495,"Beverage industry - To make milkshakes,smoothies, fruit juices",November-January
Ambul Kesel,2900,"Pharmaceutical industry- Make antioxidants,vitamins by exploring bioactive compound ",January-December
Nethra Palam,4230,Food industry-desserts varieties,January-December
Green Banana,3939,"Pharmaceutical industry- Make antioxidants,vitamins by exploring bioactive compound ",November-January
Nethra Palam,3707,Make breakfast cereals,January-December
Ambum,1018,Make tea bags and filters,November-January
Puwalu,2108,"Skincare industry- Make skincare products ( Lotions, creams and face masks",January-December
Ambum,3948,"Skincare industry- Make skincare products ( Lotions, creams and face masks",January-December
Sini Kesel,739,Make jam and sugary products to the local market,November-January
Seeni Parakum,4341,Banana candies,January-December
Suwandal,199,Bakery industry- Banana breads and banana cakes,November-January
Green Banana,4536,dehydrated banana chips,November-January
Seeni Parakum,1060,Banana candies,November-January
Seeni Parakum,2885,"Traditional alcoholic beverages- Banana liqueurs, wine",November-January
Kandula,796,Make high quality acid free paper from banana stems and leaves,January-December
Rath Kesel,196,"Skincare industry- Make skincare products ( Lotions, creams and face masks",January-December
Ambul Kesel,4663,Make innorganic fertilizers,November-January
Kandula,2447,Make jam and sugary products to the local market,January-December
Sini Kesel,2397,Export to USA as fresh banana,November-January
Kolikuttu,1336,Bakery industry- Banana breads and banana cakes,November-January
Nethra Palam,3492,Make flavors- Banana flavorings and extracts to make flavored syrups and drinks,November-January
Sini Kesel,1016,cosmetic industry- Make haircare treatments with banana extracts,January-December
Kolikuttu,3284,Brewing and distilling industry- Make banana beer,January-December
Rath Kesel,4670,Make innorganic fertilizers,November-January
Ambum,2884,Make single use plastic alternatives,November-January
Sini Kesel,1023,Make bioplastics,January-December
Seeni Parakum,4302,Make innorganic fertilizers,November-January
Ambum,3424,Give CBL to make Waffers Biscuits,November-January
Ambul Kesel,3349,make banana silk which is eco friendly and biodegradable,January-December
Kolikuttu,1685,Bakery industry- Banana breads and banana cakes,January-December
Sini Kesel,616,Banana chocolates and sweets,January-December
Ambul Nadee,3526,Food industry-desserts varieties,January-December
Puwalu,2652,Make breakfast cereals,November-January
Suwandal,2899,Give CBL to make Waffers Biscuits,January-December
Nethra Palam,4493,dehydrated banana chips,November-January
Rath Kesel,2463,Banana flavored craft beers,January-December
Ambum,2427,Make flavors- Banana flavorings and extracts to make flavored syrups and drinks,January-December
Nethra Palam,1605,make banana silk which is eco friendly and biodegradable,January-December
Seeni Parakum,1433,Make single use plastic alternatives,November-January
Anamalu,2342,Textile industry- make banana fibers,November-January
Puwalu,4757,make dried and powdered banana peels to use as a supplement in animal feed.,January-December
Ambum,2830,Make jam and sugary products to the local market,November-January
Seeni Parakum,65,cosmetic industry- Make haircare treatments with banana extracts,January-December
Green Banana,489,cosmetic industry- Make haircare treatments with banana extracts,January-December
Nethra Palam,1529,"Pharmaceutical industry- Make antioxidants,vitamins by exploring bioactive compound ",January-December
Rath Kesel,3013,Banana flavored craft beers,November-January
Seeni Parakum,2206,Make organic fertilizers,November-January
Sini Kesel,3125,Banana chips ( both sweetened and unsweetened),January-December
Ambul Nadee,2007,Make high quality acid free paper from banana stems and leaves,November-January
Sini Kesel,1013,Make high quality acid free paper from banana stems and leaves,November-January
Green Banana,127,"Skincare industry- Make skincare products ( Lotions, creams and face masks",January-December
Ambul Kesel,4033,"Pharmaceutical industry- Make antioxidants,vitamins by exploring bioactive compound ",November-January
Ambul Nadee,3327,Make bioplastics,January-December
Nethra Palam,85,Make banana oils are used in cosmatic industry,November-January
Anamalu,176,Give CBL to make Waffers Biscuits,January-December
Ambul Nadee,1357,make dried and powdered banana peels to use as a supplement in animal feed.,November-January
Sini Kesel,3257,"Beverage industry - To make milkshakes,smoothies, fruit juices",January-December
Sini Kesel,815,Bakery industry- Banana breads and banana cakes,November-January
Kandula,2372,"Beverage industry - To make milkshakes,smoothies, fruit juices",January-December
Ambul Kesel,3569,Export to USA as fresh banana,November-January
Ambul Kesel,677,Make bioplastics,January-December
Rath Kesel,799,make dried and powdered banana peels to use as a supplement in animal feed.,November-January
Sini Kesel,2903,dehydrated banana chips,January-December
Ambum,4073,Bakery industry- Banana breads and banana cakes,January-December
Suwandal,4904,Banana flavored craft beers,November-January
Rath Kesel,2819,cosmetic industry- Make haircare treatments with banana extracts,January-December
Nethra Palam,3345,Banana chips ( both sweetened and unsweetened),January-December
Green Banana,399,cosmetic industry- Make haircare treatments with banana extracts,November-January
Anamalu,934,make banana silk which is eco friendly and biodegradable,November-January
Rath Kesel,2567,cosmetic industry- Make haircare treatments with banana extracts,November-January
Kandula,2780,Make innorganic fertilizers,January-December
Rath Kesel,824,Make natural remedies,November-January
Kolikuttu,3401,Make breakfast cereals,January-December
Ambul Kesel,1871,Banana chips ( both sweetened and unsweetened),November-January
Puwalu,1855,Make flavors- Banana flavorings and extracts to make flavored syrups and drinks,November-January
Seeni Parakum,4909,Make breakfast cereals,January-December
Ambum,1986,Make natural remedies,November-January
Seeni Parakum,692,Make single use plastic alternatives,November-January
Seeni Parakum,3527,Make high quality acid free paper from banana stems and leaves,November-January
Rath Kesel,3582,Make banana oils are used in cosmatic industry,November-January
Ambul Nadee,1943,Make flavors- Banana flavorings and extracts to make flavored syrups and drinks,November-January
Green Banana,1597,Banana flavored craft beers,January-December
Kolikuttu,1655,Give CBL to make Waffers Biscuits,January-December
Suwandal,1007,Textile industry- make banana fibers,November-January
Ambum,4552,cosmetic industry- Make haircare treatments with banana extracts,November-January
Ambum,1446,make banana silk which is eco friendly and biodegradable,January-December
Ambum,2261,Make high quality acid free paper from banana stems and leaves,January-December
Kandula,1138,Make banana oils are used in cosmatic industry,November-January
Anamalu,1257,Make banana oils are used in cosmatic industry,January-December
Anamalu,248,Make high quality acid free paper from banana stems and leaves,January-December
Kolikuttu,2044,Banana candies,November-January
Suwandal,2402,Banana chocolates and sweets,November-January
Ambul Nadee,2931,"Beverage industry - To make milkshakes,smoothies, fruit juices",January-December
Kandula,4119,Banana chocolates and sweets,November-January
Kolikuttu,3588,cosmetic industry- Make haircare treatments with banana extracts,January-December
Puwalu,2512,Make natural remedies,January-December
Seeni Parakum,1754,Banana flavored craft beers,November-January
Ambum,4924,"Beverage industry - To make milkshakes,smoothies, fruit juices",November-January
Seeni Parakum,850,Make bioplastics,November-January
Rath Kesel,4858,Make organic fertilizers,January-December
Ambul Kesel,3197,Make natural remedies,November-January
Ambul Nadee,2726,"Skincare industry- Make skincare products ( Lotions, creams and face masks",November-January
Anamalu,3565,Make breakfast cereals,January-December
Ambul Nadee,3648,Make innorganic fertilizers,November-January
Puwalu,2838,Make natural remedies,November-January
Ambul Nadee,3033,"Pharmaceutical industry- Make antioxidants,vitamins by exploring bioactive compound ",November-January
Kolikuttu,4300,Make single use plastic alternatives,November-January
Ambum,2241,Make tea bags and filters,November-January
Puwalu,4011,cosmetic industry- Make haircare treatments with banana extracts,November-January
Rath Kesel,3546,Make banana oils are used in cosmatic industry,November-January
Rath Kesel,4843,"Traditional alcoholic beverages- Banana liqueurs, wine",January-December
Nethra Palam,735,make banana silk which is eco friendly and biodegradable,November-January
Sini Kesel,1584,make dried and powdered banana peels to use as a supplement in animal feed.,November-January
Puwalu,4008,make banana silk which is eco friendly and biodegradable,January-December
Puwalu,896,Make single use plastic alternatives,November-January
Kandula,329,Textile industry- make banana fibers,January-December
Anamalu,3811,Make flavors- Banana flavorings and extracts to make flavored syrups and drinks,January-December
Rath Kesel,2738,"Pharmaceutical industry- Make antioxidants,vitamins by exploring bioactive compound ",November-January
Kandula,4924,Make tea bags and filters,November-January
Anamalu,4421,Banana chocolates and sweets,January-December
Kolikuttu,4016,make dried and powdered banana peels to use as a supplement in animal feed.,January-December
Rath Kesel,1623,Banana candies,January-December
Ambum,3035,Make tea bags and filters,November-January
Rath Kesel,1321,Make single use plastic alternatives,January-December
Seeni Parakum,4668,Make tea bags and filters,November-January
Ambul Kesel,4216,Make high quality acid free paper from banana stems and leaves,January-December
Suwandal,2043,Banana candies,January-December
Sini Kesel,4989,Textile industry- make banana fibers,January-December
Suwandal,3624,Make single use plastic alternatives,January-December
Seeni Parakum,1603,Make tea bags and filters,November-January
Ambul Kesel,4218,Make single use plastic alternatives,January-December
Nethra Palam,4874,Give CBL to make Waffers Biscuits,January-December
Green Banana,2550,Banana candies,January-December
Anamalu,115,Food industry-desserts varieties,January-December
Rath Kesel,4962,"Traditional alcoholic beverages- Banana liqueurs, wine",November-January
Ambum,1498,Make organic fertilizers,November-January
Suwandal,3581,Textile industry- make banana fibers,January-December
Puwalu,69,Banana chips ( both sweetened and unsweetened),January-December
Seeni Parakum,675,"Traditional alcoholic beverages- Banana liqueurs, wine",January-December
Puwalu,1567,Textile industry- make banana fibers,November-January
Ambul Kesel,1847,dehydrated banana chips,November-January
Suwandal,4283,"Traditional alcoholic beverages- Banana liqueurs, wine",November-January
Seeni Parakum,413,Make jam and sugary products to the local market,January-December
Seeni Parakum,2504,Make single use plastic alternatives,January-December
Green Banana,498,Bakery industry- Banana breads and banana cakes,November-January
Green Banana,1489,"Traditional alcoholic beverages- Banana liqueurs, wine",January-December
Sini Kesel,3570,Make bioplastics,January-December
Puwalu,3660,"Pharmaceutical industry- Make antioxidants,vitamins by exploring bioactive compound ",January-December
Puwalu,4541,Make tea bags and filters,November-January
Kolikuttu,241,Banana candies,November-January
Nethra Palam,1886,Make breakfast cereals,January-December
Kandula,885,"Skincare industry- Make skincare products ( Lotions, creams and face masks",November-January
Puwalu,447,Banana candies,January-December
Rath Kesel,2727,Food industry-desserts varieties,November-January
Ambum,2489,Banana chocolates and sweets,November-January
Puwalu,1669,"Pharmaceutical industry- Make antioxidants,vitamins by exploring bioactive compound ",January-December
Kandula,176,"Beverage industry - To make milkshakes,smoothies, fruit juices",November-January
Ambum,357,"Traditional alcoholic beverages- Banana liqueurs, wine",November-January
Sini Kesel,245,Give CBL to make Waffers Biscuits,January-December
Ambul Kesel,1394,Make natural remedies,November-January
Anamalu,605,Make tea bags and filters,January-December
Nethra Palam,1446,cosmetic industry- Make haircare treatments with banana extracts,January-December
Sini Kesel,1056,Make organic fertilizers,November-January
Kolikuttu,3641,Make jam and sugary products to the local market,January-December
Nethra Palam,742,Make innorganic fertilizers,January-December
Sini Kesel,2601,Export to USA as fresh banana,January-December
Nethra Palam,4582,Make tea bags and filters,November-January
Suwandal,3876,"Skincare industry- Make skincare products ( Lotions, creams and face masks",November-January
Sini Kesel,4874,Make natural remedies,November-January
Nethra Palam,3405,"Skincare industry- Make skincare products ( Lotions, creams and face masks",January-December
Sini Kesel,2754,Food industry-desserts varieties,November-January
Puwalu,4138,Make organic fertilizers,November-January
Sini Kesel,849,"Traditional alcoholic beverages- Banana liqueurs, wine",November-January
Kandula,3630,Food industry-desserts varieties,January-December
Kolikuttu,250,Make natural remedies,November-January
Nethra Palam,1282,Bakery industry- Banana breads and banana cakes,January-December
Green Banana,2176,"Traditional alcoholic beverages- Banana liqueurs, wine",November-January
Rath Kesel,382,Food industry-desserts varieties,November-January
Kolikuttu,2030,"Traditional alcoholic beverages- Banana liqueurs, wine",January-December
Ambul Kesel,3957,Give CBL to make Waffers Biscuits,January-December
Puwalu,694,Make breakfast cereals,November-January
Rath Kesel,4133,Make flavors- Banana flavorings and extracts to make flavored syrups and drinks,January-December
Ambum,3390,dehydrated banana chips,January-December
Puwalu,4114,Make tea bags and filters,January-December
Ambul Nadee,3641,Banana candies,January-December
Ambul Kesel,1969,cosmetic industry- Make haircare treatments with banana extracts,November-January
Ambul Kesel,4036,Textile industry- make banana fibers,January-December
Nethra Palam,3184,Banana flavored craft beers,January-December
Puwalu,915,"Skincare industry- Make skincare products ( Lotions, creams and face masks",November-January
Seeni Parakum,1575,Make innorganic fertilizers,January-December
Seeni Parakum,4037,"Skincare industry- Make skincare products ( Lotions, creams and face masks",November-January
Ambum,423,"Beverage industry - To make milkshakes,smoothies, fruit juices",January-December
Puwalu,4664,Make jam and sugary products to the local market,November-January
Kolikuttu,2911,make dried and powdered banana peels to use as a supplement in animal feed.,November-January
Ambul Nadee,2792,Banana chocolates and sweets,January-December
Sini Kesel,942,Make jam and sugary products to the local market,January-December
Kolikuttu,3108,Make breakfast cereals,November-January
Sini Kesel,2190,Textile industry- make banana fibers,November-January
Ambul Kesel,4924,Banana chocolates and sweets,November-January
Green Banana,3971,Make breakfast cereals,January-December
Kandula,2107,Make breakfast cereals,January-December
Suwandal,3270,dehydrated banana chips,January-December
Anamalu,3533,Make tea bags and filters,November-January
Kolikuttu,3628,dehydrated banana chips,November-January
Green Banana,4565,make banana silk which is eco friendly and biodegradable,January-December
Sini Kesel,4597,Give CBL to make Waffers Biscuits,November-January
Kolikuttu,851,Bakery industry- Banana breads and banana cakes,November-January
Puwalu,4840,make banana silk which is eco friendly and biodegradable,November-January
Puwalu,2539,Make high quality acid free paper from banana stems and leaves,January-December
Ambul Nadee,220,Export to USA as fresh banana,November-January
Kolikuttu,630,Give CBL to make Waffers Biscuits,November-January
Kandula,608,Make jam and sugary products to the local market,January-December
Anamalu,2894,cosmetic industry- Make haircare treatments with banana extracts,January-December
Ambul Kesel,4497,Export to USA as fresh banana,November-January
Green Banana,1032,"Skincare industry- Make skincare products ( Lotions, creams and face masks",November-January
Nethra Palam,2217,"Beverage industry - To make milkshakes,smoothies, fruit juices",November-January
Puwalu,3322,Banana candies,January-December
Kandula,1236,Make jam and sugary products to the local market,January-December
Ambum,3935,Make single use plastic alternatives,January-December
Ambul Kesel,2927,"Skincare industry- Make skincare products ( Lotions, creams and face masks",November-January
Suwandal,159,"Skincare industry- Make skincare products ( Lotions, creams and face masks",January-December
Puwalu,378,Make breakfast cereals,November-January
Ambul Nadee,2645,Make breakfast cereals,November-January
Nethra Palam,250,Banana chocolates and sweets,November-January
Suwandal,4992,Make banana oils are used in cosmatic industry,November-January
Nethra Palam,661,dehydrated banana chips,November-January
Seeni Parakum,2938,Export to USA as fresh banana,November-January
Sini Kesel,1292,"Pharmaceutical industry- Make antioxidants,vitamins by exploring bioactive compound ",November-January
Ambul Nadee,2249,dehydrated banana chips,January-December
Ambul Kesel,3500,Make innorganic fertilizers,January-December
Ambum,426,Export to USA as fresh banana,November-January
Suwandal,2969,Banana chocolates and sweets,November-January
Nethra Palam,4854,"Beverage industry - To make milkshakes,smoothies, fruit juices",January-December
Nethra Palam,3730,Make innorganic fertilizers,November-January
Seeni Parakum,3803,Make banana oils are used in cosmatic industry,January-December
Suwandal,4612,Make innorganic fertilizers,January-December
Green Banana,299,Brewing and distilling industry- Make banana beer,January-December
Rath Kesel,2780,Give CBL to make Waffers Biscuits,January-December
Rath Kesel,2874,Make bioplastics,November-January
Anamalu,405,Make organic fertilizers,January-December
Kolikuttu,474,Food industry-desserts varieties,January-December
Puwalu,2079,Make organic fertilizers,November-January
Puwalu,3613,Make flavors- Banana flavorings and extracts to make flavored syrups and drinks,January-December
Kandula,294,Export to USA as fresh banana,January-December
Rath Kesel,3788,"Beverage industry - To make milkshakes,smoothies, fruit juices",January-December
Ambul Kesel,1908,make dried and powdered banana peels to use as a supplement in animal feed.,January-December
Ambul Nadee,4574,"Beverage industry - To make milkshakes,smoothies, fruit juices",January-December
Rath Kesel,4910,Textile industry- make banana fibers,November-January
Green Banana,3697,Make bioplastics,November-January
Ambul Kesel,1606,Banana flavored craft beers,November-January
Nethra Palam,1873,make banana silk which is eco friendly and biodegradable,November-January
Ambul Kesel,344,make banana silk which is eco friendly and biodegradable,January-December
Sini Kesel,1252,Make breakfast cereals,November-January
Kandula,2881,Make tea bags and filters,January-December
Seeni Parakum,2429,"Skincare industry- Make skincare products ( Lotions, creams and face masks",January-December
Seeni Parakum,3733,"Pharmaceutical industry- Make antioxidants,vitamins by exploring bioactive compound ",January-December
Ambul Nadee,2174,"Skincare industry- Make skincare products ( Lotions, creams and face masks",January-December
Ambul Kesel,1410,Export to USA as fresh banana,January-December
Nethra Palam,3058,cosmetic industry- Make haircare treatments with banana extracts,November-January
Anamalu,405,"Beverage industry - To make milkshakes,smoothies, fruit juices",January-December
Nethra Palam,1928,make dried and powdered banana peels to use as a supplement in animal feed.,November-January
Seeni Parakum,1900,Brewing and distilling industry- Make banana beer,January-December
Rath Kesel,785,Make high quality acid free paper from banana stems and leaves,November-January
Rath Kesel,572,Make bioplastics,January-December
Rath Kesel,4117,Banana candies,November-January
Ambul Kesel,3911,"Traditional alcoholic beverages- Banana liqueurs, wine",November-January
Ambul Kesel,4224,Make single use plastic alternatives,January-December
Green Banana,3476,Banana chocolates and sweets,January-December
Ambul Nadee,2537,Banana chocolates and sweets,November-January
Sini Kesel,3452,Make banana oils are used in cosmatic industry,January-December
Green Banana,4278,Banana chips ( both sweetened and unsweetened),January-December
Nethra Palam,4396,Give CBL to make Waffers Biscuits,November-January
Anamalu,3553,Make innorganic fertilizers,November-January
Ambul Nadee,2875,"Skincare industry- Make skincare products ( Lotions, creams and face masks",January-December
Kolikuttu,3258,Make single use plastic alternatives,January-December
Seeni Parakum,2001,Make single use plastic alternatives,November-January
Suwandal,1913,Export to USA as fresh banana,November-January
Green Banana,4115,dehydrated banana chips,January-December
Puwalu,1334,"Beverage industry - To make milkshakes,smoothies, fruit juices",November-January
Kolikuttu,2953,cosmetic industry- Make haircare treatments with banana extracts,November-January
Kolikuttu,626,Make breakfast cereals,November-January
Nethra Palam,3137,Banana candies,January-December
Seeni Parakum,314,Make organic fertilizers,January-December
Seeni Parakum,4447,Make banana oils are used in cosmatic industry,January-December
Ambul Nadee,2015,Make tea bags and filters,January-December
Kandula,2046,Banana candies,January-December
Sini Kesel,60,Banana flavored craft beers,November-January
Rath Kesel,1131,"Pharmaceutical industry- Make antioxidants,vitamins by exploring bioactive compound ",January-December
Nethra Palam,3242,Food industry-desserts varieties,January-December
Nethra Palam,2692,Make jam and sugary products to the local market,November-January
Anamalu,4809,Textile industry- make banana fibers,November-January
Ambul Nadee,1974,cosmetic industry- Make haircare treatments with banana extracts,January-December
Green Banana,2584,Make breakfast cereals,January-December
Green Banana,3723,make dried and powdered banana peels to use as a supplement in animal feed.,January-December
Sini Kesel,4386,"Beverage industry - To make milkshakes,smoothies, fruit juices",November-January
Kolikuttu,2712,Make organic fertilizers,January-December
Kandula,4339,"Beverage industry - To make milkshakes,smoothies, fruit juices",November-January
Nethra Palam,4292,"Traditional alcoholic beverages- Banana liqueurs, wine",November-January
Green Banana,4944,Make banana oils are used in cosmatic industry,January-December
Ambum,1344,dehydrated banana chips,November-January
Kandula,2495,"Traditional alcoholic beverages- Banana liqueurs, wine",January-December
Suwandal,4592,Textile industry- make banana fibers,January-December
Seeni Parakum,2004,Banana chips ( both sweetened and unsweetened),November-January
Kandula,1660,Give CBL to make Waffers Biscuits,January-December
Kolikuttu,1431,Give CBL to make Waffers Biscuits,November-January
Anamalu,703,Make natural remedies,November-January
Ambum,278,Make banana oils are used in cosmatic industry,January-December
Ambul Nadee,4719,Make jam and sugary products to the local market,November-January
Kandula,1272,Make banana oils are used in cosmatic industry,January-December
Green Banana,51,Food industry-desserts varieties,January-December
Ambul Kesel,1561,Banana candies,November-January
Anamalu,2672,Banana candies,November-January
Ambul Nadee,4981,"Traditional alcoholic beverages- Banana liqueurs, wine",November-January
Rath Kesel,4348,make dried and powdered banana peels to use as a supplement in animal feed.,January-December
Green Banana,1299,Make innorganic fertilizers,January-December
Anamalu,1799,Banana chips ( both sweetened and unsweetened),November-January
Kolikuttu,2862,"Traditional alcoholic beverages- Banana liqueurs, wine",January-December
Ambul Kesel,3648,Bakery industry- Banana breads and banana cakes,November-January
Seeni Parakum,760,Food industry-desserts varieties,January-December
Anamalu,1864,"Beverage industry - To make milkshakes,smoothies, fruit juices",November-January
Anamalu,2508,Make tea bags and filters,November-January
Sini Kesel,2372,"Pharmaceutical industry- Make antioxidants,vitamins by exploring bioactive compound ",November-January
Ambum,3543,Export to USA as fresh banana,January-December
Anamalu,3219,Make organic fertilizers,January-December
Puwalu,2293,Banana chips ( both sweetened and unsweetened),November-January
Kolikuttu,842,Brewing and distilling industry- Make banana beer,January-December
Sini Kesel,1622,"Traditional alcoholic beverages- Banana liqueurs, wine",November-January
Nethra Palam,1400,Bakery industry- Banana breads and banana cakes,January-December
Seeni Parakum,1107,Banana chocolates and sweets,January-December
Seeni Parakum,3313,Banana chips ( both sweetened and unsweetened),January-December
Ambum,3880,Bakery industry- Banana breads and banana cakes,January-December
Sini Kesel,3378,dehydrated banana chips,January-December
Green Banana,1619,Banana candies,January-December
Nethra Palam,2115,Make breakfast cereals,November-January
Anamalu,2092,"Pharmaceutical industry- Make antioxidants,vitamins by exploring bioactive compound ",January-December
Ambul Kesel,1163,Make high quality acid free paper from banana stems and leaves,January-December
Nethra Palam,2992,make banana silk which is eco friendly and biodegradable,January-December
Kandula,508,"Pharmaceutical industry- Make antioxidants,vitamins by exploring bioactive compound ",January-December
Suwandal,3311,Make flavors- Banana flavorings and extracts to make flavored syrups and drinks,January-December
Ambul Kesel,3914,Banana flavored craft beers,November-January
Suwandal,3560,Make flavors- Banana flavorings and extracts to make flavored syrups and drinks,November-January
Green Banana,639,Make organic fertilizers,November-January
Suwandal,4289,"Beverage industry - To make milkshakes,smoothies, fruit juices",November-January
Rath Kesel,3265,dehydrated banana chips,January-December
Seeni Parakum,4140,make banana silk which is eco friendly and biodegradable,January-December
Seeni Parakum,578,"Skincare industry- Make skincare products ( Lotions, creams and face masks",November-January
Ambul Kesel,3562,"Skincare industry- Make skincare products ( Lotions, creams and face masks",January-December
Anamalu,4530,Make tea bags and filters,November-January
Ambul Kesel,4266,dehydrated banana chips,January-December
Suwandal,3710,"Skincare industry- Make skincare products ( Lotions, creams and face masks",November-January
Green Banana,4175,make banana silk which is eco friendly and biodegradable,November-January
Sini Kesel,2402,Make bioplastics,November-January
Rath Kesel,1522,Make bioplastics,January-December
Ambum,4046,make banana silk which is eco friendly and biodegradable,January-December
Ambul Kesel,662,Bakery industry- Banana breads and banana cakes,November-January
Puwalu,316,Make high quality acid free paper from banana stems and leaves,November-January
Rath Kesel,2775,Make jam and sugary products to the local market,November-January
Ambul Kesel,1627,Textile industry- make banana fibers,January-December
Sini Kesel,4422,"Skincare industry- Make skincare products ( Lotions, creams and face masks",November-January
Rath Kesel,696,"Pharmaceutical industry- Make antioxidants,vitamins by exploring bioactive compound ",January-December
Kandula,2819,Make breakfast cereals,January-December
Nethra Palam,2680,Banana chips ( both sweetened and unsweetened),November-January
Green Banana,1729,Make organic fertilizers,November-January
Seeni Parakum,1337,Export to USA as fresh banana,November-January
Ambul Kesel,2272,cosmetic industry- Make haircare treatments with banana extracts,November-January
Anamalu,1710,Make high quality acid free paper from banana stems and leaves,January-December
Sini Kesel,4162,Food industry-desserts varieties,January-December
Rath Kesel,978,dehydrated banana chips,November-January
Rath Kesel,3422,cosmetic industry- Make haircare treatments with banana extracts,January-December
Suwandal,4426,Banana chips ( both sweetened and unsweetened),January-December
Puwalu,1593,Make innorganic fertilizers,November-January
Ambum,3218,Make tea bags and filters,November-January
Ambul Nadee,2801,Make breakfast cereals,November-January
Sini Kesel,2495,Banana flavored craft beers,November-January
Seeni Parakum,2280,Make jam and sugary products to the local market,January-December
Green Banana,4981,"Pharmaceutical industry- Make antioxidants,vitamins by exploring bioactive compound ",January-December
Green Banana,3411,Give CBL to make Waffers Biscuits,November-January
Ambul Kesel,3593,Make natural remedies,November-January
Kolikuttu,3501,Make bioplastics,January-December
Rath Kesel,268,Make breakfast cereals,November-January
Sini Kesel,4861,Make tea bags and filters,November-January
Anamalu,4203,Make flavors- Banana flavorings and extracts to make flavored syrups and drinks,November-January
Suwandal,4291,Banana candies,November-January
Seeni Parakum,770,Banana chocolates and sweets,November-January
Ambul Nadee,706,Banana chocolates and sweets,November-January
Seeni Parakum,1119,Make breakfast cereals,January-December
Kolikuttu,3600,Banana candies,January-December
Ambum,4652,Make innorganic fertilizers,November-January
Ambul Kesel,4182,Make organic fertilizers,November-January
Puwalu,4448,Make breakfast cereals,November-January
Nethra Palam,4301,Make breakfast cereals,January-December
Seeni Parakum,4333,"Traditional alcoholic beverages- Banana liqueurs, wine",January-December
Seeni Parakum,1238,Make single use plastic alternatives,January-December
Seeni Parakum,1991,Make breakfast cereals,November-January
Rath Kesel,4733,"Pharmaceutical industry- Make antioxidants,vitamins by exploring bioactive compound ",January-December
Rath Kesel,1623,Brewing and distilling industry- Make banana beer,January-December
Ambul Nadee,2636,Make single use plastic alternatives,November-January
Kolikuttu,4565,Make natural remedies,January-December
Green Banana,1662,"Traditional alcoholic beverages- Banana liqueurs, wine",November-January
Ambul Nadee,2565,Make flavors- Banana flavorings and extracts to make flavored syrups and drinks,January-December
Sini Kesel,3891,Banana chocolates and sweets,January-December
Ambum,751,Make organic fertilizers,January-December
Suwandal,1050,Make single use plastic alternatives,November-January
Green Banana,3830,Banana flavored craft beers,November-January
Ambul Nadee,1466,Make banana oils are used in cosmatic industry,January-December
Ambul Nadee,595,Bakery industry- Banana breads and banana cakes,January-December
Seeni Parakum,158,Make innorganic fertilizers,November-January
Anamalu,1367,Make flavors- Banana flavorings and extracts to make flavored syrups and drinks,January-December
Anamalu,4855,Make breakfast cereals,November-January
Seeni Parakum,2594,Banana flavored craft beers,January-December
Anamalu,3525,Make tea bags and filters,January-December
Rath Kesel,1976,Give CBL to make Waffers Biscuits,January-December
Rath Kesel,4788,Make innorganic fertilizers,November-January
Puwalu,690,cosmetic industry- Make haircare treatments with banana extracts,November-January
Ambul Nadee,2548,Banana chocolates and sweets,January-December
Ambum,1086,Textile industry- make banana fibers,January-December
Puwalu,4493,Make organic fertilizers,November-January
Puwalu,1810,Export to USA as fresh banana,November-January
Ambul Kesel,2082,Banana chips ( both sweetened and unsweetened),January-December
Ambul Nadee,4821,"Skincare industry- Make skincare products ( Lotions, creams and face masks",November-January
Suwandal,2726,Make tea bags and filters,January-December
Kandula,3058,Make natural remedies,January-December
Ambum,4098,Banana flavored craft beers,January-December
Rath Kesel,2260,Brewing and distilling industry- Make banana beer,January-December
Anamalu,3181,Export to USA as fresh banana,January-December
Rath Kesel,2288,make banana silk which is eco friendly and biodegradable,November-January
Puwalu,4443,Make bioplastics,January-December
Rath Kesel,1153,Brewing and distilling industry- Make banana beer,November-January
Rath Kesel,3571,Export to USA as fresh banana,January-December
Seeni Parakum,4827,Give CBL to make Waffers Biscuits,November-January
Ambul Kesel,1522,Make natural remedies,November-January
Ambul Kesel,1623,Food industry-desserts varieties,January-December
Anamalu,3364,"Pharmaceutical industry- Make antioxidants,vitamins by exploring bioactive compound ",January-December
Sini Kesel,1935,Make flavors- Banana flavorings and extracts to make flavored syrups and drinks,January-December
Rath Kesel,2808,"Traditional alcoholic beverages- Banana liqueurs, wine",January-December
Ambul Kesel,2234,dehydrated banana chips,November-January
Seeni Parakum,1442,Make single use plastic alternatives,January-December
Nethra Palam,3727,Make jam and sugary products to the local market,January-December
Seeni Parakum,2484,Brewing and distilling industry- Make banana beer,November-January
Anamalu,4749,Brewing and distilling industry- Make banana beer,November-January
Ambul Kesel,1991,Banana flavored craft beers,November-January
Anamalu,2406,Make flavors- Banana flavorings and extracts to make flavored syrups and drinks,January-December
Ambul Nadee,4431,Food industry-desserts varieties,January-December
Seeni Parakum,1999,Banana chips ( both sweetened and unsweetened),November-January
Ambul Kesel,515,make dried and powdered banana peels to use as a supplement in animal feed.,November-January
Green Banana,2006,Banana flavored craft beers,November-January
Anamalu,3605,Make breakfast cereals,January-December
Ambul Kesel,3580,"Beverage industry - To make milkshakes,smoothies, fruit juices",November-January
Ambum,115,make dried and powdered banana peels to use as a supplement in animal feed.,January-December
Rath Kesel,2484,Brewing and distilling industry- Make banana beer,November-January
Ambul Nadee,876,Banana chocolates and sweets,January-December
Suwandal,4074,Make high quality acid free paper from banana stems and leaves,January-December
Kandula,4159,Make high quality acid free paper from banana stems and leaves,January-December
Kolikuttu,2012,Give CBL to make Waffers Biscuits,January-December
Sini Kesel,2938,Export to USA as fresh banana,November-January
Suwandal,4924,Banana chips ( both sweetened and unsweetened),November-January
Ambul Kesel,1726,Make innorganic fertilizers,November-January
Sini Kesel,619,Make flavors- Banana flavorings and extracts to make flavored syrups and drinks,January-December
Ambul Kesel,3081,Make tea bags and filters,November-January
Kandula,2288,Make flavors- Banana flavorings and extracts to make flavored syrups and drinks,November-January
Ambum,1450,Bakery industry- Banana breads and banana cakes,November-January
Nethra Palam,4583,Make flavors- Banana flavorings and extracts to make flavored syrups and drinks,November-January
Seeni Parakum,4647,Banana candies,November-January
Anamalu,114,Banana flavored craft beers,November-January
Sini Kesel,4615,cosmetic industry- Make haircare treatments with banana extracts,January-December
Suwandal,1462,Make bioplastics,January-December
Ambum,3860,Export to USA as fresh banana,November-January
Ambum,4250,Make natural remedies,January-December
Kandula,3996,make dried and powdered banana peels to use as a supplement in animal feed.,January-December
Kandula,1333,Make banana oils are used in cosmatic industry,November-January
Anamalu,1300,Make high quality acid free paper from banana stems and leaves,November-January
Ambul Nadee,4684,dehydrated banana chips,January-December
Rath Kesel,1505,Banana chips ( both sweetened and unsweetened),November-January
Anamalu,1472,Make single use plastic alternatives,November-January
Suwandal,990,Make natural remedies,January-December
Anamalu,2166,"Pharmaceutical industry- Make antioxidants,vitamins by exploring bioactive compound ",November-January
Nethra Palam,2728,Food industry-desserts varieties,January-December
Rath Kesel,4575,Brewing and distilling industry- Make banana beer,January-December
Sini Kesel,1029,Bakery industry- Banana breads and banana cakes,January-December
Ambul Kesel,4774,Export to USA as fresh banana,January-December
Nethra Palam,2645,Brewing and distilling industry- Make banana beer,November-January
Kandula,1869,Banana flavored craft beers,January-December
Kolikuttu,3036,Export to USA as fresh banana,November-January
Rath Kesel,4070,make dried and powdered banana peels to use as a supplement in animal feed.,January-December
Ambum,2824,make dried and powdered banana peels to use as a supplement in animal feed.,November-January
Ambul Nadee,2912,Banana chips ( both sweetened and unsweetened),November-January
Anamalu,1610,Make jam and sugary products to the local market,November-January
Sini Kesel,3301,Banana chocolates and sweets,November-January
Seeni Parakum,3283,Make bioplastics,January-December
Green Banana,853,Make innorganic fertilizers,January-December
Kolikuttu,4077,Bakery industry- Banana breads and banana cakes,January-December
Kandula,3151,Make innorganic fertilizers,November-January
Seeni Parakum,706,Make high quality acid free paper from banana stems and leaves,November-January
Ambum,2565,"Pharmaceutical industry- Make antioxidants,vitamins by exploring bioactive compound ",January-December
Seeni Parakum,2198,Make natural remedies,November-January
Anamalu,459,Banana flavored craft beers,January-December
Ambul Kesel,2964,Make high quality acid free paper from banana stems and leaves,November-January
Puwalu,3879,make dried and powdered banana peels to use as a supplement in animal feed.,January-December
Green Banana,3491,Make innorganic fertilizers,November-January
Rath Kesel,3306,Make bioplastics,January-December
Nethra Palam,4431,Make bioplastics,November-January
Ambul Kesel,1433,Make bioplastics,January-December
Ambum,3066,Brewing and distilling industry- Make banana beer,January-December
Suwandal,3693,Brewing and distilling industry- Make banana beer,January-December
Rath Kesel,4478,Banana chips ( both sweetened and unsweetened),November-January
Nethra Palam,4148,Banana chocolates and sweets,November-January
Kandula,133,Make natural remedies,November-January
Anamalu,4254,Make high quality acid free paper from banana stems and leaves,November-January
Suwandal,1791,"Pharmaceutical industry- Make antioxidants,vitamins by exploring bioactive compound ",November-January
Anamalu,4751,Make high quality acid free paper from banana stems and leaves,January-December
Puwalu,292,Export to USA as fresh banana,January-December
Nethra Palam,60,Make high quality acid free paper from banana stems and leaves,January-December
Seeni Parakum,4306,Food industry-desserts varieties,November-January
Ambul Nadee,1098,Textile industry- make banana fibers,January-December
Ambul Kesel,3175,Make breakfast cereals,November-January
Anamalu,2676,Bakery industry- Banana breads and banana cakes,January-December
Nethra Palam,4108,Make natural remedies,January-December
Ambul Nadee,2442,Export to USA as fresh banana,November-January
Green Banana,822,Food industry-desserts varieties,November-January
Rath Kesel,2730,Make flavors- Banana flavorings and extracts to make flavored syrups and drinks,November-January
Anamalu,3714,Give CBL to make Waffers Biscuits,November-January
Puwalu,1730,Bakery industry- Banana breads and banana cakes,January-December
Green Banana,3661,make banana silk which is eco friendly and biodegradable,January-December
Green Banana,567,Make high quality acid free paper from banana stems and leaves,January-December
Kolikuttu,748,Banana chocolates and sweets,November-January
Ambum,4299,Make natural remedies,January-December
Sini Kesel,4761,Textile industry- make banana fibers,November-January
Sini Kesel,3128,dehydrated banana chips,November-January
Nethra Palam,1332,"Pharmaceutical industry- Make antioxidants,vitamins by exploring bioactive compound ",January-December
Ambum,2019,Food industry-desserts varieties,January-December
Ambul Kesel,2957,"Pharmaceutical industry- Make antioxidants,vitamins by exploring bioactive compound ",November-January
Anamalu,777,Brewing and distilling industry- Make banana beer,November-January
Green Banana,3560,Make breakfast cereals,January-December
Anamalu,915,Banana flavored craft beers,November-January
Kolikuttu,4409,Make tea bags and filters,January-December
Green Banana,2202,make banana silk which is eco friendly and biodegradable,November-January
Rath Kesel,230,Banana chips ( both sweetened and unsweetened),November-January
Sini Kesel,72,Banana flavored craft beers,November-January
Green Banana,4997,Make single use plastic alternatives,November-January
Ambum,2005,"Beverage industry - To make milkshakes,smoothies, fruit juices",November-January
Ambum,2074,Textile industry- make banana fibers,November-January
Sini Kesel,1590,dehydrated banana chips,November-January
Anamalu,1939,Food industry-desserts varieties,January-December
Nethra Palam,3693,Banana chips ( both sweetened and unsweetened),January-December
Nethra Palam,4874,Make breakfast cereals,January-December
Nethra Palam,119,"Pharmaceutical industry- Make antioxidants,vitamins by exploring bioactive compound ",January-December
Seeni Parakum,2095,dehydrated banana chips,January-December
Puwalu,3316,dehydrated banana chips,January-December
Kolikuttu,4902,"Skincare industry- Make skincare products ( Lotions, creams and face masks",January-December
Green Banana,2180,Make single use plastic alternatives,January-December
Ambum,1268,dehydrated banana chips,January-December
Anamalu,1785,Food industry-desserts varieties,November-January
Kolikuttu,1707,Make high quality acid free paper from banana stems and leaves,January-December
Ambul Kesel,1080,Textile industry- make banana fibers,January-December
Rath Kesel,4735,"Skincare industry- Make skincare products ( Lotions, creams and face masks",November-January
Suwandal,2177,Make innorganic fertilizers,November-January
Rath Kesel,1777,"Traditional alcoholic beverages- Banana liqueurs, wine",November-January
Ambul Kesel,3451,Make breakfast cereals,January-December
Kolikuttu,1410,Make bioplastics,November-January
Kandula,4262,make banana silk which is eco friendly and biodegradable,January-December
Ambul Nadee,1930,Make organic fertilizers,January-December
Rath Kesel,3552,"Beverage industry - To make milkshakes,smoothies, fruit juices",November-January
Kolikuttu,3816,make dried and powdered banana peels to use as a supplement in animal feed.,November-January
Green Banana,1055,"Traditional alcoholic beverages- Banana liqueurs, wine",January-December
Nethra Palam,4173,Give CBL to make Waffers Biscuits,November-January
Ambul Kesel,1764,Bakery industry- Banana breads and banana cakes,November-January
Nethra Palam,4123,Make single use plastic alternatives,November-January
Suwandal,3138,Banana chocolates and sweets,November-January
Ambum,4916,Make natural remedies,January-December
Puwalu,1310,Bakery industry- Banana breads and banana cakes,November-January
Kandula,458,Textile industry- make banana fibers,November-January
Sini Kesel,4758,make banana silk which is eco friendly and biodegradable,January-December
Green Banana,1657,Give CBL to make Waffers Biscuits,November-January
Kandula,2115,Banana candies,November-January
Ambul Kesel,4675,dehydrated banana chips,November-January
Rath Kesel,3825,Banana candies,November-January
Ambul Kesel,4414,Make organic fertilizers,January-December
Ambum,2580,Make organic fertilizers,November-January
Ambul Nadee,3398,cosmetic industry- Make haircare treatments with banana extracts,January-December
Anamalu,4186,make dried and powdered banana peels to use as a supplement in animal feed.,November-January
Sini Kesel,1530,Make jam and sugary products to the local market,January-December
Seeni Parakum,4129,make banana silk which is eco friendly and biodegradable,January-December
Ambul Kesel,4596,Textile industry- make banana fibers,November-January
Ambul Kesel,3349,Make jam and sugary products to the local market,November-January
Puwalu,4691,"Beverage industry - To make milkshakes,smoothies, fruit juices",November-January
Puwalu,535,make banana silk which is eco friendly and biodegradable,January-December
Sini Kesel,1012,Give CBL to make Waffers Biscuits,November-January
Nethra Palam,4270,Make breakfast cereals,January-December
Anamalu,3942,Make bioplastics,January-December
Suwandal,2531,Make bioplastics,January-December
Nethra Palam,163,Banana chocolates and sweets,January-December
Ambul Nadee,504,Make high quality acid free paper from banana stems and leaves,January-December
Seeni Parakum,3780,Make organic fertilizers,January-December
Puwalu,4323,Textile industry- make banana fibers,November-January
Seeni Parakum,3434,Make single use plastic alternatives,November-January
Anamalu,1676,dehydrated banana chips,January-December
Ambul Nadee,2701,Banana flavored craft beers,November-January
Sini Kesel,2088,Make banana oils are used in cosmatic industry,January-December
Suwandal,1868,Export to USA as fresh banana,November-January
Ambul Kesel,2377,Make high quality acid free paper from banana stems and leaves,November-January
Kolikuttu,3387,Make high quality acid free paper from banana stems and leaves,November-January
Rath Kesel,2729,Export to USA as fresh banana,November-January
Ambum,4818,Make flavors- Banana flavorings and extracts to make flavored syrups and drinks,November-January
Nethra Palam,396,Make bioplastics,November-January
Ambul Kesel,2582,Make organic fertilizers,November-January
Ambul Nadee,1116,Banana chips ( both sweetened and unsweetened),November-January
Green Banana,676,Make innorganic fertilizers,January-December
Puwalu,189,"Traditional alcoholic beverages- Banana liqueurs, wine",November-January
Kolikuttu,1997,Banana chips ( both sweetened and unsweetened),January-December
Nethra Palam,3351,Make organic fertilizers,January-December
Kandula,2970,"Skincare industry- Make skincare products ( Lotions, creams and face masks",January-December
Kolikuttu,3474,Give CBL to make Waffers Biscuits,November-January
Nethra Palam,4360,Export to USA as fresh banana,November-January
Sini Kesel,1319,dehydrated banana chips,January-December
Nethra Palam,4614,Banana chips ( both sweetened and unsweetened),November-January
Nethra Palam,797,Make breakfast cereals,January-December
Ambum,595,Banana chocolates and sweets,November-January
Puwalu,3777,Make innorganic fertilizers,January-December
Ambul Kesel,460,Brewing and distilling industry- Make banana beer,January-December
Ambum,3940,Brewing and distilling industry- Make banana beer,November-January
Sini Kesel,1842,Make bioplastics,January-December
Nethra Palam,4796,Brewing and distilling industry- Make banana beer,November-January
Kolikuttu,4313,"Skincare industry- Make skincare products ( Lotions, creams and face masks",November-January
Kandula,2558,Export to USA as fresh banana,November-January
Puwalu,2011,Banana chips ( both sweetened and unsweetened),January-December
Kolikuttu,3123,Export to USA as fresh banana,January-December
Kolikuttu,1418,Make tea bags and filters,November-January
Kandula,3032,Banana flavored craft beers,November-January
Rath Kesel,1513,Make banana oils are used in cosmatic industry,November-January
Puwalu,3124,"Traditional alcoholic beverages- Banana liqueurs, wine",January-December
Rath Kesel,2831,make dried and powdered banana peels to use as a supplement in animal feed.,January-December
Seeni Parakum,2505,Make breakfast cereals,November-January
Nethra Palam,1166,Make breakfast cereals,November-January
Ambul Kesel,4511,Make organic fertilizers,November-January
Green Banana,2813,Export to USA as fresh banana,January-December
Seeni Parakum,1739,Make flavors- Banana flavorings and extracts to make flavored syrups and drinks,November-January
Kandula,2159,Make flavors- Banana flavorings and extracts to make flavored syrups and drinks,November-January
Puwalu,646,Banana chips ( both sweetened and unsweetened),November-January
Kolikuttu,2471,Textile industry- make banana fibers,November-January
Seeni Parakum,2684,Banana flavored craft beers,November-January
Puwalu,1583,Make jam and sugary products to the local market,January-December
Nethra Palam,2437,"Pharmaceutical industry- Make antioxidants,vitamins by exploring bioactive compound ",January-December
Puwalu,4199,"Skincare industry- Make skincare products ( Lotions, creams and face masks",January-December
Nethra Palam,2692,dehydrated banana chips,January-December
Ambul Kesel,2474,dehydrated banana chips,January-December
Ambum,3332,make banana silk which is eco friendly and biodegradable,November-January
Ambum,1329,Make innorganic fertilizers,November-January
Ambul Nadee,2596,Bakery industry- Banana breads and banana cakes,November-January
Ambul Kesel,1067,Make breakfast cereals,November-January
Nethra Palam,737,Make breakfast cereals,November-January
Kandula,2886,make dried and powdered banana peels to use as a supplement in animal feed.,November-January
Anamalu,4776,Textile industry- make banana fibers,November-January
Sini Kesel,2908,Banana flavored craft beers,November-January
Sini Kesel,811,"Beverage industry - To make milkshakes,smoothies, fruit juices",November-January
Ambul Kesel,4474,Export to USA as fresh banana,November-January
Ambul Nadee,4262,Make bioplastics,January-December
Ambul Nadee,3761,Make flavors- Banana flavorings and extracts to make flavored syrups and drinks,November-January
Anamalu,2029,make banana silk which is eco friendly and biodegradable,November-January
Rath Kesel,4116,Make bioplastics,November-January
Puwalu,3533,Banana chips ( both sweetened and unsweetened),November-January
Kandula,1140,Make jam and sugary products to the local market,January-December
Sini Kesel,1772,Make jam and sugary products to the local market,November-January
Green Banana,98,Make breakfast cereals,November-January
Seeni Parakum,3278,Export to USA as fresh banana,January-December
Rath Kesel,933,Make natural remedies,November-January
Green Banana,118,Banana candies,January-December
Kandula,1264,Make tea bags and filters,November-January
Kandula,2796,Give CBL to make Waffers Biscuits,January-December
Kolikuttu,3901,Make innorganic fertilizers,January-December
Ambum,1920,Food industry-desserts varieties,January-December
Green Banana,1557,make banana silk which is eco friendly and biodegradable,November-January
Green Banana,259,cosmetic industry- Make haircare treatments with banana extracts,November-January
Kolikuttu,3295,make banana silk which is eco friendly and biodegradable,November-January
Kandula,2948,"Pharmaceutical industry- Make antioxidants,vitamins by exploring bioactive compound ",January-December
Suwandal,4582,Give CBL to make Waffers Biscuits,November-January
Puwalu,4714,Banana flavored craft beers,November-January
Seeni Parakum,3630,make banana silk which is eco friendly and biodegradable,January-December
Seeni Parakum,1894,"Beverage industry - To make milkshakes,smoothies, fruit juices",January-December
Seeni Parakum,3350,Make innorganic fertilizers,November-January
Anamalu,2404,Make breakfast cereals,November-January
Seeni Parakum,3785,Brewing and distilling industry- Make banana beer,January-December
Nethra Palam,4511,Make breakfast cereals,November-January
Ambul Kesel,901,Banana chips ( both sweetened and unsweetened),January-December
Seeni Parakum,3523,Banana chips ( both sweetened and unsweetened),November-January
Nethra Palam,2941,Export to USA as fresh banana,January-December
Puwalu,51,Make single use plastic alternatives,November-January
Kandula,4553,cosmetic industry- Make haircare treatments with banana extracts,January-December
Ambul Kesel,1852,"Skincare industry- Make skincare products ( Lotions, creams and face masks",January-December
Nethra Palam,2317,Make breakfast cereals,January-December
Kandula,1640,Bakery industry- Banana breads and banana cakes,January-December
Anamalu,4604,Make flavors- Banana flavorings and extracts to make flavored syrups and drinks,November-January
Suwandal,4152,Food industry-desserts varieties,January-December
Seeni Parakum,4885,cosmetic industry- Make haircare treatments with banana extracts,November-January
Kolikuttu,3643,Bakery industry- Banana breads and banana cakes,January-December
Rath Kesel,3154,Banana flavored craft beers,January-December
Ambul Nadee,1769,Make flavors- Banana flavorings and extracts to make flavored syrups and drinks,January-December
Rath Kesel,2369,Make high quality acid free paper from banana stems and leaves,November-January
Puwalu,2114,Banana chips ( both sweetened and unsweetened),November-January
Nethra Palam,1492,Make jam and sugary products to the local market,January-December
Kandula,4281,Make natural remedies,November-January
Suwandal,396,Make banana oils are used in cosmatic industry,January-December
Puwalu,811,make dried and powdered banana peels to use as a supplement in animal feed.,November-January
Rath Kesel,2889,Banana chocolates and sweets,November-January
Seeni Parakum,1676,Export to USA as fresh banana,November-January
Kolikuttu,578,"Beverage industry - To make milkshakes,smoothies, fruit juices",January-December
Kandula,2773,Make tea bags and filters,January-December
Green Banana,4887,Make organic fertilizers,November-January
Kandula,2940,"Beverage industry - To make milkshakes,smoothies, fruit juices",January-December
Ambul Kesel,1916,Banana chips ( both sweetened and unsweetened),January-December
Kolikuttu,2085,Make innorganic fertilizers,January-December
Kandula,342,Make banana oils are used in cosmatic industry,November-January
Rath Kesel,4540,Banana candies,November-January
Rath Kesel,1056,Make single use plastic alternatives,November-January
Puwalu,3756,Make jam and sugary products to the local market,November-January
Nethra Palam,3351,Banana chocolates and sweets,November-January
Anamalu,3193,Textile industry- make banana fibers,November-January
Rath Kesel,924,Make single use plastic alternatives,January-December
Nethra Palam,3787,Make jam and sugary products to the local market,November-January
Ambum,4152,make banana silk which is eco friendly and biodegradable,January-December
Ambul Kesel,2517,Make high quality acid free paper from banana stems and leaves,November-January
Suwandal,1023,Banana candies,January-December
Anamalu,4829,"Pharmaceutical industry- Make antioxidants,vitamins by exploring bioactive compound ",January-December
Sini Kesel,4772,cosmetic industry- Make haircare treatments with banana extracts,January-December
Kandula,4702,Food industry-desserts varieties,November-January
Ambul Nadee,2604,make dried and powdered banana peels to use as a supplement in animal feed.,November-January
Anamalu,276,"Traditional alcoholic beverages- Banana liqueurs, wine",January-December
Ambum,4177,Make organic fertilizers,January-December
Green Banana,1242,Make bioplastics,January-December
Anamalu,3981,Banana flavored craft beers,January-December
Ambum,3725,Banana chocolates and sweets,November-January
Ambul Kesel,2253,Export to USA as fresh banana,November-January
Anamalu,1536,Give CBL to make Waffers Biscuits,January-December
Ambum,1762,Make high quality acid free paper from banana stems and leaves,November-January
Nethra Palam,2577,Make organic fertilizers,November-January
Anamalu,2061,Make flavors- Banana flavorings and extracts to make flavored syrups and drinks,January-December
Sini Kesel,4805,"Traditional alcoholic beverages- Banana liqueurs, wine",November-January
Suwandal,3681,Make natural remedies,January-December
Nethra Palam,3919,make banana silk which is eco friendly and biodegradable,January-December
Nethra Palam,3481,Make jam and sugary products to the local market,November-January
Nethra Palam,2369,Banana chocolates and sweets,November-January
Green Banana,759,Make tea bags and filters,January-December
Sini Kesel,2263,Make flavors- Banana flavorings and extracts to make flavored syrups and drinks,January-December
Anamalu,1788,Make bioplastics,November-January
Kandula,2915,"Beverage industry - To make milkshakes,smoothies, fruit juices",January-December
Suwandal,4804,make banana silk which is eco friendly and biodegradable,November-January
Ambul Nadee,570,Make innorganic fertilizers,November-January
Rath Kesel,656,Make high quality acid free paper from banana stems and leaves,January-December
Kandula,1571,Make innorganic fertilizers,January-December
Kolikuttu,2952,Give CBL to make Waffers Biscuits,January-December
Nethra Palam,3512,Make banana oils are used in cosmatic industry,January-December
Kandula,368,Give CBL to make Waffers Biscuits,January-December
Suwandal,2571,Textile industry- make banana fibers,January-December
Green Banana,3803,Brewing and distilling industry- Make banana beer,November-January
Rath Kesel,115,Make high quality acid free paper from banana stems and leaves,November-January
Kolikuttu,2014,Textile industry- make banana fibers,November-January
Puwalu,3478,Banana flavored craft beers,January-December
Suwandal,3027,Make bioplastics,January-December
Puwalu,448,Make flavors- Banana flavorings and extracts to make flavored syrups and drinks,January-December
Seeni Parakum,346,"Traditional alcoholic beverages- Banana liqueurs, wine",January-December
Sini Kesel,3762,Banana flavored craft beers,November-January
Suwandal,1783,Banana flavored craft beers,November-January
Seeni Parakum,4427,"Skincare industry- Make skincare products ( Lotions, creams and face masks",November-January
Seeni Parakum,2505,Make organic fertilizers,January-December
Anamalu,2129,"Traditional alcoholic beverages- Banana liqueurs, wine",November-January
Ambul Nadee,168,Make banana oils are used in cosmatic industry,November-January
Puwalu,1816,"Skincare industry- Make skincare products ( Lotions, creams and face masks",November-January
Sini Kesel,3890,Banana candies,November-January
Ambul Kesel,2355,Make organic fertilizers,November-January
Nethra Palam,3996,Make single use plastic alternatives,November-January
Puwalu,4646,dehydrated banana chips,January-December
Seeni Parakum,3833,Export to USA as fresh banana,January-December
Anamalu,4770,Make jam and sugary products to the local market,November-January
Kolikuttu,293,Make natural remedies,November-January
Nethra Palam,3494,Make single use plastic alternatives,November-January
Seeni Parakum,3204,Banana chips ( both sweetened and unsweetened),November-January
Suwandal,2673,Make natural remedies,November-January
Suwandal,4215,Make high quality acid free paper from banana stems and leaves,January-December
Kolikuttu,2066,Make breakfast cereals,January-December
Green Banana,1250,"Pharmaceutical industry- Make antioxidants,vitamins by exploring bioactive compound ",November-January
Anamalu,525,"Traditional alcoholic beverages- Banana liqueurs, wine",January-December
Ambul Nadee,1420,Make natural remedies,January-December
Sini Kesel,4989,Bakery industry- Banana breads and banana cakes,November-January
Puwalu,4189,make banana silk which is eco friendly and biodegradable,January-December
Kolikuttu,946,Banana flavored craft beers,January-December
Rath Kesel,839,Make breakfast cereals,November-January
Puwalu,2045,Make banana oils are used in cosmatic industry,January-December
Ambul Kesel,4031,Make flavors- Banana flavorings and extracts to make flavored syrups and drinks,November-January
Anamalu,156,Make single use plastic alternatives,January-December
Green Banana,1419,Make organic fertilizers,November-January
Anamalu,2752,Make high quality acid free paper from banana stems and leaves,January-December
Ambul Kesel,1156,Banana chips ( both sweetened and unsweetened),January-December
Kolikuttu,4275,Make tea bags and filters,November-January
Sini Kesel,4532,Bakery industry- Banana breads and banana cakes,January-December
Ambum,894,Make bioplastics,November-January
Anamalu,3876,Make innorganic fertilizers,November-January
Kolikuttu,4919,"Skincare industry- Make skincare products ( Lotions, creams and face masks",November-January
Anamalu,3480,Textile industry- make banana fibers,January-December
Seeni Parakum,3196,Textile industry- make banana fibers,January-December
Green Banana,1186,"Traditional alcoholic beverages- Banana liqueurs, wine",January-December
Ambul Kesel,4881,Make bioplastics,November-January
Anamalu,1839,Make tea bags and filters,November-January
Nethra Palam,485,Make high quality acid free paper from banana stems and leaves,January-December
Anamalu,1708,make dried and powdered banana peels to use as a supplement in animal feed.,January-December
Anamalu,850,Banana chocolates and sweets,January-December
Puwalu,2374,Make organic fertilizers,November-January
Ambum,1235,Textile industry- make banana fibers,November-January
Kolikuttu,3202,Banana candies,November-January
Ambum,183,Banana chocolates and sweets,November-January
Nethra Palam,2994,Export to USA as fresh banana,January-December
Ambul Nadee,337,Make jam and sugary products to the local market,January-December
Kandula,283,"Pharmaceutical industry- Make antioxidants,vitamins by exploring bioactive compound ",November-January
Puwalu,3068,"Pharmaceutical industry- Make antioxidants,vitamins by exploring bioactive compound ",January-December
Kandula,2336,Make banana oils are used in cosmatic industry,January-December
Anamalu,2409,Make high quality acid free paper from banana stems and leaves,January-December
Ambum,3823,Make jam and sugary products to the local market,January-December
Ambum,3417,"Traditional alcoholic beverages- Banana liqueurs, wine",January-December
Kandula,1719,Banana flavored craft beers,November-January
Anamalu,3251,Make bioplastics,November-January
Anamalu,101,Banana chips ( both sweetened and unsweetened),November-January
Ambul Kesel,812,make banana silk which is eco friendly and biodegradable,November-January
Rath Kesel,3387,"Pharmaceutical industry- Make antioxidants,vitamins by exploring bioactive compound ",November-January
Anamalu,1063,Food industry-desserts varieties,January-December
Ambum,3050,make banana silk which is eco friendly and biodegradable,November-January
Kolikuttu,3107,"Skincare industry- Make skincare products ( Lotions, creams and face masks",January-December
Anamalu,4096,Brewing and distilling industry- Make banana beer,November-January
Rath Kesel,518,"Beverage industry - To make milkshakes,smoothies, fruit juices",January-December
Seeni Parakum,3896,Brewing and distilling industry- Make banana beer,November-January
Puwalu,567,Banana flavored craft beers,January-December
Ambum,3771,Give CBL to make Waffers Biscuits,November-January
Ambul Kesel,864,make dried and powdered banana peels to use as a supplement in animal feed.,January-December
Seeni Parakum,4234,Make natural remedies,November-January
Seeni Parakum,1444,"Skincare industry- Make skincare products ( Lotions, creams and face masks",November-January
Ambul Kesel,1458,Make tea bags and filters,January-December
Puwalu,555,Make banana oils are used in cosmatic industry,January-December
Anamalu,1929,Make flavors- Banana flavorings and extracts to make flavored syrups and drinks,November-January
Anamalu,1036,Make flavors- Banana flavorings and extracts to make flavored syrups and drinks,January-December
Rath Kesel,3215,Banana chips ( both sweetened and unsweetened),January-December
Kolikuttu,3012,Banana flavored craft beers,January-December
Kolikuttu,2809,Make bioplastics,January-December
Sini Kesel,3390,Food industry-desserts varieties,November-January
Nethra Palam,917,Banana candies,January-December
Nethra Palam,4026,"Pharmaceutical industry- Make antioxidants,vitamins by exploring bioactive compound ",November-January
Green Banana,838,Export to USA as fresh banana,November-January
Kandula,3633,Make natural remedies,January-December
Rath Kesel,1852,Make organic fertilizers,January-December
Ambul Kesel,1939,Banana flavored craft beers,November-January
Seeni Parakum,3018,Banana chips ( both sweetened and unsweetened),November-January
Sini Kesel,1989,Banana chips ( both sweetened and unsweetened),January-December
Suwandal,2457,"Pharmaceutical industry- Make antioxidants,vitamins by exploring bioactive compound ",January-December
Kandula,3553,"Traditional alcoholic beverages- Banana liqueurs, wine",November-January
Suwandal,253,Make single use plastic alternatives,January-December
Ambum,1221,Give CBL to make Waffers Biscuits,January-December
Anamalu,237,Make bioplastics,January-December
Green Banana,1090,Brewing and distilling industry- Make banana beer,January-December
Puwalu,1852,Make bioplastics,January-December
Nethra Palam,1043,"Traditional alcoholic beverages- Banana liqueurs, wine",November-January
Anamalu,2306,cosmetic industry- Make haircare treatments with banana extracts,January-December
Ambum,508,make banana silk which is eco friendly and biodegradable,November-January
Ambul Nadee,3952,make banana silk which is eco friendly and biodegradable,January-December
Ambum,2199,Bakery industry- Banana breads and banana cakes,January-December
Anamalu,367,"Pharmaceutical industry- Make antioxidants,vitamins by exploring bioactive compound ",November-January
Green Banana,4242,Give CBL to make Waffers Biscuits,November-January
Nethra Palam,2317,"Skincare industry- Make skincare products ( Lotions, creams and face masks",November-January
Kolikuttu,464,Banana candies,November-January
Ambul Nadee,2796,"Traditional alcoholic beverages- Banana liqueurs, wine",January-December
Suwandal,4614,Make organic fertilizers,November-January
Anamalu,4668,Textile industry- make banana fibers,November-January
Kolikuttu,1507,"Traditional alcoholic beverages- Banana liqueurs, wine",November-January
Green Banana,4664,Export to USA as fresh banana,November-January
Sini Kesel,1832,Make high quality acid free paper from banana stems and leaves,January-December
Kandula,1125,Make breakfast cereals,January-December
Green Banana,3612,make banana silk which is eco friendly and biodegradable,November-January
Nethra Palam,4021,make banana silk which is eco friendly and biodegradable,January-December
Sini Kesel,1179,"Pharmaceutical industry- Make antioxidants,vitamins by exploring bioactive compound ",November-January
Rath Kesel,1219,Make natural remedies,November-January
Seeni Parakum,139,Give CBL to make Waffers Biscuits,November-January
Anamalu,937,"Traditional alcoholic beverages- Banana liqueurs, wine",November-January
Kandula,3396,Make high quality acid free paper from banana stems and leaves,November-January
Green Banana,3226,Make natural remedies,January-December
Kolikuttu,2206,Banana chocolates and sweets,January-December
Puwalu,246,Make flavors- Banana flavorings and extracts to make flavored syrups and drinks,January-December
Ambul Kesel,2265,Brewing and distilling industry- Make banana beer,November-January
Puwalu,3777,Banana candies,January-December
Puwalu,2709,Banana flavored craft beers,January-December
Nethra Palam,4430,Banana candies,November-January
Kandula,3778,dehydrated banana chips,January-December
Nethra Palam,1038,Make tea bags and filters,November-January
Green Banana,440,Banana chips ( both sweetened and unsweetened),November-January
Rath Kesel,3634,Brewing and distilling industry- Make banana beer,November-January
Ambul Nadee,4548,Make organic fertilizers,November-January
Seeni Parakum,1095,Make natural remedies,January-December
Kandula,3414,Bakery industry- Banana breads and banana cakes,January-December
Nethra Palam,3390,cosmetic industry- Make haircare treatments with banana extracts,January-December
Kolikuttu,1311,Make natural remedies,January-December
Nethra Palam,1306,"Skincare industry- Make skincare products ( Lotions, creams and face masks",November-January
Sini Kesel,4397,Give CBL to make Waffers Biscuits,November-January
Puwalu,4141,Bakery industry- Banana breads and banana cakes,November-January
Kolikuttu,2258,Banana chips ( both sweetened and unsweetened),November-January
Green Banana,1393,Bakery industry- Banana breads and banana cakes,January-December
Ambul Nadee,2289,Make natural remedies,November-January
Rath Kesel,2920,Make flavors- Banana flavorings and extracts to make flavored syrups and drinks,January-December
Nethra Palam,85,"Skincare industry- Make skincare products ( Lotions, creams and face masks",November-January
Anamalu,2017,Make jam and sugary products to the local market,November-January
Rath Kesel,613,Make jam and sugary products to the local market,January-December
Ambul Kesel,2044,dehydrated banana chips,January-December
Sini Kesel,4275,Banana chocolates and sweets,January-December
Suwandal,3925,dehydrated banana chips,November-January
Sini Kesel,4100,Make jam and sugary products to the local market,November-January
Rath Kesel,3798,"Pharmaceutical industry- Make antioxidants,vitamins by exploring bioactive compound ",January-December
Anamalu,1063,Make innorganic fertilizers,January-December
Kolikuttu,874,Make natural remedies,November-January
Sini Kesel,2069,Make natural remedies,November-January
Ambum,4945,"Skincare industry- Make skincare products ( Lotions, creams and face masks",January-December
Ambul Nadee,2962,Make bioplastics,January-December
Anamalu,3384,Make single use plastic alternatives,January-December
Puwalu,2693,make banana silk which is eco friendly and biodegradable,January-December
Ambul Nadee,2289,Give CBL to make Waffers Biscuits,January-December
Ambul Nadee,2819,"Traditional alcoholic beverages- Banana liqueurs, wine",November-January
Sini Kesel,3993,Make organic fertilizers,January-December
Ambul Nadee,4980,Banana flavored craft beers,January-December
Puwalu,3685,Make jam and sugary products to the local market,January-December
Anamalu,1540,cosmetic industry- Make haircare treatments with banana extracts,November-January
Ambul Nadee,4196,make banana silk which is eco friendly and biodegradable,November-January
Sini Kesel,1929,Make banana oils are used in cosmatic industry,November-January
Nethra Palam,3703,make dried and powdered banana peels to use as a supplement in animal feed.,November-January
Anamalu,998,Make tea bags and filters,January-December
Ambum,3068,Brewing and distilling industry- Make banana beer,November-January
Nethra Palam,3288,Export to USA as fresh banana,November-January
Ambum,235,Bakery industry- Banana breads and banana cakes,November-January
Seeni Parakum,2462,Banana chocolates and sweets,November-January
Sini Kesel,3961,Make bioplastics,November-January
Anamalu,454,Bakery industry- Banana breads and banana cakes,November-January
Ambul Kesel,3911,make dried and powdered banana peels to use as a supplement in animal feed.,November-January
Kolikuttu,2697,cosmetic industry- Make haircare treatments with banana extracts,January-December
Ambul Kesel,703,"Traditional alcoholic beverages- Banana liqueurs, wine",November-January
Kandula,4563,Make tea bags and filters,January-December
Sini Kesel,3731,Export to USA as fresh banana,January-December
Nethra Palam,4664,Make jam and sugary products to the local market,January-December
Ambul Kesel,4448,Make jam and sugary products to the local market,January-December
Kandula,900,Make tea bags and filters,January-December
Green Banana,4334,Give CBL to make Waffers Biscuits,November-January
Kandula,3761,Food industry-desserts varieties,January-December
Ambum,1564,Make tea bags and filters,November-January
Suwandal,2270,Make flavors- Banana flavorings and extracts to make flavored syrups and drinks,November-January
Anamalu,1469,Make natural remedies,January-December
Suwandal,955,"Skincare industry- Make skincare products ( Lotions, creams and face masks",January-December
Ambum,4386,"Skincare industry- Make skincare products ( Lotions, creams and face masks",January-December
Seeni Parakum,4300,"Skincare industry- Make skincare products ( Lotions, creams and face masks",January-December
Sini Kesel,496,"Pharmaceutical industry- Make antioxidants,vitamins by exploring bioactive compound ",November-January
Puwalu,3597,Make tea bags and filters,January-December
Ambul Nadee,2110,make dried and powdered banana peels to use as a supplement in animal feed.,January-December
Suwandal,3035,Banana chocolates and sweets,January-December
Sini Kesel,2544,Brewing and distilling industry- Make banana beer,November-January
Sini Kesel,3322,Banana chips ( both sweetened and unsweetened),November-January
Anamalu,334,"Pharmaceutical industry- Make antioxidants,vitamins by exploring bioactive compound ",November-January
Green Banana,4224,Make jam and sugary products to the local market,November-January
Anamalu,255,Make organic fertilizers,January-December
Kolikuttu,4879,"Skincare industry- Make skincare products ( Lotions, creams and face masks",November-January
Nethra Palam,893,"Pharmaceutical industry- Make antioxidants,vitamins by exploring bioactive compound ",November-January
Anamalu,1378,Make innorganic fertilizers,January-December
Green Banana,995,cosmetic industry- Make haircare treatments with banana extracts,January-December
Kandula,278,Make organic fertilizers,January-December
Suwandal,2629,Banana flavored craft beers,January-December
Suwandal,2392,Make jam and sugary products to the local market,January-December
Seeni Parakum,3640,Make jam and sugary products to the local market,January-December
Nethra Palam,560,dehydrated banana chips,January-December
Ambum,1345,Banana flavored craft beers,January-December
Anamalu,4303,Banana chips ( both sweetened and unsweetened),January-December
Nethra Palam,111,Make tea bags and filters,January-December
Suwandal,1116,Make banana oils are used in cosmatic industry,November-January
Seeni Parakum,235,"Beverage industry - To make milkshakes,smoothies, fruit juices",November-January
Seeni Parakum,4055,Food industry-desserts varieties,November-January
Green Banana,2300,Banana chocolates and sweets,January-December
Anamalu,2278,"Beverage industry - To make milkshakes,smoothies, fruit juices",November-January
Suwandal,4515,Make organic fertilizers,November-January
Kolikuttu,1903,Food industry-desserts varieties,January-December
Anamalu,3423,Make innorganic fertilizers,January-December
Suwandal,4467,dehydrated banana chips,January-December
Kolikuttu,505,Make breakfast cereals,November-January
Kandula,3756,Make jam and sugary products to the local market,January-December
Ambum,2355,"Traditional alcoholic beverages- Banana liqueurs, wine",January-December
Kandula,1214,Brewing and distilling industry- Make banana beer,January-December
Puwalu,3260,make banana silk which is eco friendly and biodegradable,January-December
Suwandal,1893,Textile industry- make banana fibers,January-December
Green Banana,2513,Banana flavored craft beers,November-January
Anamalu,4324,Banana candies,January-December
Nethra Palam,2595,Banana chocolates and sweets,November-January
Rath Kesel,3937,Banana flavored craft beers,November-January
Green Banana,2680,Food industry-desserts varieties,November-January
Sini Kesel,1346,Banana flavored craft beers,November-January
Suwandal,4450,Banana candies,November-January
Seeni Parakum,4491,Export to USA as fresh banana,January-December
Kandula,2470,Bakery industry- Banana breads and banana cakes,January-December
Kolikuttu,2300,Give CBL to make Waffers Biscuits,November-January
Puwalu,4037,Banana flavored craft beers,November-January
Puwalu,976,Banana flavored craft beers,November-January
Ambum,4246,Textile industry- make banana fibers,January-December
Nethra Palam,1400,Make organic fertilizers,January-December
Anamalu,2339,Make natural remedies,January-December
Puwalu,2743,"Beverage industry - To make milkshakes,smoothies, fruit juices",January-December
Puwalu,3283,Make organic fertilizers,January-December
Kolikuttu,4058,Make innorganic fertilizers,January-December
Ambum,4486,Give CBL to make Waffers Biscuits,January-December
Kolikuttu,765,Make banana oils are used in cosmatic industry,January-December
Suwandal,4946,Make tea bags and filters,January-December
Sini Kesel,1376,Brewing and distilling industry- Make banana beer,January-December
Rath Kesel,1103,"Pharmaceutical industry- Make antioxidants,vitamins by exploring bioactive compound ",January-December
Ambum,4754,Export to USA as fresh banana,November-January
Suwandal,2117,"Skincare industry- Make skincare products ( Lotions, creams and face masks",January-December
Ambul Nadee,3875,Banana candies,November-January
Sini Kesel,3098,Make high quality acid free paper from banana stems and leaves,January-December
Sini Kesel,1398,make banana silk which is eco friendly and biodegradable,January-December
Seeni Parakum,4291,Export to USA as fresh banana,January-December
Rath Kesel,3083,Make flavors- Banana flavorings and extracts to make flavored syrups and drinks,January-December
Anamalu,4873,"Skincare industry- Make skincare products ( Lotions, creams and face masks",November-January
Rath Kesel,4189,Make tea bags and filters,November-January
Seeni Parakum,3650,make dried and powdered banana peels to use as a supplement in animal feed.,November-January
Anamalu,4078,"Pharmaceutical industry- Make antioxidants,vitamins by exploring bioactive compound ",November-January
Kandula,858,"Traditional alcoholic beverages- Banana liqueurs, wine",November-January
Green Banana,2552,Make flavors- Banana flavorings and extracts to make flavored syrups and drinks,January-December
Rath Kesel,2691,Banana chocolates and sweets,November-January
Seeni Parakum,4853,Make natural remedies,January-December
Ambul Nadee,3322,Make high quality acid free paper from banana stems and leaves,November-January
Seeni Parakum,4449,Banana candies,January-December
Kandula,3021,Textile industry- make banana fibers,November-January
Puwalu,586,Make single use plastic alternatives,November-January
Kandula,3707,Banana flavored craft beers,November-January
Seeni Parakum,2269,Make flavors- Banana flavorings and extracts to make flavored syrups and drinks,January-December
Kolikuttu,2217,"Pharmaceutical industry- Make antioxidants,vitamins by exploring bioactive compound ",January-December
Seeni Parakum,1666,Make innorganic fertilizers,November-January
Puwalu,322,Bakery industry- Banana breads and banana cakes,January-December
Kolikuttu,3280,Make flavors- Banana flavorings and extracts to make flavored syrups and drinks,November-January
Kandula,3241,make banana silk which is eco friendly and biodegradable,January-December
Seeni Parakum,3749,"Traditional alcoholic beverages- Banana liqueurs, wine",November-January
Ambul Kesel,4471,Make organic fertilizers,November-January
Seeni Parakum,1953,"Traditional alcoholic beverages- Banana liqueurs, wine",November-January
Rath Kesel,4480,Make jam and sugary products to the local market,January-December
Ambum,3313,Give CBL to make Waffers Biscuits,January-December
Kolikuttu,3786,Make natural remedies,January-December
Suwandal,4559,make dried and powdered banana peels to use as a supplement in animal feed.,November-January
Rath Kesel,2073,Banana flavored craft beers,November-January
Ambum,1043,Food industry-desserts varieties,January-December
Ambul Kesel,101,Make innorganic fertilizers,January-December
Puwalu,4041,Make organic fertilizers,January-December
Puwalu,3290,Brewing and distilling industry- Make banana beer,November-January
Ambum,3735,Make jam and sugary products to the local market,November-January
Kolikuttu,3671,Make bioplastics,January-December
Puwalu,4835,Make jam and sugary products to the local market,January-December
Kolikuttu,4923,Banana chocolates and sweets,January-December
Suwandal,4152,Export to USA as fresh banana,January-December
Seeni Parakum,3150,dehydrated banana chips,January-December
Suwandal,739,Banana candies,January-December
Sini Kesel,1643,Food industry-desserts varieties,January-December
Kolikuttu,2406,Make banana oils are used in cosmatic industry,November-January
Kandula,3822,Make organic fertilizers,November-January
Ambum,4210,Make flavors- Banana flavorings and extracts to make flavored syrups and drinks,November-January
Ambul Kesel,3963,"Traditional alcoholic beverages- Banana liqueurs, wine",January-December
Ambul Kesel,453,cosmetic industry- Make haircare treatments with banana extracts,January-December
Puwalu,617,Make banana oils are used in cosmatic industry,November-January
Green Banana,4251,make banana silk which is eco friendly and biodegradable,January-December
Suwandal,774,Bakery industry- Banana breads and banana cakes,November-January
Sini Kesel,4208,Make high quality acid free paper from banana stems and leaves,January-December
Rath Kesel,4500,Make flavors- Banana flavorings and extracts to make flavored syrups and drinks,November-January
Ambul Kesel,4042,Make organic fertilizers,January-December
Ambul Nadee,3505,Make jam and sugary products to the local market,January-December
Nethra Palam,2321,make banana silk which is eco friendly and biodegradable,January-December
Ambum,4050,"Traditional alcoholic beverages- Banana liqueurs, wine",January-December
Sini Kesel,1236,Make organic fertilizers,January-December
Suwandal,2720,Make natural remedies,January-December
Ambul Nadee,2013,Make jam and sugary products to the local market,November-January
Anamalu,3928,"Beverage industry - To make milkshakes,smoothies, fruit juices",January-December
Ambul Nadee,3631,"Skincare industry- Make skincare products ( Lotions, creams and face masks",January-December
Nethra Palam,692,Make banana oils are used in cosmatic industry,January-December
Nethra Palam,1398,Make natural remedies,November-January
Green Banana,3268,Banana chips ( both sweetened and unsweetened),January-December
Suwandal,1231,Make organic fertilizers,January-December
Ambul Kesel,2138,Banana chips ( both sweetened and unsweetened),November-January
Puwalu,691,"Skincare industry- Make skincare products ( Lotions, creams and face masks",January-December
Anamalu,4769,Make innorganic fertilizers,November-January
Anamalu,4619,Make single use plastic alternatives,January-December
Seeni Parakum,723,"Beverage industry - To make milkshakes,smoothies, fruit juices",November-January
Sini Kesel,4175,Food industry-desserts varieties,November-January
Suwandal,2915,make banana silk which is eco friendly and biodegradable,November-January
Puwalu,3518,Make bioplastics,January-December
Puwalu,3317,Banana chips ( both sweetened and unsweetened),November-January
Nethra Palam,4287,Banana candies,November-January
Kolikuttu,725,"Beverage industry - To make milkshakes,smoothies, fruit juices",November-January
Anamalu,3175,Make high quality acid free paper from banana stems and leaves,January-December
Sini Kesel,2055,Make bioplastics,January-December
Green Banana,4636,Make banana oils are used in cosmatic industry,November-January
Anamalu,825,Textile industry- make banana fibers,November-January
Kandula,3396,Make organic fertilizers,January-December
Ambul Kesel,4101,Brewing and distilling industry- Make banana beer,January-December
Kandula,201,make dried and powdered banana peels to use as a supplement in animal feed.,November-January
Kolikuttu,3059,Make jam and sugary products to the local market,November-January
Kolikuttu,2835,Export to USA as fresh banana,January-December
Sini Kesel,2371,Export to USA as fresh banana,January-December
Sini Kesel,4309,Banana candies,January-December
Rath Kesel,774,Give CBL to make Waffers Biscuits,January-December
Ambum,1348,Make tea bags and filters,November-January
Kolikuttu,1331,Make organic fertilizers,January-December
Puwalu,4865,make banana silk which is eco friendly and biodegradable,November-January
Kolikuttu,4544,Make tea bags and filters,November-January
Ambul Kesel,2765,cosmetic industry- Make haircare treatments with banana extracts,November-January
Anamalu,4277,cosmetic industry- Make haircare treatments with banana extracts,January-December
Rath Kesel,4726,"Beverage industry - To make milkshakes,smoothies, fruit juices",January-December
Ambum,2672,make banana silk which is eco friendly and biodegradable,November-January
Ambul Nadee,3525,Make single use plastic alternatives,January-December
Rath Kesel,306,Banana candies,January-December
Anamalu,551,Make natural remedies,January-December
Kolikuttu,4506,Make tea bags and filters,January-December
Ambul Kesel,2173,Banana chips ( both sweetened and unsweetened),January-December
Kandula,1370,make dried and powdered banana peels to use as a supplement in animal feed.,November-January
Nethra Palam,1274,"Beverage industry - To make milkshakes,smoothies, fruit juices",November-January
Ambul Nadee,502,Make high quality acid free paper from banana stems and leaves,January-December
Kolikuttu,1622,Make high quality acid free paper from banana stems and leaves,November-January
Kandula,1654,Make banana oils are used in cosmatic industry,November-January
Ambul Nadee,461,Bakery industry- Banana breads and banana cakes,January-December
Suwandal,2776,Textile industry- make banana fibers,January-December
Kolikuttu,4507,Make jam and sugary products to the local market,January-December
Nethra Palam,4336,Textile industry- make banana fibers,January-December
Sini Kesel,3815,Banana chips ( both sweetened and unsweetened),January-December
Anamalu,3962,cosmetic industry- Make haircare treatments with banana extracts,November-January
Anamalu,3058,Food industry-desserts varieties,November-January
Anamalu,1282,Make single use plastic alternatives,November-January
Ambul Kesel,3586,Banana chocolates and sweets,January-December
Anamalu,4553,make banana silk which is eco friendly and biodegradable,November-January
Kandula,4800,Make innorganic fertilizers,November-January
Puwalu,4231,"Traditional alcoholic beverages- Banana liqueurs, wine",January-December
Seeni Parakum,4571,dehydrated banana chips,January-December
Ambul Kesel,3831,make banana silk which is eco friendly and biodegradable,November-January
Sini Kesel,2196,"Skincare industry- Make skincare products ( Lotions, creams and face masks",January-December
Suwandal,4107,make dried and powdered banana peels to use as a supplement in animal feed.,January-December
Rath Kesel,2427,Make natural remedies,November-January
Ambum,341,"Traditional alcoholic beverages- Banana liqueurs, wine",November-January
Ambul Nadee,524,Make high quality acid free paper from banana stems and leaves,January-December
Suwandal,1552,Make breakfast cereals,November-January
Rath Kesel,1980,Make natural remedies,November-January
Green Banana,4735,Make high quality acid free paper from banana stems and leaves,January-December
Sini Kesel,3495,Brewing and distilling industry- Make banana beer,November-January
Kolikuttu,4156,Make natural remedies,November-January
Kolikuttu,2029,Make banana oils are used in cosmatic industry,November-January
Nethra Palam,222,Banana candies,January-December
Anamalu,393,Make natural remedies,November-January
Anamalu,217,Banana chocolates and sweets,November-January
Kandula,3124,Give CBL to make Waffers Biscuits,November-January
Puwalu,3380,Make jam and sugary products to the local market,November-January
Seeni Parakum,3586,Banana flavored craft beers,November-January
Kolikuttu,4398,dehydrated banana chips,January-December
Anamalu,443,Export to USA as fresh banana,January-December
Ambul Nadee,1761,Make natural remedies,November-January
Kandula,1424,Make bioplastics,November-January
Nethra Palam,1280,Give CBL to make Waffers Biscuits,January-December
Anamalu,1338,make banana silk which is eco friendly and biodegradable,January-December
Green Banana,1908,Brewing and distilling industry- Make banana beer,November-January
Ambul Nadee,4195,Make high quality acid free paper from banana stems and leaves,January-December
Nethra Palam,1545,"Skincare industry- Make skincare products ( Lotions, creams and face masks",January-December
Anamalu,3387,Banana candies,January-December
Ambum,1773,Make flavors- Banana flavorings and extracts to make flavored syrups and drinks,January-December
Anamalu,1550,Make banana oils are used in cosmatic industry,November-January
Suwandal,2882,dehydrated banana chips,January-December
Sini Kesel,3841,dehydrated banana chips,November-January
Kandula,4322,make dried and powdered banana peels to use as a supplement in animal feed.,January-December
Ambul Nadee,4521,make banana silk which is eco friendly and biodegradable,January-December
Ambum,174,Give CBL to make Waffers Biscuits,November-January
Rath Kesel,1156,make banana silk which is eco friendly and biodegradable,January-December
Kandula,2319,Bakery industry- Banana breads and banana cakes,January-December
Puwalu,518,make dried and powdered banana peels to use as a supplement in animal feed.,November-January
Sini Kesel,3135,Bakery industry- Banana breads and banana cakes,January-December
Ambul Kesel,300,Make organic fertilizers,January-December
Rath Kesel,3358,Make tea bags and filters,January-December
Sini Kesel,98,cosmetic industry- Make haircare treatments with banana extracts,January-December
Kolikuttu,3718,Export to USA as fresh banana,January-December
Sini Kesel,4446,Banana chips ( both sweetened and unsweetened),January-December
Rath Kesel,2650,Make banana oils are used in cosmatic industry,November-January
Seeni Parakum,4812,make banana silk which is eco friendly and biodegradable,November-January
Kolikuttu,1755,Make high quality acid free paper from banana stems and leaves,January-December
Green Banana,3659,Make high quality acid free paper from banana stems and leaves,November-January
Ambum,130,make dried and powdered banana peels to use as a supplement in animal feed.,November-January
Ambul Kesel,4128,Food industry-desserts varieties,January-December
Ambum,4472,Banana flavored craft beers,November-January
Rath Kesel,2959,Banana chocolates and sweets,November-January
Green Banana,1132,Textile industry- make banana fibers,January-December
Anamalu,3550,Banana flavored craft beers,January-December
Puwalu,4276,Make tea bags and filters,January-December
Suwandal,945,"Beverage industry - To make milkshakes,smoothies, fruit juices",January-December
Anamalu,4781,dehydrated banana chips,November-January
Puwalu,3137,Make high quality acid free paper from banana stems and leaves,November-January
Seeni Parakum,4411,"Traditional alcoholic beverages- Banana liqueurs, wine",November-January
Ambum,305,"Beverage industry - To make milkshakes,smoothies, fruit juices",November-January
Puwalu,383,Make breakfast cereals,January-December
Suwandal,4082,Give CBL to make Waffers Biscuits,January-December
Kolikuttu,1830,Textile industry- make banana fibers,November-January
Ambul Kesel,452,Give CBL to make Waffers Biscuits,November-January
Anamalu,326,Textile industry- make banana fibers,January-December
Nethra Palam,2268,Make bioplastics,January-December
Nethra Palam,1379,Make innorganic fertilizers,January-December
Puwalu,393,Bakery industry- Banana breads and banana cakes,January-December
Sini Kesel,3783,Bakery industry- Banana breads and banana cakes,January-December
Kandula,894,Make jam and sugary products to the local market,November-January
Kandula,1209,Make flavors- Banana flavorings and extracts to make flavored syrups and drinks,November-January
Puwalu,3737,Make high quality acid free paper from banana stems and leaves,January-December
Ambum,2290,Make natural remedies,January-December
Kolikuttu,2499,"Traditional alcoholic beverages- Banana liqueurs, wine",November-January
Nethra Palam,1864,make banana silk which is eco friendly and biodegradable,January-December
Green Banana,1647,make dried and powdered banana peels to use as a supplement in animal feed.,January-December
Green Banana,2353,Make tea bags and filters,January-December
Kolikuttu,4942,"Skincare industry- Make skincare products ( Lotions, creams and face masks",November-January
Anamalu,3754,make banana silk which is eco friendly and biodegradable,November-January
Ambul Nadee,174,"Traditional alcoholic beverages- Banana liqueurs, wine",January-December
Sini Kesel,4358,Bakery industry- Banana breads and banana cakes,January-December
Anamalu,3723,Make banana oils are used in cosmatic industry,November-January
Puwalu,3011,Bakery industry- Banana breads and banana cakes,November-January
Ambul Nadee,3383,Make bioplastics,November-January
Anamalu,1224,Make tea bags and filters,November-January
Green Banana,3963,Brewing and distilling industry- Make banana beer,January-December
Suwandal,3377,Make jam and sugary products to the local market,November-January
Nethra Palam,678,Banana chocolates and sweets,November-January
Ambul Kesel,961,Make breakfast cereals,January-December
Ambul Nadee,681,Make jam and sugary products to the local market,January-December
Nethra Palam,1146,Food industry-desserts varieties,November-January
Suwandal,1411,Make breakfast cereals,November-January
Kandula,3442,cosmetic industry- Make haircare treatments with banana extracts,January-December
Green Banana,196,Banana flavored craft beers,November-January
Ambul Nadee,4136,Brewing and distilling industry- Make banana beer,November-January
Puwalu,4559,Make flavors- Banana flavorings and extracts to make flavored syrups and drinks,November-January
Suwandal,3032,Make flavors- Banana flavorings and extracts to make flavored syrups and drinks,November-January
Ambum,1510,Food industry-desserts varieties,January-December
Sini Kesel,2193,Make natural remedies,November-January
Seeni Parakum,1611,Make natural remedies,January-December
Ambum,4095,dehydrated banana chips,November-January
Puwalu,3294,Banana candies,November-January
Suwandal,763,Make bioplastics,November-January
Kandula,3588,"Traditional alcoholic beverages- Banana liqueurs, wine",November-January
Ambul Nadee,3302,Make breakfast cereals,January-December
Sini Kesel,1760,Make high quality acid free paper from banana stems and leaves,November-January
Ambul Nadee,1654,make dried and powdered banana peels to use as a supplement in animal feed.,November-January
Ambul Kesel,1044,cosmetic industry- Make haircare treatments with banana extracts,January-December
Kolikuttu,712,"Skincare industry- Make skincare products ( Lotions, creams and face masks",November-January
Puwalu,2640,Make organic fertilizers,November-January
Green Banana,3148,"Beverage industry - To make milkshakes,smoothies, fruit juices",January-December
Seeni Parakum,2959,Make tea bags and filters,November-January
Ambul Kesel,4441,Make breakfast cereals,November-January
Ambum,243,cosmetic industry- Make haircare treatments with banana extracts,November-January
Kolikuttu,829,Make single use plastic alternatives,January-December
Seeni Parakum,2365,Textile industry- make banana fibers,January-December
Green Banana,3943,make banana silk which is eco friendly and biodegradable,January-December
Seeni Parakum,1388,Make bioplastics,January-December
Green Banana,2393,Brewing and distilling industry- Make banana beer,January-December
Sini Kesel,2998,Banana chips ( both sweetened and unsweetened),January-December
Ambum,2821,Make natural remedies,January-December
Suwandal,1472,"Beverage industry - To make milkshakes,smoothies, fruit juices",November-January
Sini Kesel,3788,Banana flavored craft beers,November-January
Rath Kesel,443,"Pharmaceutical industry- Make antioxidants,vitamins by exploring bioactive compound ",November-January
Nethra Palam,2788,Textile industry- make banana fibers,January-December
Sini Kesel,2587,Banana candies,November-January
Nethra Palam,3083,Make high quality acid free paper from banana stems and leaves,November-January
Kandula,4057,Make innorganic fertilizers,November-January
Kandula,991,dehydrated banana chips,November-January
Ambum,3017,Food industry-desserts varieties,November-January
Ambum,747,"Beverage industry - To make milkshakes,smoothies, fruit juices",January-December
Ambul Nadee,2469,Banana chocolates and sweets,January-December
Suwandal,1002,Make banana oils are used in cosmatic industry,January-December
Nethra Palam,2392,Make bioplastics,January-December
Kandula,1868,"Beverage industry - To make milkshakes,smoothies, fruit juices",January-December
Green Banana,988,Make banana oils are used in cosmatic industry,January-December
Rath Kesel,201,"Pharmaceutical industry- Make antioxidants,vitamins by exploring bioactive compound ",November-January
Ambul Nadee,1428,Make high quality acid free paper from banana stems and leaves,November-January
Puwalu,1257,Food industry-desserts varieties,November-January
Green Banana,1182,Bakery industry- Banana breads and banana cakes,November-January
Nethra Palam,564,Make bioplastics,November-January
Sini Kesel,1467,Banana chocolates and sweets,January-December
Kolikuttu,1457,Brewing and distilling industry- Make banana beer,November-January
Sini Kesel,223,Banana chips ( both sweetened and unsweetened),November-January
Ambul Nadee,276,Make breakfast cereals,November-January
Kandula,4616,"Pharmaceutical industry- Make antioxidants,vitamins by exploring bioactive compound ",January-December
Seeni Parakum,3495,Food industry-desserts varieties,January-December
Suwandal,4396,Make banana oils are used in cosmatic industry,November-January
Puwalu,3579,Export to USA as fresh banana,January-December
Seeni Parakum,3741,Make single use plastic alternatives,January-December
Anamalu,1966,"Beverage industry - To make milkshakes,smoothies, fruit juices",November-January
Sini Kesel,944,Make breakfast cereals,January-December
Rath Kesel,2324,Make innorganic fertilizers,January-December
Rath Kesel,3064,Make single use plastic alternatives,January-December
Anamalu,3381,Make innorganic fertilizers,January-December
Sini Kesel,4471,Make single use plastic alternatives,November-January
Kolikuttu,3110,Make organic fertilizers,January-December
Green Banana,3348,Textile industry- make banana fibers,January-December
Rath Kesel,2450,Make bioplastics,January-December
Ambul Kesel,3808,Make natural remedies,November-January
Ambul Kesel,1557,Brewing and distilling industry- Make banana beer,January-December
Ambul Kesel,3373,Make flavors- Banana flavorings and extracts to make flavored syrups and drinks,January-December
Seeni Parakum,4402,Banana chips ( both sweetened and unsweetened),January-December
Nethra Palam,602,Make natural remedies,January-December
Green Banana,4872,Brewing and distilling industry- Make banana beer,January-December
Anamalu,2279,Give CBL to make Waffers Biscuits,November-January
Kandula,839,"Pharmaceutical industry- Make antioxidants,vitamins by exploring bioactive compound ",January-December
Ambul Nadee,4707,Make natural remedies,November-January
Suwandal,2366,Make bioplastics,January-December
Puwalu,4701,Make natural remedies,January-December
Nethra Palam,2532,"Pharmaceutical industry- Make antioxidants,vitamins by exploring bioactive compound ",January-December
Ambul Kesel,4976,Make single use plastic alternatives,January-December
Nethra Palam,913,Export to USA as fresh banana,January-December
Ambum,2696,Make tea bags and filters,January-December
Seeni Parakum,4176,Make innorganic fertilizers,November-January
Kolikuttu,2379,Brewing and distilling industry- Make banana beer,January-December
Ambul Nadee,3073,Make flavors- Banana flavorings and extracts to make flavored syrups and drinks,January-December
Ambul Nadee,216,dehydrated banana chips,January-December
Rath Kesel,2766,dehydrated banana chips,January-December
Puwalu,3940,"Pharmaceutical industry- Make antioxidants,vitamins by exploring bioactive compound ",November-January
Anamalu,1382,Food industry-desserts varieties,November-January
Puwalu,1632,Make high quality acid free paper from banana stems and leaves,January-December
Kolikuttu,1917,"Pharmaceutical industry- Make antioxidants,vitamins by exploring bioactive compound ",January-December
Nethra Palam,127,Food industry-desserts varieties,January-December
Suwandal,4493,Export to USA as fresh banana,January-December
Green Banana,600,Make tea bags and filters,January-December
Kolikuttu,555,Make innorganic fertilizers,November-January
Ambul Kesel,3726,"Beverage industry - To make milkshakes,smoothies, fruit juices",January-December
Puwalu,198,Make single use plastic alternatives,November-January
Ambul Nadee,3341,Make single use plastic alternatives,November-January
Anamalu,3374,Make breakfast cereals,November-January
Suwandal,76,Banana candies,November-January
Green Banana,691,Make single use plastic alternatives,January-December
Rath Kesel,294,Banana chocolates and sweets,November-January
Ambul Nadee,371,"Beverage industry - To make milkshakes,smoothies, fruit juices",January-December
Ambul Kesel,2336,Banana chocolates and sweets,January-December
Ambul Kesel,809,dehydrated banana chips,November-January
Anamalu,701,Textile industry- make banana fibers,January-December
Suwandal,2507,Bakery industry- Banana breads and banana cakes,November-January
Seeni Parakum,4973,Textile industry- make banana fibers,January-December
Anamalu,1765,Bakery industry- Banana breads and banana cakes,November-January
Suwandal,873,make banana silk which is eco friendly and biodegradable,November-January
Nethra Palam,1767,Banana candies,January-December
Rath Kesel,3582,Make high quality acid free paper from banana stems and leaves,November-January
Ambum,4519,Banana chips ( both sweetened and unsweetened),January-December
Green Banana,3193,Make natural remedies,January-December
Puwalu,4505,Make natural remedies,November-January
Ambum,1033,Food industry-desserts varieties,January-December
Suwandal,96,Make innorganic fertilizers,November-January
Kolikuttu,4987,Make single use plastic alternatives,January-December
Kandula,4532,Make tea bags and filters,January-December
Anamalu,3077,Export to USA as fresh banana,November-January
Suwandal,1149,make banana silk which is eco friendly and biodegradable,January-December
Puwalu,1767,"Beverage industry - To make milkshakes,smoothies, fruit juices",November-January
Ambul Kesel,4616,Make banana oils are used in cosmatic industry,November-January
Nethra Palam,1073,dehydrated banana chips,January-December
Ambul Kesel,2626,Make natural remedies,November-January
Green Banana,1621,make dried and powdered banana peels to use as a supplement in animal feed.,January-December
Rath Kesel,2127,Make breakfast cereals,November-January
Nethra Palam,539,make banana silk which is eco friendly and biodegradable,January-December
Puwalu,3380,"Traditional alcoholic beverages- Banana liqueurs, wine",November-January
Kolikuttu,1562,"Traditional alcoholic beverages- Banana liqueurs, wine",January-December
Green Banana,1945,dehydrated banana chips,November-January
Kandula,2076,Make innorganic fertilizers,November-January
Green Banana,818,Make banana oils are used in cosmatic industry,January-December
Seeni Parakum,3057,Make banana oils are used in cosmatic industry,January-December
Ambul Nadee,3466,make banana silk which is eco friendly and biodegradable,November-January
Nethra Palam,1083,make banana silk which is eco friendly and biodegradable,November-January
Nethra Palam,2669,Give CBL to make Waffers Biscuits,November-January
Rath Kesel,4053,Make innorganic fertilizers,January-December
Green Banana,3950,make banana silk which is eco friendly and biodegradable,January-December
Suwandal,4022,Banana flavored craft beers,November-January
Ambul Nadee,4582,Banana flavored craft beers,November-January
Ambul Kesel,4254,Make jam and sugary products to the local market,November-January
Puwalu,4131,Make natural remedies,January-December
Ambul Nadee,2080,dehydrated banana chips,January-December
Suwandal,4796,"Traditional alcoholic beverages- Banana liqueurs, wine",November-January
Kandula,900,Make flavors- Banana flavorings and extracts to make flavored syrups and drinks,November-January
Ambul Kesel,4037,"Pharmaceutical industry- Make antioxidants,vitamins by exploring bioactive compound ",January-December
Ambum,677,Make jam and sugary products to the local market,January-December
Sini Kesel,256,Make jam and sugary products to the local market,January-December
Ambul Kesel,4632,Textile industry- make banana fibers,January-December
Nethra Palam,3561,Make banana oils are used in cosmatic industry,November-January
Ambum,217,Banana chips ( both sweetened and unsweetened),January-December
Nethra Palam,568,"Pharmaceutical industry- Make antioxidants,vitamins by exploring bioactive compound ",January-December
Anamalu,2862,Make bioplastics,November-January
Ambul Kesel,715,Make innorganic fertilizers,January-December
Ambul Kesel,3128,make banana silk which is eco friendly and biodegradable,November-January
Ambul Nadee,1687,Make high quality acid free paper from banana stems and leaves,November-January
Anamalu,2109,Make bioplastics,November-January
Ambul Nadee,2631,Food industry-desserts varieties,November-January
Ambul Nadee,4721,Brewing and distilling industry- Make banana beer,January-December
Ambul Kesel,4257,Give CBL to make Waffers Biscuits,November-January
Sini Kesel,3636,cosmetic industry- Make haircare treatments with banana extracts,January-December
Anamalu,1823,Banana chocolates and sweets,November-January
Puwalu,4686,"Pharmaceutical industry- Make antioxidants,vitamins by exploring bioactive compound ",January-December
Nethra Palam,3089,Make jam and sugary products to the local market,January-December
Sini Kesel,4551,Make innorganic fertilizers,January-December
Sini Kesel,3746,Brewing and distilling industry- Make banana beer,January-December
Nethra Palam,426,cosmetic industry- Make haircare treatments with banana extracts,November-January
Ambum,2351,Brewing and distilling industry- Make banana beer,November-January
Kolikuttu,4931,Make innorganic fertilizers,November-January
Ambum,3485,cosmetic industry- Make haircare treatments with banana extracts,January-December
Sini Kesel,4511,Make innorganic fertilizers,January-December
Suwandal,516,Make bioplastics,November-January
Green Banana,375,make dried and powdered banana peels to use as a supplement in animal feed.,November-January
Nethra Palam,833,Make banana oils are used in cosmatic industry,January-December
Sini Kesel,4880,Make high quality acid free paper from banana stems and leaves,January-December
Ambul Kesel,3507,Make jam and sugary products to the local market,November-January
Kolikuttu,3396,Make jam and sugary products to the local market,January-December
Green Banana,651,Make organic fertilizers,January-December
Kolikuttu,2790,Food industry-desserts varieties,January-December
Nethra Palam,525,"Beverage industry - To make milkshakes,smoothies, fruit juices",January-December
Anamalu,2851,Make flavors- Banana flavorings and extracts to make flavored syrups and drinks,November-January
Ambul Kesel,2586,Make flavors- Banana flavorings and extracts to make flavored syrups and drinks,January-December
Nethra Palam,3780,Make banana oils are used in cosmatic industry,January-December
Rath Kesel,4878,Banana chips ( both sweetened and unsweetened),November-January
Ambul Nadee,2626,dehydrated banana chips,November-January
Seeni Parakum,3449,Give CBL to make Waffers Biscuits,November-January
Kolikuttu,1788,Brewing and distilling industry- Make banana beer,November-January
Kolikuttu,978,make dried and powdered banana peels to use as a supplement in animal feed.,November-January
Sini Kesel,3332,"Skincare industry- Make skincare products ( Lotions, creams and face masks",January-December
Kolikuttu,1119,Make jam and sugary products to the local market,January-December
Seeni Parakum,1445,Make natural remedies,November-January
Ambul Kesel,3619,Make jam and sugary products to the local market,November-January
Ambul Nadee,1997,Bakery industry- Banana breads and banana cakes,November-January
Ambul Kesel,4835,Make bioplastics,January-December
Kolikuttu,3810,Make single use plastic alternatives,January-December
Ambum,1513,Make bioplastics,January-December
Ambul Nadee,201,Make bioplastics,January-December
Rath Kesel,3941,"Beverage industry - To make milkshakes,smoothies, fruit juices",January-December
Rath Kesel,3399,Make tea bags and filters,January-December
Puwalu,1646,Banana candies,January-December
Ambul Nadee,2179,"Traditional alcoholic beverages- Banana liqueurs, wine",November-January
Nethra Palam,2538,Food industry-desserts varieties,November-January
Kolikuttu,1215,Make bioplastics,January-December
Nethra Palam,3188,"Skincare industry- Make skincare products ( Lotions, creams and face masks",January-December
Kandula,3604,"Skincare industry- Make skincare products ( Lotions, creams and face masks",November-January
Puwalu,4158,Make tea bags and filters,January-December
Kolikuttu,3666,Banana candies,November-January
Green Banana,4920,cosmetic industry- Make haircare treatments with banana extracts,November-January
Ambul Nadee,2050,Make high quality acid free paper from banana stems and leaves,November-January
Ambul Nadee,3058,Make jam and sugary products to the local market,January-December
Ambul Kesel,4402,make dried and powdered banana peels to use as a supplement in animal feed.,January-December
Sini Kesel,762,Food industry-desserts varieties,January-December
Green Banana,3365,Banana candies,January-December
Green Banana,3564,make dried and powdered banana peels to use as a supplement in animal feed.,November-January
Kandula,3162,Make banana oils are used in cosmatic industry,January-December
Nethra Palam,2862,Make bioplastics,November-January
Suwandal,2209,make banana silk which is eco friendly and biodegradable,November-January
Kandula,4662,Banana flavored craft beers,November-January
Green Banana,2287,"Beverage industry - To make milkshakes,smoothies, fruit juices",November-January
Ambul Nadee,2500,dehydrated banana chips,January-December
Seeni Parakum,4300,"Skincare industry- Make skincare products ( Lotions, creams and face masks",January-December
Rath Kesel,1968,"Pharmaceutical industry- Make antioxidants,vitamins by exploring bioactive compound ",January-December
Puwalu,2858,Banana candies,January-December
Suwandal,4649,Textile industry- make banana fibers,January-December
Ambul Kesel,1556,Give CBL to make Waffers Biscuits,November-January
Puwalu,2227,"Pharmaceutical industry- Make antioxidants,vitamins by exploring bioactive compound ",November-January
Ambum,1337,dehydrated banana chips,November-January
Nethra Palam,2998,make banana silk which is eco friendly and biodegradable,January-December
Suwandal,4981,"Beverage industry - To make milkshakes,smoothies, fruit juices",November-January
Anamalu,308,"Traditional alcoholic beverages- Banana liqueurs, wine",January-December
Ambum,944,Banana chocolates and sweets,November-January
Anamalu,3465,Make organic fertilizers,January-December
Kandula,3135,Make natural remedies,November-January
Suwandal,2032,Make single use plastic alternatives,January-December
Puwalu,4670,Brewing and distilling industry- Make banana beer,November-January
Nethra Palam,1028,Banana chips ( both sweetened and unsweetened),January-December
Seeni Parakum,4601,Make organic fertilizers,November-January
Rath Kesel,3864,Make natural remedies,November-January
Suwandal,308,Banana candies,January-December
Suwandal,3291,Make banana oils are used in cosmatic industry,November-January
Sini Kesel,2815,dehydrated banana chips,November-January
Nethra Palam,967,Textile industry- make banana fibers,January-December
Ambul Kesel,4185,Banana candies,January-December
Ambul Nadee,1158,Make natural remedies,January-December
Kolikuttu,3067,"Skincare industry- Make skincare products ( Lotions, creams and face masks",November-January
Kandula,4289,cosmetic industry- Make haircare treatments with banana extracts,November-January
Seeni Parakum,2844,Make banana oils are used in cosmatic industry,January-December
Ambul Nadee,3215,"Pharmaceutical industry- Make antioxidants,vitamins by exploring bioactive compound ",November-January
Seeni Parakum,1820,Make natural remedies,November-January
Ambul Nadee,151,Bakery industry- Banana breads and banana cakes,January-December
Anamalu,4467,cosmetic industry- Make haircare treatments with banana extracts,November-January
Green Banana,4946,Banana chips ( both sweetened and unsweetened),January-December
Kandula,3448,Banana chips ( both sweetened and unsweetened),November-January
Ambul Kesel,2700,Make bioplastics,January-December
Ambum,4006,Make jam and sugary products to the local market,November-January
Anamalu,4670,"Skincare industry- Make skincare products ( Lotions, creams and face masks",November-January
Green Banana,4320,Make single use plastic alternatives,January-December
Sini Kesel,2184,Make innorganic fertilizers,November-January
Ambum,4370,Make flavors- Banana flavorings and extracts to make flavored syrups and drinks,November-January
Seeni Parakum,1421,"Skincare industry- Make skincare products ( Lotions, creams and face masks",January-December
Puwalu,4790,cosmetic industry- Make haircare treatments with banana extracts,November-January
Kandula,1299,Export to USA as fresh banana,November-January
Kandula,3449,Textile industry- make banana fibers,November-January
Ambul Nadee,275,cosmetic industry- Make haircare treatments with banana extracts,November-January
Ambum,4438,Make bioplastics,November-January
Rath Kesel,4446,Make high quality acid free paper from banana stems and leaves,November-January
Nethra Palam,4938,Make high quality acid free paper from banana stems and leaves,January-December
Puwalu,903,Make natural remedies,November-January
Ambum,1262,Make tea bags and filters,January-December
Green Banana,3239,Make single use plastic alternatives,November-January
Ambul Kesel,98,Make high quality acid free paper from banana stems and leaves,January-December
Ambum,4118,Make bioplastics,November-January
Kandula,578,Make high quality acid free paper from banana stems and leaves,November-January
Seeni Parakum,918,Banana candies,January-December
Anamalu,50,Bakery industry- Banana breads and banana cakes,January-December
Anamalu,1779,Brewing and distilling industry- Make banana beer,November-January
Kandula,2004,Give CBL to make Waffers Biscuits,January-December
Kolikuttu,3480,make banana silk which is eco friendly and biodegradable,January-December
Kolikuttu,199,make dried and powdered banana peels to use as a supplement in animal feed.,January-December
Puwalu,2503,Make breakfast cereals,January-December
Ambul Nadee,1287,cosmetic industry- Make haircare treatments with banana extracts,November-January
Rath Kesel,4748,make dried and powdered banana peels to use as a supplement in animal feed.,November-January
Seeni Parakum,1343,Make flavors- Banana flavorings and extracts to make flavored syrups and drinks,January-December
Kolikuttu,2975,make banana silk which is eco friendly and biodegradable,January-December
Ambul Kesel,162,Bakery industry- Banana breads and banana cakes,November-January
Seeni Parakum,592,Bakery industry- Banana breads and banana cakes,January-December
Puwalu,2097,Give CBL to make Waffers Biscuits,November-January
Sini Kesel,4392,Bakery industry- Banana breads and banana cakes,January-December
Anamalu,2947,Make bioplastics,January-December
Suwandal,3022,"Beverage industry - To make milkshakes,smoothies, fruit juices",January-December
Ambum,1957,Make natural remedies,January-December
Ambum,1728,make banana silk which is eco friendly and biodegradable,November-January
Ambul Kesel,2030,Make bioplastics,January-December
Seeni Parakum,1242,Make innorganic fertilizers,January-December
Suwandal,3999,Banana chocolates and sweets,January-December
Ambul Nadee,931,Make breakfast cereals,November-January
Nethra Palam,1082,Food industry-desserts varieties,January-December
Ambum,4827,Food industry-desserts varieties,January-December
Nethra Palam,3177,Make bioplastics,January-December
Suwandal,3926,Make natural remedies,January-December
Ambul Nadee,2323,Banana chips ( both sweetened and unsweetened),November-January
Ambum,3208,Export to USA as fresh banana,January-December
Green Banana,2512,"Skincare industry- Make skincare products ( Lotions, creams and face masks",November-January
Kolikuttu,2818,Banana chocolates and sweets,November-January
Kolikuttu,3280,dehydrated banana chips,January-December
Ambum,197,Make banana oils are used in cosmatic industry,November-January
Rath Kesel,2113,Make breakfast cereals,November-January
Puwalu,4055,Textile industry- make banana fibers,January-December
Rath Kesel,242,Textile industry- make banana fibers,January-December
Sini Kesel,4475,Food industry-desserts varieties,November-January
Green Banana,2034,Textile industry- make banana fibers,January-December
Puwalu,136,make dried and powdered banana peels to use as a supplement in animal feed.,November-January
Ambum,4671,Banana flavored craft beers,November-January
Sini Kesel,2985,"Beverage industry - To make milkshakes,smoothies, fruit juices",January-December
Kandula,2505,"Beverage industry - To make milkshakes,smoothies, fruit juices",January-December
Ambum,710,Give CBL to make Waffers Biscuits,November-January
Puwalu,2758,Make jam and sugary products to the local market,January-December
Seeni Parakum,3116,"Beverage industry - To make milkshakes,smoothies, fruit juices",November-January
Seeni Parakum,1515,Make natural remedies,November-January
Rath Kesel,1001,Make flavors- Banana flavorings and extracts to make flavored syrups and drinks,January-December
Ambul Kesel,2786,Make banana oils are used in cosmatic industry,November-January
Nethra Palam,4774,Give CBL to make Waffers Biscuits,November-January
Suwandal,4892,Textile industry- make banana fibers,November-January
Ambul Nadee,3395,Banana chips ( both sweetened and unsweetened),January-December
Puwalu,3830,Bakery industry- Banana breads and banana cakes,November-January
Seeni Parakum,559,make banana silk which is eco friendly and biodegradable,January-December
Puwalu,2299,cosmetic industry- Make haircare treatments with banana extracts,November-January
Ambum,4854,Banana chocolates and sweets,November-January
Seeni Parakum,2750,Make natural remedies,November-January
Ambum,262,Banana candies,November-January
Ambum,4212,Textile industry- make banana fibers,January-December
Puwalu,3737,Food industry-desserts varieties,November-January
Nethra Palam,3259,Make natural remedies,January-December
Nethra Palam,3612,Make breakfast cereals,November-January
Seeni Parakum,4310,cosmetic industry- Make haircare treatments with banana extracts,November-January
Rath Kesel,3442,Make single use plastic alternatives,November-January
Green Banana,2011,make banana silk which is eco friendly and biodegradable,January-December
Ambum,4699,make banana silk which is eco friendly and biodegradable,January-December
Kandula,4259,cosmetic industry- Make haircare treatments with banana extracts,January-December
Ambul Nadee,3004,"Pharmaceutical industry- Make antioxidants,vitamins by exploring bioactive compound ",November-January
Puwalu,858,Make bioplastics,January-December
Puwalu,955,Make bioplastics,November-January
Kandula,4878,make banana silk which is eco friendly and biodegradable,January-December
Green Banana,3460,Export to USA as fresh banana,January-December
Green Banana,1266,Make bioplastics,January-December
Suwandal,2002,Brewing and distilling industry- Make banana beer,January-December
Suwandal,2608,Banana candies,January-December
Anamalu,3711,Make single use plastic alternatives,January-December
Ambum,2524,make dried and powdered banana peels to use as a supplement in animal feed.,January-December
Rath Kesel,4899,Make innorganic fertilizers,January-December
Kolikuttu,3267,Give CBL to make Waffers Biscuits,January-December
Green Banana,3908,Banana flavored craft beers,January-December
Suwandal,763,"Pharmaceutical industry- Make antioxidants,vitamins by exploring bioactive compound ",November-January
Seeni Parakum,1657,Make flavors- Banana flavorings and extracts to make flavored syrups and drinks,January-December
Ambum,1048,make banana silk which is eco friendly and biodegradable,January-December
Ambul Nadee,2591,Make single use plastic alternatives,January-December
Kandula,1342,Make flavors- Banana flavorings and extracts to make flavored syrups and drinks,January-December
Ambum,1059,"Pharmaceutical industry- Make antioxidants,vitamins by exploring bioactive compound ",November-January
Green Banana,1379,"Skincare industry- Make skincare products ( Lotions, creams and face masks",January-December
Anamalu,1722,Banana chips ( both sweetened and unsweetened),November-January
Nethra Palam,4298,make banana silk which is eco friendly and biodegradable,January-December
Green Banana,1371,Make banana oils are used in cosmatic industry,January-December
Puwalu,2045,Make tea bags and filters,November-January
Puwalu,2235,Make jam and sugary products to the local market,November-January
Nethra Palam,3964,Give CBL to make Waffers Biscuits,November-January
Seeni Parakum,4737,Food industry-desserts varieties,November-January
Green Banana,1333,"Beverage industry - To make milkshakes,smoothies, fruit juices",January-December
Rath Kesel,4538,Export to USA as fresh banana,November-January
Nethra Palam,4745,Banana chocolates and sweets,January-December
Sini Kesel,2247,Banana chips ( both sweetened and unsweetened),November-January
Ambul Kesel,210,Export to USA as fresh banana,November-January
Anamalu,4682,Make high quality acid free paper from banana stems and leaves,January-December
Nethra Palam,177,Banana candies,November-January
Suwandal,3182,dehydrated banana chips,November-January
Sini Kesel,2852,Make jam and sugary products to the local market,January-December
Green Banana,3996,Textile industry- make banana fibers,January-December
Seeni Parakum,3234,dehydrated banana chips,November-January
Sini Kesel,939,Make banana oils are used in cosmatic industry,January-December
Puwalu,3137,Make single use plastic alternatives,January-December
Nethra Palam,4510,Textile industry- make banana fibers,January-December
Ambul Kesel,1484,make dried and powdered banana peels to use as a supplement in animal feed.,January-December
Kolikuttu,3098,"Beverage industry - To make milkshakes,smoothies, fruit juices",November-January
Puwalu,1262,Textile industry- make banana fibers,January-December
Seeni Parakum,4470,"Pharmaceutical industry- Make antioxidants,vitamins by exploring bioactive compound ",November-January
Sini Kesel,4013,Export to USA as fresh banana,January-December
Nethra Palam,4519,Banana candies,November-January
Seeni Parakum,3532,Make jam and sugary products to the local market,November-January
Kandula,1224,Export to USA as fresh banana,January-December
Puwalu,3127,Make high quality acid free paper from banana stems and leaves,November-January
Rath Kesel,1665,"Traditional alcoholic beverages- Banana liqueurs, wine",January-December
Suwandal,4835,Banana chips ( both sweetened and unsweetened),January-December
Kandula,3328,Banana chocolates and sweets,January-December
Kolikuttu,890,Banana candies,January-December
Sini Kesel,4410,make banana silk which is eco friendly and biodegradable,January-December
Nethra Palam,1599,Give CBL to make Waffers Biscuits,January-December
Nethra Palam,2058,Make breakfast cereals,November-January
Ambul Nadee,1669,Banana candies,January-December
Green Banana,1913,Make single use plastic alternatives,November-January
Ambul Kesel,2127,Export to USA as fresh banana,January-December
Ambul Nadee,1691,Make single use plastic alternatives,November-January
Seeni Parakum,2746,"Beverage industry - To make milkshakes,smoothies, fruit juices",January-December
Rath Kesel,3867,Make single use plastic alternatives,January-December
Seeni Parakum,2900,Banana flavored craft beers,November-January
Nethra Palam,2364,Banana chips ( both sweetened and unsweetened),January-December
Ambul Kesel,253,Give CBL to make Waffers Biscuits,January-December
Sini Kesel,2623,"Skincare industry- Make skincare products ( Lotions, creams and face masks",November-January
Ambul Kesel,991,"Beverage industry - To make milkshakes,smoothies, fruit juices",November-January
Suwandal,2988,Food industry-desserts varieties,November-January
Sini Kesel,293,cosmetic industry- Make haircare treatments with banana extracts,November-January
Nethra Palam,925,Banana flavored craft beers,January-December
Kandula,3494,Make jam and sugary products to the local market,January-December
Kolikuttu,707,Make natural remedies,November-January
Nethra Palam,202,Make flavors- Banana flavorings and extracts to make flavored syrups and drinks,January-December
Ambul Kesel,2788,cosmetic industry- Make haircare treatments with banana extracts,January-December
Puwalu,4435,Make high quality acid free paper from banana stems and leaves,January-December
Sini Kesel,1612,Make banana oils are used in cosmatic industry,November-January
Seeni Parakum,1458,Make tea bags and filters,November-January
Anamalu,2310,Textile industry- make banana fibers,January-December
Nethra Palam,4869,make banana silk which is eco friendly and biodegradable,November-January
Kolikuttu,361,Make tea bags and filters,November-January
Ambul Kesel,1785,Export to USA as fresh banana,November-January
Kandula,1152,Make innorganic fertilizers,January-December
Suwandal,4388,"Beverage industry - To make milkshakes,smoothies, fruit juices",November-January
Suwandal,4186,Make flavors- Banana flavorings and extracts to make flavored syrups and drinks,January-December
Nethra Palam,3379,"Beverage industry - To make milkshakes,smoothies, fruit juices",November-January
Sini Kesel,300,Banana chocolates and sweets,November-January
Anamalu,1151,Make high quality acid free paper from banana stems and leaves,January-December
Nethra Palam,2507,Make tea bags and filters,November-January
Kolikuttu,4044,Make breakfast cereals,November-January
Ambum,1244,Banana flavored craft beers,November-January
Kolikuttu,3956,"Skincare industry- Make skincare products ( Lotions, creams and face masks",November-January
Kolikuttu,2705,dehydrated banana chips,January-December
Ambum,1299,Brewing and distilling industry- Make banana beer,November-January
Ambul Kesel,156,"Skincare industry- Make skincare products ( Lotions, creams and face masks",January-December
Kandula,120,Make innorganic fertilizers,November-January
Kandula,3042,Banana chips ( both sweetened and unsweetened),January-December
Puwalu,2135,Export to USA as fresh banana,January-December
Kandula,2916,make dried and powdered banana peels to use as a supplement in animal feed.,January-December
Green Banana,950,Banana flavored craft beers,January-December
Kandula,1584,Bakery industry- Banana breads and banana cakes,November-January
Kolikuttu,3224,Make jam and sugary products to the local market,January-December
Green Banana,3364,Textile industry- make banana fibers,January-December
Rath Kesel,792,dehydrated banana chips,January-December
Green Banana,3006,"Beverage industry - To make milkshakes,smoothies, fruit juices",November-January
Suwandal,2155,Food industry-desserts varieties,November-January
Nethra Palam,4085,dehydrated banana chips,November-January
Ambul Nadee,1419,Banana chips ( both sweetened and unsweetened),November-January
Sini Kesel,3375,Make tea bags and filters,November-January
Kandula,1107,Bakery industry- Banana breads and banana cakes,November-January
Sini Kesel,245,"Pharmaceutical industry- Make antioxidants,vitamins by exploring bioactive compound ",January-December
Puwalu,1254,Make tea bags and filters,January-December
Nethra Palam,2147,Make natural remedies,January-December
Ambul Kesel,4600,Make tea bags and filters,November-January
Suwandal,898,Banana candies,January-December
Puwalu,896,Make flavors- Banana flavorings and extracts to make flavored syrups and drinks,January-December
Puwalu,4647,Export to USA as fresh banana,November-January
Rath Kesel,1141,Food industry-desserts varieties,January-December
Kandula,797,"Skincare industry- Make skincare products ( Lotions, creams and face masks",November-January
Green Banana,4326,Give CBL to make Waffers Biscuits,November-January
Anamalu,3870,Make organic fertilizers,January-December
Nethra Palam,2156,cosmetic industry- Make haircare treatments with banana extracts,November-January
Ambul Kesel,3758,Banana flavored craft beers,November-January
Anamalu,3473,make banana silk which is eco friendly and biodegradable,November-January
Puwalu,4304,Make natural remedies,November-January
Green Banana,2699,"Skincare industry- Make skincare products ( Lotions, creams and face masks",November-January
Ambul Nadee,4840,Brewing and distilling industry- Make banana beer,November-January
Seeni Parakum,3862,Banana chocolates and sweets,January-December
Ambum,1600,"Pharmaceutical industry- Make antioxidants,vitamins by exploring bioactive compound ",November-January
Puwalu,4744,Make innorganic fertilizers,January-December
Green Banana,1776,Make banana oils are used in cosmatic industry,November-January
Anamalu,1506,Brewing and distilling industry- Make banana beer,November-January
Anamalu,221,Make natural remedies,January-December
Seeni Parakum,2675,make dried and powdered banana peels to use as a supplement in animal feed.,January-December
Seeni Parakum,383,Make organic fertilizers,November-January
Ambul Nadee,3409,Make high quality acid free paper from banana stems and leaves,January-December
Ambul Nadee,544,Make bioplastics,January-December
Anamalu,2158,Make natural remedies,January-December
Sini Kesel,1761,Brewing and distilling industry- Make banana beer,January-December
Ambul Nadee,2786,Make bioplastics,January-December
Ambul Kesel,3693,Make organic fertilizers,January-December
Suwandal,2294,cosmetic industry- Make haircare treatments with banana extracts,November-January
Puwalu,3564,Banana flavored craft beers,January-December
Seeni Parakum,4880,Banana chips ( both sweetened and unsweetened),January-December
Kandula,2462,Make tea bags and filters,January-December
Anamalu,511,Make high quality acid free paper from banana stems and leaves,January-December
Seeni Parakum,4311,Make breakfast cereals,November-January
Puwalu,1240,Make tea bags and filters,November-January
Nethra Palam,4363,Make organic fertilizers,November-January
Puwalu,512,Make jam and sugary products to the local market,January-December
Sini Kesel,2363,Bakery industry- Banana breads and banana cakes,January-December
Nethra Palam,3415,"Traditional alcoholic beverages- Banana liqueurs, wine",January-December
Rath Kesel,707,Banana flavored craft beers,January-December
Rath Kesel,3864,make dried and powdered banana peels to use as a supplement in animal feed.,January-December
Puwalu,3455,Make bioplastics,November-January
Puwalu,2315,Make innorganic fertilizers,November-January
Puwalu,2529,"Skincare industry- Make skincare products ( Lotions, creams and face masks",January-December
Puwalu,4591,Textile industry- make banana fibers,November-January
Kolikuttu,2430,Make single use plastic alternatives,January-December
Kolikuttu,1881,Food industry-desserts varieties,January-December
Rath Kesel,135,Banana candies,November-January
Ambul Nadee,734,Make jam and sugary products to the local market,January-December
Nethra Palam,4589,Make organic fertilizers,January-December
Sini Kesel,1772,Banana chips ( both sweetened and unsweetened),January-December
Suwandal,4469,Make jam and sugary products to the local market,November-January
Puwalu,2466,Bakery industry- Banana breads and banana cakes,November-January
Sini Kesel,4294,Make bioplastics,November-January
Ambul Nadee,1148,dehydrated banana chips,January-December
Ambul Kesel,3954,Banana chips ( both sweetened and unsweetened),November-January
Kolikuttu,3367,Make banana oils are used in cosmatic industry,November-January
Kandula,1859,Make tea bags and filters,November-January
Puwalu,580,"Skincare industry- Make skincare products ( Lotions, creams and face masks",November-January
Nethra Palam,4054,Make tea bags and filters,November-January
Suwandal,2910,make dried and powdered banana peels to use as a supplement in animal feed.,November-January
Ambum,1320,"Traditional alcoholic beverages- Banana liqueurs, wine",January-December
Nethra Palam,2447,cosmetic industry- Make haircare treatments with banana extracts,November-January
Nethra Palam,1047,make banana silk which is eco friendly and biodegradable,January-December
Suwandal,2779,Make jam and sugary products to the local market,November-January
Ambum,3745,Make tea bags and filters,January-December
Rath Kesel,1681,Make flavors- Banana flavorings and extracts to make flavored syrups and drinks,November-January
Green Banana,1199,Make banana oils are used in cosmatic industry,January-December
Kandula,3373,Brewing and distilling industry- Make banana beer,November-January
Ambul Kesel,405,Brewing and distilling industry- Make banana beer,January-December
Sini Kesel,295,Make single use plastic alternatives,January-December
Puwalu,1764,Make tea bags and filters,January-December
Ambul Nadee,3014,Give CBL to make Waffers Biscuits,January-December
Puwalu,1931,Banana flavored craft beers,November-January
Puwalu,3559,Make bioplastics,January-December
Ambul Nadee,1301,"Pharmaceutical industry- Make antioxidants,vitamins by exploring bioactive compound ",November-January
Suwandal,4522,Make bioplastics,January-December
Nethra Palam,2324,Food industry-desserts varieties,January-December
Green Banana,1817,Make high quality acid free paper from banana stems and leaves,November-January
Suwandal,4857,Make flavors- Banana flavorings and extracts to make flavored syrups and drinks,November-January
Kandula,4837,"Skincare industry- Make skincare products ( Lotions, creams and face masks",January-December
Ambul Kesel,3894,Bakery industry- Banana breads and banana cakes,January-December
Sini Kesel,1900,Make breakfast cereals,November-January
Sini Kesel,726,Make high quality acid free paper from banana stems and leaves,January-December
Nethra Palam,2995,Make breakfast cereals,January-December
Suwandal,899,"Traditional alcoholic beverages- Banana liqueurs, wine",January-December
Puwalu,4419,Banana flavored craft beers,January-December
Anamalu,3513,Make flavors- Banana flavorings and extracts to make flavored syrups and drinks,January-December
Rath Kesel,2309,Banana flavored craft beers,January-December
Ambul Kesel,995,dehydrated banana chips,November-January
Suwandal,4877,Make flavors- Banana flavorings and extracts to make flavored syrups and drinks,January-December
Ambul Nadee,4437,"Skincare industry- Make skincare products ( Lotions, creams and face masks",November-January
Suwandal,3600,Export to USA as fresh banana,January-December
Suwandal,1258,Make natural remedies,January-December
Suwandal,2968,Brewing and distilling industry- Make banana beer,January-December
Kandula,3707,Make single use plastic alternatives,January-December
Anamalu,2813,Brewing and distilling industry- Make banana beer,January-December
Puwalu,2642,Make jam and sugary products to the local market,November-January
Anamalu,1922,Textile industry- make banana fibers,November-January
Sini Kesel,1082,Make banana oils are used in cosmatic industry,November-January
Puwalu,699,make dried and powdered banana peels to use as a supplement in animal feed.,November-January
Kandula,2729,"Traditional alcoholic beverages- Banana liqueurs, wine",January-December
Nethra Palam,4302,cosmetic industry- Make haircare treatments with banana extracts,January-December
Rath Kesel,3282,"Beverage industry - To make milkshakes,smoothies, fruit juices",November-January
Ambum,3133,Export to USA as fresh banana,November-January
Puwalu,3815,Banana chips ( both sweetened and unsweetened),November-January
Ambul Kesel,2603,Make breakfast cereals,January-December
Suwandal,1800,Make single use plastic alternatives,November-January
Sini Kesel,1405,Make natural remedies,January-December
Ambum,4443,Banana flavored craft beers,January-December
Sini Kesel,2391,"Skincare industry- Make skincare products ( Lotions, creams and face masks",January-December
Rath Kesel,510,Banana chocolates and sweets,November-January
Anamalu,3914,Make flavors- Banana flavorings and extracts to make flavored syrups and drinks,November-January
Puwalu,597,Textile industry- make banana fibers,November-January
Ambul Nadee,4013,Export to USA as fresh banana,January-December
Ambul Nadee,1961,Make jam and sugary products to the local market,January-December
Rath Kesel,3056,Make organic fertilizers,November-January
Anamalu,365,Banana flavored craft beers,November-January
Kandula,3336,Food industry-desserts varieties,November-January
Suwandal,921,Make bioplastics,January-December
Sini Kesel,3686,Make high quality acid free paper from banana stems and leaves,January-December
Rath Kesel,2079,Make bioplastics,January-December
Seeni Parakum,3981,make dried and powdered banana peels to use as a supplement in animal feed.,November-January
Green Banana,1561,Make innorganic fertilizers,November-January
Puwalu,983,make dried and powdered banana peels to use as a supplement in animal feed.,January-December
Green Banana,2603,Make bioplastics,November-January
Ambul Kesel,3672,Make high quality acid free paper from banana stems and leaves,November-January
Seeni Parakum,1853,Make jam and sugary products to the local market,November-January
Kandula,412,Make flavors- Banana flavorings and extracts to make flavored syrups and drinks,November-January
Ambul Kesel,240,Make jam and sugary products to the local market,January-December
Kolikuttu,302,dehydrated banana chips,November-January
Nethra Palam,4589,cosmetic industry- Make haircare treatments with banana extracts,January-December
Ambul Kesel,1434,Food industry-desserts varieties,January-December
Rath Kesel,2418,Make breakfast cereals,November-January
Suwandal,2977,Textile industry- make banana fibers,January-December
Sini Kesel,3033,Make innorganic fertilizers,November-January
Rath Kesel,2238,Make tea bags and filters,January-December
Anamalu,2179,"Traditional alcoholic beverages- Banana liqueurs, wine",November-January
Kandula,1271,Textile industry- make banana fibers,November-January
Kolikuttu,1174,dehydrated banana chips,November-January
Ambum,1622,dehydrated banana chips,January-December
Sini Kesel,1856,"Skincare industry- Make skincare products ( Lotions, creams and face masks",January-December
Nethra Palam,2118,cosmetic industry- Make haircare treatments with banana extracts,November-January
Suwandal,69,cosmetic industry- Make haircare treatments with banana extracts,January-December
Suwandal,639,"Skincare industry- Make skincare products ( Lotions, creams and face masks",January-December
Nethra Palam,4141,Make banana oils are used in cosmatic industry,November-January
Sini Kesel,2019,Make innorganic fertilizers,January-December
Ambul Nadee,4524,Make flavors- Banana flavorings and extracts to make flavored syrups and drinks,November-January
Nethra Palam,2897,Banana candies,November-January
Seeni Parakum,190,Make innorganic fertilizers,January-December
Rath Kesel,4794,Textile industry- make banana fibers,November-January
Puwalu,4932,dehydrated banana chips,January-December
Suwandal,353,"Traditional alcoholic beverages- Banana liqueurs, wine",January-December
Nethra Palam,4014,Make bioplastics,January-December
Ambum,1965,"Traditional alcoholic beverages- Banana liqueurs, wine",January-December
Ambul Nadee,2534,Make banana oils are used in cosmatic industry,January-December
Ambum,409,dehydrated banana chips,November-January
Sini Kesel,1758,Give CBL to make Waffers Biscuits,November-January
Ambul Nadee,1463,Textile industry- make banana fibers,November-January
Kandula,1991,Make bioplastics,January-December
Ambum,4979,Make flavors- Banana flavorings and extracts to make flavored syrups and drinks,January-December
Kolikuttu,3238,Make single use plastic alternatives,November-January
Puwalu,78,Give CBL to make Waffers Biscuits,January-December
Puwalu,3204,Make natural remedies,January-December
Ambum,1136,make banana silk which is eco friendly and biodegradable,January-December
Kolikuttu,317,Banana candies,November-January
Green Banana,4547,Make high quality acid free paper from banana stems and leaves,November-January
Puwalu,2115,Make high quality acid free paper from banana stems and leaves,January-December
Kandula,2244,dehydrated banana chips,November-January
Kandula,2003,Make single use plastic alternatives,November-January
Green Banana,1734,make dried and powdered banana peels to use as a supplement in animal feed.,January-December
Seeni Parakum,3926,Give CBL to make Waffers Biscuits,January-December
Nethra Palam,4969,Banana chocolates and sweets,January-December
Ambul Nadee,2014,Textile industry- make banana fibers,November-January
Rath Kesel,882,Banana chocolates and sweets,January-December
Rath Kesel,1140,Make single use plastic alternatives,November-January
Puwalu,770,Make flavors- Banana flavorings and extracts to make flavored syrups and drinks,January-December
Ambum,2383,make banana silk which is eco friendly and biodegradable,November-January
Sini Kesel,1997,Make innorganic fertilizers,November-January
Ambum,4361,Export to USA as fresh banana,November-January
Ambul Kesel,885,Make organic fertilizers,November-January
Kolikuttu,4731,Make bioplastics,November-January
Kolikuttu,4360,Make bioplastics,January-December
Nethra Palam,2942,Banana chips ( both sweetened and unsweetened),January-December
Anamalu,617,Banana candies,January-December
Suwandal,3513,Make single use plastic alternatives,November-January
Anamalu,1389,make banana silk which is eco friendly and biodegradable,November-January
Sini Kesel,3775,Give CBL to make Waffers Biscuits,January-December
Kandula,2460,Export to USA as fresh banana,January-December
Kandula,4842,Export to USA as fresh banana,November-January
Kandula,3102,Make tea bags and filters,November-January
Kolikuttu,3062,Food industry-desserts varieties,January-December
Ambul Kesel,3793,Make high quality acid free paper from banana stems and leaves,November-January
Seeni Parakum,3975,Make innorganic fertilizers,January-December
Ambul Kesel,2608,Make flavors- Banana flavorings and extracts to make flavored syrups and drinks,November-January
Ambul Kesel,311,Make single use plastic alternatives,November-January
Anamalu,3563,make banana silk which is eco friendly and biodegradable,January-December
Ambul Kesel,2946,make dried and powdered banana peels to use as a supplement in animal feed.,January-December
Kandula,2032,Food industry-desserts varieties,November-January
Sini Kesel,2238,Banana chocolates and sweets,November-January
Kolikuttu,3110,"Skincare industry- Make skincare products ( Lotions, creams and face masks",November-January
Green Banana,2438,Banana flavored craft beers,January-December
Ambul Kesel,3355,"Beverage industry - To make milkshakes,smoothies, fruit juices",November-January
Seeni Parakum,2375,Make flavors- Banana flavorings and extracts to make flavored syrups and drinks,January-December
Suwandal,1858,Banana candies,January-December
Kolikuttu,1510,Make single use plastic alternatives,November-January
Anamalu,4798,"Skincare industry- Make skincare products ( Lotions, creams and face masks",January-December
Ambul Nadee,2091,Make banana oils are used in cosmatic industry,January-December
Ambul Kesel,4041,Make organic fertilizers,November-January
Anamalu,4004,"Beverage industry - To make milkshakes,smoothies, fruit juices",January-December
Ambum,811,Export to USA as fresh banana,January-December
Anamalu,1992,dehydrated banana chips,January-December
Seeni Parakum,4835,Banana flavored craft beers,November-January
Anamalu,1212,"Skincare industry- Make skincare products ( Lotions, creams and face masks",January-December
Puwalu,4964,Make innorganic fertilizers,January-December
Sini Kesel,3284,Bakery industry- Banana breads and banana cakes,November-January
Suwandal,963,Banana chocolates and sweets,November-January
Puwalu,164,"Beverage industry - To make milkshakes,smoothies, fruit juices",November-January
Sini Kesel,3432,"Beverage industry - To make milkshakes,smoothies, fruit juices",November-January
Nethra Palam,4231,"Pharmaceutical industry- Make antioxidants,vitamins by exploring bioactive compound ",January-December
Sini Kesel,3134,Make jam and sugary products to the local market,November-January
Kandula,2921,Food industry-desserts varieties,November-January
Ambum,4710,"Pharmaceutical industry- Make antioxidants,vitamins by exploring bioactive compound ",November-January
Kandula,255,Make flavors- Banana flavorings and extracts to make flavored syrups and drinks,November-January
Seeni Parakum,4427,Make single use plastic alternatives,November-January
Ambul Kesel,169,Give CBL to make Waffers Biscuits,January-December
Ambul Nadee,363,Banana flavored craft beers,January-December
Sini Kesel,4540,Make flavors- Banana flavorings and extracts to make flavored syrups and drinks,November-January
Seeni Parakum,311,Make single use plastic alternatives,January-December
Rath Kesel,1501,"Skincare industry- Make skincare products ( Lotions, creams and face masks",November-January
Kandula,573,Banana flavored craft beers,November-January
Seeni Parakum,1798,Make natural remedies,November-January
Rath Kesel,765,"Skincare industry- Make skincare products ( Lotions, creams and face masks",November-January
Rath Kesel,781,Banana chocolates and sweets,January-December
Sini Kesel,2350,Brewing and distilling industry- Make banana beer,January-December
Nethra Palam,1611,Make high quality acid free paper from banana stems and leaves,January-December
Ambul Kesel,4898,Banana flavored craft beers,November-January
Kolikuttu,1142,cosmetic industry- Make haircare treatments with banana extracts,January-December
Kolikuttu,1715,Give CBL to make Waffers Biscuits,November-January
Kandula,1900,Make breakfast cereals,January-December
Kolikuttu,2810,make dried and powdered banana peels to use as a supplement in animal feed.,November-January
Nethra Palam,1099,make dried and powdered banana peels to use as a supplement in animal feed.,January-December
Suwandal,111,make dried and powdered banana peels to use as a supplement in animal feed.,November-January
Rath Kesel,4564,Make high quality acid free paper from banana stems and leaves,November-January
Ambul Nadee,798,dehydrated banana chips,November-January
Rath Kesel,3590,Make banana oils are used in cosmatic industry,January-December
Kandula,2964,Give CBL to make Waffers Biscuits,January-December
Puwalu,1877,Banana flavored craft beers,January-December
Sini Kesel,131,"Beverage industry - To make milkshakes,smoothies, fruit juices",November-January
Nethra Palam,4446,Make single use plastic alternatives,November-January
Ambul Nadee,893,cosmetic industry- Make haircare treatments with banana extracts,January-December
Green Banana,2246,"Skincare industry- Make skincare products ( Lotions, creams and face masks",November-January
Sini Kesel,889,Make high quality acid free paper from banana stems and leaves,November-January
Anamalu,1712,Bakery industry- Banana breads and banana cakes,November-January
Kandula,4260,Make jam and sugary products to the local market,November-January
Nethra Palam,1178,Make jam and sugary products to the local market,November-January
Kolikuttu,1477,Banana chocolates and sweets,November-January
Kolikuttu,1523,Brewing and distilling industry- Make banana beer,November-January
Nethra Palam,2551,Food industry-desserts varieties,November-January
Puwalu,2019,Make bioplastics,January-December
Puwalu,3759,Banana candies,November-January
Puwalu,2013,"Traditional alcoholic beverages- Banana liqueurs, wine",January-December
Kandula,4745,Make breakfast cereals,November-January
Sini Kesel,4177,Make bioplastics,January-December
Seeni Parakum,4695,Make banana oils are used in cosmatic industry,November-January
Ambul Nadee,1735,Make organic fertilizers,November-January
Nethra Palam,551,"Skincare industry- Make skincare products ( Lotions, creams and face masks",November-January
Ambul Kesel,2851,Banana chocolates and sweets,January-December
Sini Kesel,1639,cosmetic industry- Make haircare treatments with banana extracts,January-December
Anamalu,3647,Make banana oils are used in cosmatic industry,November-January
Sini Kesel,2224,"Beverage industry - To make milkshakes,smoothies, fruit juices",January-December
Puwalu,2006,Textile industry- make banana fibers,January-December
Ambul Kesel,3339,"Traditional alcoholic beverages- Banana liqueurs, wine",January-December
Sini Kesel,615,Make tea bags and filters,November-January
Puwalu,2006,Bakery industry- Banana breads and banana cakes,January-December
Green Banana,4465,Export to USA as fresh banana,January-December
Ambul Kesel,4691,Banana flavored craft beers,November-January
Nethra Palam,2345,Make bioplastics,January-December
Suwandal,4510,"Skincare industry- Make skincare products ( Lotions, creams and face masks",January-December
Sini Kesel,2994,dehydrated banana chips,January-December
Nethra Palam,280,Bakery industry- Banana breads and banana cakes,November-January
Kolikuttu,698,make dried and powdered banana peels to use as a supplement in animal feed.,January-December
Ambul Nadee,3370,"Beverage industry - To make milkshakes,smoothies, fruit juices",January-December
Anamalu,2266,Make bioplastics,January-December
Ambul Nadee,3536,Banana chocolates and sweets,November-January
Green Banana,2465,make dried and powdered banana peels to use as a supplement in animal feed.,November-January
Green Banana,3740,Make bioplastics,January-December
Sini Kesel,2884,Make banana oils are used in cosmatic industry,November-January
Kolikuttu,4232,Export to USA as fresh banana,January-December
Nethra Palam,3386,Banana chips ( both sweetened and unsweetened),January-December
Puwalu,625,Banana chips ( both sweetened and unsweetened),November-January
Puwalu,191,Banana chips ( both sweetened and unsweetened),January-December
Suwandal,2841,Banana flavored craft beers,November-January
Kandula,4405,make banana silk which is eco friendly and biodegradable,January-December
Anamalu,2138,dehydrated banana chips,January-December
Green Banana,1168,cosmetic industry- Make haircare treatments with banana extracts,November-January
Green Banana,828,Make organic fertilizers,January-December
Anamalu,2049,Give CBL to make Waffers Biscuits,January-December
Anamalu,112,Make tea bags and filters,January-December
Puwalu,4053,Make breakfast cereals,January-December
Kolikuttu,232,Make bioplastics,November-January
Ambum,4265,"Traditional alcoholic beverages- Banana liqueurs, wine",January-December
Ambum,4811,Make jam and sugary products to the local market,November-January
Seeni Parakum,2207,"Traditional alcoholic beverages- Banana liqueurs, wine",January-December
Nethra Palam,2336,make banana silk which is eco friendly and biodegradable,January-December
Kolikuttu,672,Give CBL to make Waffers Biscuits,November-January
Rath Kesel,3696,Brewing and distilling industry- Make banana beer,January-December
Green Banana,3437,Banana candies,November-January
Suwandal,706,dehydrated banana chips,January-December
Rath Kesel,2839,"Traditional alcoholic beverages- Banana liqueurs, wine",January-December
Rath Kesel,4337,Give CBL to make Waffers Biscuits,January-December
Ambul Nadee,1041,"Beverage industry - To make milkshakes,smoothies, fruit juices",January-December
Green Banana,1410,Banana chocolates and sweets,January-December
Sini Kesel,849,"Traditional alcoholic beverages- Banana liqueurs, wine",January-December
Kandula,2740,Make bioplastics,November-January
Green Banana,4653,"Pharmaceutical industry- Make antioxidants,vitamins by exploring bioactive compound ",November-January
Puwalu,2657,"Beverage industry - To make milkshakes,smoothies, fruit juices",January-December
Rath Kesel,3190,Make natural remedies,January-December
Kandula,3505,Brewing and distilling industry- Make banana beer,January-December
Puwalu,2746,Make jam and sugary products to the local market,November-January
Ambum,817,Make breakfast cereals,November-January
Ambul Nadee,1098,Banana chips ( both sweetened and unsweetened),January-December
Suwandal,4855,Banana chips ( both sweetened and unsweetened),January-December
Kandula,233,Make organic fertilizers,January-December
Rath Kesel,59,Banana candies,November-January
Ambul Kesel,1544,Banana chocolates and sweets,January-December
Green Banana,4495,Bakery industry- Banana breads and banana cakes,January-December
Nethra Palam,1171,Make innorganic fertilizers,November-January
Green Banana,3666,Give CBL to make Waffers Biscuits,November-January
Green Banana,2032,Make flavors- Banana flavorings and extracts to make flavored syrups and drinks,January-December
Kandula,2358,Make natural remedies,November-January
Seeni Parakum,4429,Make organic fertilizers,January-December
Puwalu,2223,Banana flavored craft beers,November-January
Green Banana,4074,Banana candies,January-December
Suwandal,3341,"Skincare industry- Make skincare products ( Lotions, creams and face masks",November-January
Ambul Nadee,4767,Make high quality acid free paper from banana stems and leaves,January-December
Ambul Nadee,2210,"Traditional alcoholic beverages- Banana liqueurs, wine",November-January
Nethra Palam,3710,Make jam and sugary products to the local market,January-December
Nethra Palam,483,Bakery industry- Banana breads and banana cakes,January-December
Anamalu,2439,Export to USA as fresh banana,January-December
Green Banana,1747,Banana flavored craft beers,January-December
Nethra Palam,3232,Give CBL to make Waffers Biscuits,January-December
Ambul Nadee,379,Make breakfast cereals,November-January
Rath Kesel,3194,Make tea bags and filters,January-December
Rath Kesel,1562,Bakery industry- Banana breads and banana cakes,November-January
Ambul Nadee,2175,Give CBL to make Waffers Biscuits,January-December
Anamalu,4306,Banana chocolates and sweets,January-December
Ambum,3034,Make tea bags and filters,November-January
Seeni Parakum,3965,Bakery industry- Banana breads and banana cakes,November-January
Green Banana,3673,make banana silk which is eco friendly and biodegradable,January-December
Ambum,4954,Banana chips ( both sweetened and unsweetened),January-December
Ambul Nadee,3735,"Traditional alcoholic beverages- Banana liqueurs, wine",November-January
Ambul Kesel,1200,"Beverage industry - To make milkshakes,smoothies, fruit juices",November-January
Puwalu,1284,Bakery industry- Banana breads and banana cakes,November-January
Green Banana,4673,"Traditional alcoholic beverages- Banana liqueurs, wine",January-December
Seeni Parakum,1672,Textile industry- make banana fibers,November-January
Puwalu,2897,Make banana oils are used in cosmatic industry,November-January
Rath Kesel,2265,cosmetic industry- Make haircare treatments with banana extracts,November-January
Ambum,461,Banana chocolates and sweets,January-December
Anamalu,1727,Export to USA as fresh banana,January-December
Ambul Nadee,2287,Make tea bags and filters,November-January
Rath Kesel,3783,Banana chips ( both sweetened and unsweetened),November-January
Rath Kesel,3226,Make high quality acid free paper from banana stems and leaves,January-December
Kandula,4583,Make high quality acid free paper from banana stems and leaves,January-December
Ambul Nadee,4568,Bakery industry- Banana breads and banana cakes,January-December
Ambul Nadee,3635,"Beverage industry - To make milkshakes,smoothies, fruit juices",November-January
Sini Kesel,1274,"Traditional alcoholic beverages- Banana liqueurs, wine",January-December
Ambul Kesel,1609,make banana silk which is eco friendly and biodegradable,January-December
Rath Kesel,4409,Make bioplastics,January-December
Rath Kesel,3735,Make flavors- Banana flavorings and extracts to make flavored syrups and drinks,January-December
Rath Kesel,4554,"Pharmaceutical industry- Make antioxidants,vitamins by exploring bioactive compound ",January-December
Ambul Nadee,2805,Give CBL to make Waffers Biscuits,November-January
Green Banana,4636,Bakery industry- Banana breads and banana cakes,January-December
Anamalu,3471,Make banana oils are used in cosmatic industry,November-January
Ambul Kesel,3401,Make flavors- Banana flavorings and extracts to make flavored syrups and drinks,January-December
Green Banana,4789,dehydrated banana chips,January-December
Seeni Parakum,4527,Make banana oils are used in cosmatic industry,November-January
Rath Kesel,1946,Make natural remedies,January-December
Puwalu,4650,Banana candies,November-January
Green Banana,4700,Banana candies,January-December
Sini Kesel,4312,Make jam and sugary products to the local market,November-January
Sini Kesel,269,Brewing and distilling industry- Make banana beer,January-December
Suwandal,1564,"Pharmaceutical industry- Make antioxidants,vitamins by exploring bioactive compound ",November-January
Green Banana,4038,"Traditional alcoholic beverages- Banana liqueurs, wine",January-December
Seeni Parakum,2060,Make banana oils are used in cosmatic industry,January-December
Kandula,1724,Make organic fertilizers,November-January
Suwandal,4223,Make natural remedies,January-December
Suwandal,1728,make dried and powdered banana peels to use as a supplement in animal feed.,January-December
Green Banana,3701,dehydrated banana chips,January-December
Seeni Parakum,2475,Banana chips ( both sweetened and unsweetened),January-December
Kolikuttu,4146,Textile industry- make banana fibers,January-December
Rath Kesel,4175,Textile industry- make banana fibers,November-January
Ambul Kesel,4394,Give CBL to make Waffers Biscuits,November-January
Suwandal,2600,Food industry-desserts varieties,November-January
Anamalu,4964,Food industry-desserts varieties,January-December
Suwandal,316,Give CBL to make Waffers Biscuits,November-January
Ambul Kesel,1792,Banana chips ( both sweetened and unsweetened),January-December
Ambum,3285,make banana silk which is eco friendly and biodegradable,January-December
Ambum,3758,Make bioplastics,November-January
Rath Kesel,2492,Make banana oils are used in cosmatic industry,November-January
Suwandal,1089,Banana chips ( both sweetened and unsweetened),November-January
Sini Kesel,3667,"Beverage industry - To make milkshakes,smoothies, fruit juices",November-January
Green Banana,2109,make dried and powdered banana peels to use as a supplement in animal feed.,November-January
Rath Kesel,3219,"Skincare industry- Make skincare products ( Lotions, creams and face masks",January-December
Nethra Palam,3382,Food industry-desserts varieties,November-January
Anamalu,938,Make tea bags and filters,January-December
Sini Kesel,4050,Make single use plastic alternatives,November-January
Sini Kesel,1216,make banana silk which is eco friendly and biodegradable,November-January
Seeni Parakum,4162,Make innorganic fertilizers,January-December
Ambul Nadee,1744,Make organic fertilizers,January-December
Seeni Parakum,4292,Make natural remedies,January-December
Kandula,4597,"Pharmaceutical industry- Make antioxidants,vitamins by exploring bioactive compound ",January-December
Green Banana,4905,Banana candies,January-December
Rath Kesel,4394,cosmetic industry- Make haircare treatments with banana extracts,January-December
Sini Kesel,4100,Export to USA as fresh banana,January-December
Suwandal,3503,Make single use plastic alternatives,January-December
Anamalu,4615,Banana flavored craft beers,January-December
Suwandal,2491,Make banana oils are used in cosmatic industry,January-December
Green Banana,2339,Make jam and sugary products to the local market,January-December
Suwandal,2426,Banana flavored craft beers,November-January
Kandula,2049,"Traditional alcoholic beverages- Banana liqueurs, wine",January-December
Ambul Kesel,1224,Make organic fertilizers,November-January
Green Banana,215,Make single use plastic alternatives,January-December
Kandula,916,Banana candies,January-December
Kandula,1887,Textile industry- make banana fibers,January-December
Suwandal,1063,Make jam and sugary products to the local market,November-January
Kandula,2806,Make innorganic fertilizers,January-December
Sini Kesel,1872,"Skincare industry- Make skincare products ( Lotions, creams and face masks",January-December
Puwalu,1654,"Skincare industry- Make skincare products ( Lotions, creams and face masks",November-January
Nethra Palam,3526,Give CBL to make Waffers Biscuits,January-December
Suwandal,248,Give CBL to make Waffers Biscuits,November-January
Anamalu,625,"Beverage industry - To make milkshakes,smoothies, fruit juices",January-December
Sini Kesel,1609,Banana flavored craft beers,January-December
Rath Kesel,3925,Make flavors- Banana flavorings and extracts to make flavored syrups and drinks,January-December
Kolikuttu,1653,Make flavors- Banana flavorings and extracts to make flavored syrups and drinks,January-December
Seeni Parakum,1747,Food industry-desserts varieties,January-December
Nethra Palam,2991,Make high quality acid free paper from banana stems and leaves,November-January
Green Banana,2482,make banana silk which is eco friendly and biodegradable,January-December
Puwalu,1801,Bakery industry- Banana breads and banana cakes,January-December
Anamalu,836,Make organic fertilizers,November-January
Kolikuttu,348,"Beverage industry - To make milkshakes,smoothies, fruit juices",January-December
Suwandal,2244,Banana flavored craft beers,January-December
Anamalu,4583,Make flavors- Banana flavorings and extracts to make flavored syrups and drinks,January-December
Ambum,1010,Make natural remedies,November-January
Puwalu,4826,Make breakfast cereals,January-December
Rath Kesel,3771,Bakery industry- Banana breads and banana cakes,November-January
Kolikuttu,126,Bakery industry- Banana breads and banana cakes,November-January
Nethra Palam,1083,Textile industry- make banana fibers,January-December
Sini Kesel,2843,Make flavors- Banana flavorings and extracts to make flavored syrups and drinks,January-December
Anamalu,4668,make banana silk which is eco friendly and biodegradable,November-January
Rath Kesel,1498,cosmetic industry- Make haircare treatments with banana extracts,November-January
Ambum,1509,Food industry-desserts varieties,January-December
Green Banana,4922,Make jam and sugary products to the local market,January-December
Seeni Parakum,1237,Make innorganic fertilizers,January-December
Kolikuttu,3783,Make innorganic fertilizers,November-January
Kandula,1920,Banana candies,January-December
Ambul Kesel,3618,Make natural remedies,November-January
Seeni Parakum,4120,Make natural remedies,January-December
Green Banana,3603,Make jam and sugary products to the local market,November-January
Seeni Parakum,2104,Bakery industry- Banana breads and banana cakes,November-January
Anamalu,4214,Make tea bags and filters,November-January
Puwalu,2174,Give CBL to make Waffers Biscuits,November-January
Ambum,4242,Banana chips ( both sweetened and unsweetened),November-January
Sini Kesel,601,Textile industry- make banana fibers,January-December
Suwandal,4181,Bakery industry- Banana breads and banana cakes,November-January
Seeni Parakum,4762,Export to USA as fresh banana,November-January
Kolikuttu,2808,Bakery industry- Banana breads and banana cakes,November-January
Ambul Kesel,4661,Brewing and distilling industry- Make banana beer,November-January
Kandula,3374,"Skincare industry- Make skincare products ( Lotions, creams and face masks",January-December
Puwalu,135,Banana chips ( both sweetened and unsweetened),January-December
Kolikuttu,1977,Textile industry- make banana fibers,November-January
Nethra Palam,3760,Textile industry- make banana fibers,November-January
Ambum,1960,Give CBL to make Waffers Biscuits,November-January
Ambul Kesel,2458,Textile industry- make banana fibers,January-December
Ambum,2774,"Pharmaceutical industry- Make antioxidants,vitamins by exploring bioactive compound ",January-December
Ambul Nadee,377,dehydrated banana chips,January-December
Seeni Parakum,563,Make innorganic fertilizers,January-December
Kandula,1819,Make organic fertilizers,November-January
Rath Kesel,4855,Food industry-desserts varieties,January-December
Kolikuttu,777,Make banana oils are used in cosmatic industry,November-January
Nethra Palam,774,Banana chocolates and sweets,January-December
Sini Kesel,342,Give CBL to make Waffers Biscuits,January-December
Kolikuttu,1069,dehydrated banana chips,January-December
Kandula,2628,Make high quality acid free paper from banana stems and leaves,November-January
Anamalu,3625,Make banana oils are used in cosmatic industry,November-January
Seeni Parakum,695,Textile industry- make banana fibers,January-December
Kandula,4715,Make banana oils are used in cosmatic industry,November-January
Kandula,544,cosmetic industry- Make haircare treatments with banana extracts,January-December
Ambum,4880,Banana flavored craft beers,November-January
Nethra Palam,3860,make banana silk which is eco friendly and biodegradable,January-December
Kandula,4782,Make jam and sugary products to the local market,November-January
Seeni Parakum,1933,Make jam and sugary products to the local market,January-December
Rath Kesel,1050,Make banana oils are used in cosmatic industry,November-January
Ambum,4970,Banana chips ( both sweetened and unsweetened),January-December
Seeni Parakum,3141,Make breakfast cereals,January-December
Ambul Nadee,188,Banana chocolates and sweets,November-January
Ambum,423,Make breakfast cereals,January-December
Seeni Parakum,2736,cosmetic industry- Make haircare treatments with banana extracts,November-January
Seeni Parakum,1870,"Skincare industry- Make skincare products ( Lotions, creams and face masks",January-December
Ambul Nadee,2758,Make breakfast cereals,November-January
Ambum,3494,"Traditional alcoholic beverages- Banana liqueurs, wine",November-January
Nethra Palam,3142,Export to USA as fresh banana,January-December
Ambum,230,Make breakfast cereals,January-December
Anamalu,658,make banana silk which is eco friendly and biodegradable,January-December
Kolikuttu,613,Make banana oils are used in cosmatic industry,November-January
Puwalu,4899,Make bioplastics,January-December
Ambul Nadee,1594,Make innorganic fertilizers,November-January
Seeni Parakum,2979,"Traditional alcoholic beverages- Banana liqueurs, wine",January-December
Rath Kesel,1274,"Pharmaceutical industry- Make antioxidants,vitamins by exploring bioactive compound ",January-December
Puwalu,1950,Textile industry- make banana fibers,November-January
Seeni Parakum,178,Banana chocolates and sweets,January-December
Anamalu,4465,Make breakfast cereals,January-December
Nethra Palam,2820,"Skincare industry- Make skincare products ( Lotions, creams and face masks",November-January
Puwalu,354,make banana silk which is eco friendly and biodegradable,November-January
Nethra Palam,1313,"Skincare industry- Make skincare products ( Lotions, creams and face masks",January-December
Seeni Parakum,626,Make organic fertilizers,January-December
Puwalu,2998,Food industry-desserts varieties,November-January
Ambul Kesel,3446,Make single use plastic alternatives,November-January
Nethra Palam,2393,Brewing and distilling industry- Make banana beer,November-January
Kandula,2837,Banana flavored craft beers,January-December
Puwalu,920,Banana candies,January-December
Rath Kesel,3464,Make high quality acid free paper from banana stems and leaves,November-January
Ambul Nadee,1208,Make high quality acid free paper from banana stems and leaves,November-January
Ambul Nadee,3587,Make natural remedies,November-January
Ambul Nadee,3976,Banana chocolates and sweets,January-December
Seeni Parakum,2509,"Skincare industry- Make skincare products ( Lotions, creams and face masks",January-December
Sini Kesel,1115,"Beverage industry - To make milkshakes,smoothies, fruit juices",November-January
Ambum,646,Banana flavored craft beers,November-January
Nethra Palam,991,"Pharmaceutical industry- Make antioxidants,vitamins by exploring bioactive compound ",November-January
Anamalu,1118,Make banana oils are used in cosmatic industry,November-January
Sini Kesel,645,Make bioplastics,November-January
Green Banana,1213,Textile industry- make banana fibers,January-December
Anamalu,802,Brewing and distilling industry- Make banana beer,November-January
Suwandal,238,Export to USA as fresh banana,January-December
Rath Kesel,2246,Brewing and distilling industry- Make banana beer,November-January
Suwandal,2696,"Skincare industry- Make skincare products ( Lotions, creams and face masks",November-January
Green Banana,1372,"Beverage industry - To make milkshakes,smoothies, fruit juices",November-January
Green Banana,1988,Make breakfast cereals,January-December
Anamalu,4572,Make natural remedies,January-December
Rath Kesel,4455,Make flavors- Banana flavorings and extracts to make flavored syrups and drinks,November-January
Nethra Palam,2645,"Skincare industry- Make skincare products ( Lotions, creams and face masks",November-January
Ambum,2951,Make natural remedies,November-January
Anamalu,369,Textile industry- make banana fibers,November-January
Ambum,3382,make dried and powdered banana peels to use as a supplement in animal feed.,November-January
Nethra Palam,2235,"Beverage industry - To make milkshakes,smoothies, fruit juices",November-January
Anamalu,3575,Make bioplastics,January-December
Sini Kesel,831,Export to USA as fresh banana,January-December
Green Banana,2978,make banana silk which is eco friendly and biodegradable,January-December
Ambul Kesel,2573,Export to USA as fresh banana,November-January
Ambul Nadee,4205,make banana silk which is eco friendly and biodegradable,January-December
Anamalu,4972,Banana chocolates and sweets,January-December
Green Banana,1963,Make bioplastics,January-December
Anamalu,4102,make banana silk which is eco friendly and biodegradable,November-January
Sini Kesel,948,Make jam and sugary products to the local market,January-December
Suwandal,4189,Banana chocolates and sweets,January-December
Rath Kesel,4967,Make innorganic fertilizers,January-December
Puwalu,1690,Banana flavored craft beers,November-January
Green Banana,3657,Make natural remedies,January-December
Nethra Palam,826,Banana flavored craft beers,January-December
Ambul Nadee,1381,Food industry-desserts varieties,November-January
Suwandal,2245,Make jam and sugary products to the local market,November-January
Seeni Parakum,4428,Give CBL to make Waffers Biscuits,January-December
Rath Kesel,3737,Make innorganic fertilizers,January-December
Nethra Palam,2089,Textile industry- make banana fibers,November-January
Nethra Palam,4904,Make tea bags and filters,January-December
Kolikuttu,1900,dehydrated banana chips,January-December
Sini Kesel,2488,Bakery industry- Banana breads and banana cakes,November-January
Seeni Parakum,4972,make banana silk which is eco friendly and biodegradable,January-December
Ambul Kesel,2239,Food industry-desserts varieties,January-December
Rath Kesel,1247,make dried and powdered banana peels to use as a supplement in animal feed.,January-December
Anamalu,2186,Make natural remedies,January-December
Green Banana,4408,Bakery industry- Banana breads and banana cakes,January-December
Ambul Nadee,626,Export to USA as fresh banana,January-December
Rath Kesel,2577,Banana chocolates and sweets,January-December
Kolikuttu,4058,"Skincare industry- Make skincare products ( Lotions, creams and face masks",November-January
Green Banana,4293,Make organic fertilizers,January-December
Ambum,3294,Make single use plastic alternatives,January-December
Anamalu,1508,Food industry-desserts varieties,November-January
Seeni Parakum,312,Make bioplastics,January-December
Rath Kesel,361,Banana chips ( both sweetened and unsweetened),November-January
Anamalu,484,Make breakfast cereals,November-January
Ambul Nadee,1287,Banana chips ( both sweetened and unsweetened),January-December
Suwandal,3268,make banana silk which is eco friendly and biodegradable,January-December
Rath Kesel,4265,Make breakfast cereals,November-January
Puwalu,3344,Export to USA as fresh banana,January-December
Ambum,4505,"Traditional alcoholic beverages- Banana liqueurs, wine",November-January
Suwandal,2003,Make single use plastic alternatives,November-January
Suwandal,439,Banana candies,November-January
Green Banana,470,"Beverage industry - To make milkshakes,smoothies, fruit juices",November-January
Ambum,3784,"Beverage industry - To make milkshakes,smoothies, fruit juices",November-January
Green Banana,3823,"Skincare industry- Make skincare products ( Lotions, creams and face masks",January-December
Ambul Nadee,1807,Food industry-desserts varieties,November-January
Puwalu,4795,cosmetic industry- Make haircare treatments with banana extracts,January-December
Ambul Kesel,3924,Make breakfast cereals,January-December
Ambul Kesel,3455,"Beverage industry - To make milkshakes,smoothies, fruit juices",November-January
Anamalu,2897,cosmetic industry- Make haircare treatments with banana extracts,January-December
Rath Kesel,412,Banana chocolates and sweets,January-December
Suwandal,2374,"Pharmaceutical industry- Make antioxidants,vitamins by exploring bioactive compound ",November-January
Puwalu,1962,Make banana oils are used in cosmatic industry,November-January
Rath Kesel,2486,Make bioplastics,January-December
Green Banana,1828,Make bioplastics,January-December
Ambum,737,"Beverage industry - To make milkshakes,smoothies, fruit juices",November-January
Ambum,2416,"Pharmaceutical industry- Make antioxidants,vitamins by exploring bioactive compound ",November-January
Kandula,4252,Banana chocolates and sweets,January-December
Kolikuttu,2715,Make bioplastics,November-January
Seeni Parakum,1723,cosmetic industry- Make haircare treatments with banana extracts,January-December
Puwalu,4769,Make flavors- Banana flavorings and extracts to make flavored syrups and drinks,November-January
Ambul Nadee,668,Export to USA as fresh banana,January-December
Ambum,4516,"Beverage industry - To make milkshakes,smoothies, fruit juices",January-December
Anamalu,3339,make banana silk which is eco friendly and biodegradable,January-December
Seeni Parakum,2554,Banana flavored craft beers,November-January
Suwandal,2264,cosmetic industry- Make haircare treatments with banana extracts,November-January
Kandula,2890,Make banana oils are used in cosmatic industry,January-December
Rath Kesel,1092,make banana silk which is eco friendly and biodegradable,January-December
Suwandal,810,make banana silk which is eco friendly and biodegradable,January-December
Rath Kesel,4464,"Traditional alcoholic beverages- Banana liqueurs, wine",January-December
Puwalu,2226,Make innorganic fertilizers,November-January
Seeni Parakum,3381,Give CBL to make Waffers Biscuits,November-January
Puwalu,2030,Bakery industry- Banana breads and banana cakes,January-December
Seeni Parakum,485,Banana chips ( both sweetened and unsweetened),November-January
Anamalu,3703,Make tea bags and filters,November-January
Ambum,1485,Make banana oils are used in cosmatic industry,November-January
Sini Kesel,4378,Make single use plastic alternatives,January-December
Kolikuttu,3167,Food industry-desserts varieties,November-January
Puwalu,4938,cosmetic industry- Make haircare treatments with banana extracts,November-January
Ambul Nadee,3218,Make organic fertilizers,November-January
Ambum,4122,Make jam and sugary products to the local market,November-January
Nethra Palam,538,"Skincare industry- Make skincare products ( Lotions, creams and face masks",November-January
Puwalu,310,Bakery industry- Banana breads and banana cakes,January-December
Kolikuttu,2768,Make innorganic fertilizers,January-December
Sini Kesel,531,Banana flavored craft beers,November-January
Ambul Kesel,4552,cosmetic industry- Make haircare treatments with banana extracts,January-December
Anamalu,4743,Brewing and distilling industry- Make banana beer,November-January
Green Banana,1943,cosmetic industry- Make haircare treatments with banana extracts,January-December
Kolikuttu,4430,cosmetic industry- Make haircare treatments with banana extracts,November-January
Suwandal,437,make banana silk which is eco friendly and biodegradable,November-January
Puwalu,3493,cosmetic industry- Make haircare treatments with banana extracts,November-January
Puwalu,4338,make banana silk which is eco friendly and biodegradable,November-January
Anamalu,2685,Banana candies,November-January
Puwalu,1530,Make single use plastic alternatives,January-December
Sini Kesel,1008,Make flavors- Banana flavorings and extracts to make flavored syrups and drinks,January-December
Green Banana,3010,"Beverage industry - To make milkshakes,smoothies, fruit juices",January-December
Green Banana,4982,cosmetic industry- Make haircare treatments with banana extracts,January-December
Kolikuttu,2217,Make organic fertilizers,January-December
Seeni Parakum,1012,Make bioplastics,November-January
Anamalu,4228,Make natural remedies,January-December
Kandula,767,Make single use plastic alternatives,January-December
Seeni Parakum,3094,Banana candies,November-January
Ambul Nadee,2503,Food industry-desserts varieties,January-December
Suwandal,2324,Food industry-desserts varieties,January-December
Rath Kesel,2069,Banana chips ( both sweetened and unsweetened),November-January
Puwalu,4577,make dried and powdered banana peels to use as a supplement in animal feed.,November-January
Green Banana,306,"Pharmaceutical industry- Make antioxidants,vitamins by exploring bioactive compound ",January-December
Kandula,3049,Textile industry- make banana fibers,January-December
Kolikuttu,2607,Make tea bags and filters,November-January
Puwalu,3245,Bakery industry- Banana breads and banana cakes,January-December
Kandula,817,Food industry-desserts varieties,January-December
Seeni Parakum,292,Export to USA as fresh banana,November-January
Kolikuttu,3882,Make organic fertilizers,January-December
Rath Kesel,2904,"Pharmaceutical industry- Make antioxidants,vitamins by exploring bioactive compound ",January-December
Sini Kesel,4677,Make innorganic fertilizers,November-January
Ambum,1172,Banana flavored craft beers,January-December
Ambul Nadee,1381,make dried and powdered banana peels to use as a supplement in animal feed.,November-January
Green Banana,4986,Brewing and distilling industry- Make banana beer,November-January
Rath Kesel,4338,"Pharmaceutical industry- Make antioxidants,vitamins by exploring bioactive compound ",January-December
Sini Kesel,4331,Export to USA as fresh banana,January-December
Anamalu,216,Export to USA as fresh banana,November-January
Kolikuttu,2950,Make organic fertilizers,January-December
Suwandal,4841,Make flavors- Banana flavorings and extracts to make flavored syrups and drinks,January-December
Sini Kesel,2441,Make banana oils are used in cosmatic industry,November-January
Kandula,3629,make banana silk which is eco friendly and biodegradable,January-December
Green Banana,2152,Make organic fertilizers,January-December
Ambum,4767,Make natural remedies,November-January
Ambum,1498,"Pharmaceutical industry- Make antioxidants,vitamins by exploring bioactive compound ",January-December
Suwandal,1314,make dried and powdered banana peels to use as a supplement in animal feed.,January-December
Ambum,4514,Food industry-desserts varieties,November-January
Rath Kesel,4814,Make natural remedies,January-December
Seeni Parakum,601,"Pharmaceutical industry- Make antioxidants,vitamins by exploring bioactive compound ",November-January
Sini Kesel,1385,Make innorganic fertilizers,November-January
Suwandal,2364,cosmetic industry- Make haircare treatments with banana extracts,November-January
Kandula,4066,Make breakfast cereals,January-December
Kolikuttu,3679,"Skincare industry- Make skincare products ( Lotions, creams and face masks",January-December
Rath Kesel,1696,Give CBL to make Waffers Biscuits,January-December
Sini Kesel,4741,"Traditional alcoholic beverages- Banana liqueurs, wine",November-January
Rath Kesel,3655,Banana flavored craft beers,January-December
Seeni Parakum,4767,Bakery industry- Banana breads and banana cakes,November-January
Kolikuttu,1153,Make tea bags and filters,November-January
Kandula,2722,Give CBL to make Waffers Biscuits,November-January
Kandula,3465,Make bioplastics,November-January
Sini Kesel,2484,Make breakfast cereals,January-December
Ambul Nadee,368,Make jam and sugary products to the local market,November-January
Seeni Parakum,894,make banana silk which is eco friendly and biodegradable,January-December
Rath Kesel,4209,make dried and powdered banana peels to use as a supplement in animal feed.,January-December
Suwandal,1760,Make jam and sugary products to the local market,November-January
Puwalu,1743,Make jam and sugary products to the local market,January-December
Seeni Parakum,2497,Give CBL to make Waffers Biscuits,November-January
Rath Kesel,4821,Give CBL to make Waffers Biscuits,January-December
Ambul Nadee,839,Make organic fertilizers,November-January
Green Banana,779,Make flavors- Banana flavorings and extracts to make flavored syrups and drinks,January-December
Anamalu,4748,Make single use plastic alternatives,January-December
Kandula,235,Make innorganic fertilizers,January-December
Kolikuttu,1949,"Pharmaceutical industry- Make antioxidants,vitamins by exploring bioactive compound ",November-January
Nethra Palam,3263,make dried and powdered banana peels to use as a supplement in animal feed.,January-December
Ambul Kesel,3903,"Skincare industry- Make skincare products ( Lotions, creams and face masks",January-December
Nethra Palam,4540,"Beverage industry - To make milkshakes,smoothies, fruit juices",November-January
Puwalu,4755,Make bioplastics,January-December
Suwandal,3075,Make jam and sugary products to the local market,November-January
Sini Kesel,1022,Food industry-desserts varieties,November-January
Sini Kesel,3645,"Pharmaceutical industry- Make antioxidants,vitamins by exploring bioactive compound ",November-January
Ambul Kesel,2230,Make jam and sugary products to the local market,January-December
Sini Kesel,4962,Banana candies,November-January
Suwandal,2141,Make high quality acid free paper from banana stems and leaves,January-December
Seeni Parakum,2725,Make bioplastics,November-January
Kolikuttu,4163,dehydrated banana chips,January-December
Kandula,2556,Make single use plastic alternatives,January-December
Puwalu,2365,Export to USA as fresh banana,November-January
Green Banana,4950,Bakery industry- Banana breads and banana cakes,November-January
Sini Kesel,2890,Make flavors- Banana flavorings and extracts to make flavored syrups and drinks,November-January
Anamalu,4321,Give CBL to make Waffers Biscuits,November-January
Ambul Kesel,2265,Make organic fertilizers,November-January
Green Banana,1290,Bakery industry- Banana breads and banana cakes,November-January
Anamalu,4027,Give CBL to make Waffers Biscuits,January-December
Green Banana,466,Make tea bags and filters,January-December
Ambum,405,Make tea bags and filters,November-January
Kandula,1820,Make organic fertilizers,January-December
Seeni Parakum,2914,Export to USA as fresh banana,January-December
Green Banana,3580,Make organic fertilizers,November-January
Ambul Nadee,4512,"Beverage industry - To make milkshakes,smoothies, fruit juices",January-December
Anamalu,4971,make banana silk which is eco friendly and biodegradable,November-January
Puwalu,634,Make natural remedies,November-January
Sini Kesel,1373,make dried and powdered banana peels to use as a supplement in animal feed.,January-December
Nethra Palam,514,Bakery industry- Banana breads and banana cakes,November-January
Ambum,2722,Make banana oils are used in cosmatic industry,November-January
Kandula,2161,Food industry-desserts varieties,November-January
Kandula,3434,Make bioplastics,January-December
Ambum,1382,make banana silk which is eco friendly and biodegradable,January-December
Seeni Parakum,795,Brewing and distilling industry- Make banana beer,November-January
Anamalu,2637,cosmetic industry- Make haircare treatments with banana extracts,January-December
Seeni Parakum,2496,Banana chips ( both sweetened and unsweetened),November-January
Kandula,250,Make organic fertilizers,January-December
Ambum,3118,Brewing and distilling industry- Make banana beer,January-December
Ambum,159,Export to USA as fresh banana,November-January
Anamalu,2168,Textile industry- make banana fibers,November-January
Rath Kesel,249,"Skincare industry- Make skincare products ( Lotions, creams and face masks",January-December
Anamalu,1240,dehydrated banana chips,November-January
Seeni Parakum,4511,Brewing and distilling industry- Make banana beer,January-December
Rath Kesel,4230,make dried and powdered banana peels to use as a supplement in animal feed.,November-January
Rath Kesel,1619,make banana silk which is eco friendly and biodegradable,November-January
Puwalu,2601,"Pharmaceutical industry- Make antioxidants,vitamins by exploring bioactive compound ",November-January
Nethra Palam,364,Make natural remedies,November-January
Kandula,4113,Bakery industry- Banana breads and banana cakes,January-December
Kolikuttu,1029,Banana candies,November-January
Ambum,325,Banana flavored craft beers,November-January
Nethra Palam,1943,Make jam and sugary products to the local market,November-January
Ambum,3085,Banana candies,November-January
Nethra Palam,2678,Make flavors- Banana flavorings and extracts to make flavored syrups and drinks,November-January
Puwalu,1310,Brewing and distilling industry- Make banana beer,January-December
Sini Kesel,675,Make natural remedies,November-January
Ambul Kesel,4622,"Pharmaceutical industry- Make antioxidants,vitamins by exploring bioactive compound ",November-January
Ambul Nadee,3421,Brewing and distilling industry- Make banana beer,November-January
Puwalu,3474,Make natural remedies,January-December
Nethra Palam,1672,make dried and powdered banana peels to use as a supplement in animal feed.,January-December
Nethra Palam,3700,"Pharmaceutical industry- Make antioxidants,vitamins by exploring bioactive compound ",January-December
Puwalu,4955,Make jam and sugary products to the local market,November-January
Green Banana,1765,Brewing and distilling industry- Make banana beer,January-December
Kolikuttu,843,Banana chocolates and sweets,January-December
Kolikuttu,2707,Brewing and distilling industry- Make banana beer,January-December
Puwalu,1735,Banana chocolates and sweets,November-January
Puwalu,3140,Banana flavored craft beers,November-January
Puwalu,658,Export to USA as fresh banana,January-December
Ambul Kesel,3540,make banana silk which is eco friendly and biodegradable,January-December
Kandula,3017,"Beverage industry - To make milkshakes,smoothies, fruit juices",January-December
Kolikuttu,2698,Food industry-desserts varieties,November-January
Sini Kesel,3039,make dried and powdered banana peels to use as a supplement in animal feed.,January-December
Rath Kesel,4588,Bakery industry- Banana breads and banana cakes,November-January
Ambum,2320,"Skincare industry- Make skincare products ( Lotions, creams and face masks",January-December
Rath Kesel,3570,"Beverage industry - To make milkshakes,smoothies, fruit juices",November-January
Anamalu,4755,"Pharmaceutical industry- Make antioxidants,vitamins by exploring bioactive compound ",November-January
Nethra Palam,637,Textile industry- make banana fibers,November-January
Ambul Nadee,1026,Banana chocolates and sweets,November-January
Rath Kesel,644,"Skincare industry- Make skincare products ( Lotions, creams and face masks",January-December
Suwandal,742,Make flavors- Banana flavorings and extracts to make flavored syrups and drinks,November-January
Nethra Palam,3128,Banana chocolates and sweets,January-December
Anamalu,1543,Make bioplastics,November-January
Ambum,709,"Pharmaceutical industry- Make antioxidants,vitamins by exploring bioactive compound ",November-January
Rath Kesel,2091,"Skincare industry- Make skincare products ( Lotions, creams and face masks",November-January
Seeni Parakum,1271,"Traditional alcoholic beverages- Banana liqueurs, wine",January-December
Ambul Kesel,1235,make banana silk which is eco friendly and biodegradable,November-January
Kolikuttu,1059,Food industry-desserts varieties,November-January
Anamalu,2361,"Traditional alcoholic beverages- Banana liqueurs, wine",November-January
Seeni Parakum,1144,Make bioplastics,January-December
Nethra Palam,490,Make banana oils are used in cosmatic industry,January-December
Ambum,3604,Make organic fertilizers,November-January
Ambul Kesel,2786,Make breakfast cereals,November-January
Ambul Kesel,3825,cosmetic industry- Make haircare treatments with banana extracts,January-December
Kolikuttu,139,Make organic fertilizers,January-December
Nethra Palam,3796,"Pharmaceutical industry- Make antioxidants,vitamins by exploring bioactive compound ",January-December
Ambul Kesel,3473,Make natural remedies,January-December
Anamalu,3510,Banana candies,November-January
Sini Kesel,2606,Make banana oils are used in cosmatic industry,January-December
Nethra Palam,1336,Export to USA as fresh banana,January-December
Kandula,4111,Make single use plastic alternatives,January-December
Sini Kesel,1491,Food industry-desserts varieties,January-December
Suwandal,2775,Make bioplastics,January-December
Nethra Palam,2855,Make tea bags and filters,November-January
Seeni Parakum,4546,Banana chocolates and sweets,January-December
Anamalu,1524,Brewing and distilling industry- Make banana beer,November-January
Nethra Palam,392,"Beverage industry - To make milkshakes,smoothies, fruit juices",November-January
Kandula,3122,Banana flavored craft beers,January-December
Ambum,3658,cosmetic industry- Make haircare treatments with banana extracts,January-December
Ambul Kesel,931,Make tea bags and filters,November-January
Ambul Kesel,4733,Make banana oils are used in cosmatic industry,November-January
Ambul Nadee,2563,Textile industry- make banana fibers,January-December
Nethra Palam,415,Bakery industry- Banana breads and banana cakes,January-December
Seeni Parakum,3588,Give CBL to make Waffers Biscuits,January-December
Seeni Parakum,4515,"Skincare industry- Make skincare products ( Lotions, creams and face masks",November-January
Green Banana,2129,dehydrated banana chips,January-December
Sini Kesel,3389,Make flavors- Banana flavorings and extracts to make flavored syrups and drinks,November-January
Ambul Kesel,462,Make breakfast cereals,January-December
Puwalu,600,make banana silk which is eco friendly and biodegradable,January-December
Rath Kesel,800,"Traditional alcoholic beverages- Banana liqueurs, wine",January-December
Ambul Kesel,4614,Banana chips ( both sweetened and unsweetened),November-January
Ambul Nadee,1337,"Traditional alcoholic beverages- Banana liqueurs, wine",November-January
Green Banana,2532,Banana flavored craft beers,January-December
Nethra Palam,3617,Make jam and sugary products to the local market,January-December
Suwandal,2956,"Traditional alcoholic beverages- Banana liqueurs, wine",November-January
Puwalu,1275,Make high quality acid free paper from banana stems and leaves,November-January
Ambum,2237,Food industry-desserts varieties,January-December
Rath Kesel,2811,"Skincare industry- Make skincare products ( Lotions, creams and face masks",November-January
Seeni Parakum,2287,Make high quality acid free paper from banana stems and leaves,November-January
Ambul Kesel,4667,Make organic fertilizers,January-December
Ambul Nadee,2703,make dried and powdered banana peels to use as a supplement in animal feed.,January-December
Seeni Parakum,2503,Banana chips ( both sweetened and unsweetened),November-January
Seeni Parakum,4827,Banana candies,November-January
Ambul Kesel,3598,Banana chips ( both sweetened and unsweetened),January-December
Ambul Nadee,1059,Banana flavored craft beers,November-January
Ambul Kesel,4761,cosmetic industry- Make haircare treatments with banana extracts,November-January
Seeni Parakum,3658,Make bioplastics,November-January
Anamalu,3670,"Skincare industry- Make skincare products ( Lotions, creams and face masks",January-December
Kandula,1163,Textile industry- make banana fibers,January-December
Kandula,4798,Make innorganic fertilizers,November-January
Anamalu,2170,Make banana oils are used in cosmatic industry,January-December
Green Banana,2742,Make flavors- Banana flavorings and extracts to make flavored syrups and drinks,November-January
Nethra Palam,820,Make innorganic fertilizers,November-January
Ambul Nadee,951,Banana chocolates and sweets,November-January
Sini Kesel,4403,Make high quality acid free paper from banana stems and leaves,January-December
Ambul Kesel,3653,Food industry-desserts varieties,November-January
Kolikuttu,3981,Banana chocolates and sweets,November-January
Seeni Parakum,4788,Banana candies,November-January
Green Banana,4776,Make organic fertilizers,January-December
Anamalu,4167,Make tea bags and filters,January-December
Ambul Nadee,2566,Banana candies,November-January
Ambum,498,"Pharmaceutical industry- Make antioxidants,vitamins by exploring bioactive compound ",November-January
Ambul Kesel,1471,make banana silk which is eco friendly and biodegradable,November-January
Seeni Parakum,1864,dehydrated banana chips,November-January
Rath Kesel,4141,Make jam and sugary products to the local market,January-December
Suwandal,4326,Make natural remedies,November-January
Kolikuttu,684,cosmetic industry- Make haircare treatments with banana extracts,January-December
Green Banana,1480,Make tea bags and filters,January-December
Rath Kesel,1826,Make jam and sugary products to the local market,November-January
Anamalu,3290,Brewing and distilling industry- Make banana beer,November-January
Ambul Nadee,4777,dehydrated banana chips,November-January
Ambul Nadee,3732,"Pharmaceutical industry- Make antioxidants,vitamins by exploring bioactive compound ",January-December
Seeni Parakum,3492,Banana chocolates and sweets,November-January
Green Banana,2226,Make organic fertilizers,January-December
Rath Kesel,2678,Brewing and distilling industry- Make banana beer,November-January
Anamalu,72,make banana silk which is eco friendly and biodegradable,January-December
Kandula,3617,Banana chips ( both sweetened and unsweetened),January-December
Kandula,1822,dehydrated banana chips,January-December
Puwalu,1278,Food industry-desserts varieties,November-January
Puwalu,1928,Make bioplastics,January-December
Green Banana,3303,Food industry-desserts varieties,November-January
Ambul Kesel,4068,"Traditional alcoholic beverages- Banana liqueurs, wine",January-December
Sini Kesel,2368,Export to USA as fresh banana,January-December
Ambum,512,"Skincare industry- Make skincare products ( Lotions, creams and face masks",November-January
Seeni Parakum,175,Make banana oils are used in cosmatic industry,November-January
Ambul Kesel,2870,make dried and powdered banana peels to use as a supplement in animal feed.,January-December
Sini Kesel,1285,Make organic fertilizers,November-January
Kandula,3519,Banana candies,November-January
Kolikuttu,4192,Make banana oils are used in cosmatic industry,November-January
Seeni Parakum,1341,Make high quality acid free paper from banana stems and leaves,November-January
Seeni Parakum,3675,"Traditional alcoholic beverages- Banana liqueurs, wine",November-January
Puwalu,3639,Banana chips ( both sweetened and unsweetened),November-January
Ambul Kesel,3257,"Skincare industry- Make skincare products ( Lotions, creams and face masks",November-January
Nethra Palam,942,Make jam and sugary products to the local market,January-December
Ambum,603,make dried and powdered banana peels to use as a supplement in animal feed.,January-December
Ambul Kesel,3280,Export to USA as fresh banana,November-January
Ambum,2431,Banana flavored craft beers,November-January
Nethra Palam,2246,Banana chocolates and sweets,November-January
Seeni Parakum,2176,Banana chips ( both sweetened and unsweetened),November-January
Kolikuttu,2657,Textile industry- make banana fibers,January-December
Suwandal,748,Banana flavored craft beers,January-December
Ambum,4066,Food industry-desserts varieties,November-January
Anamalu,696,Textile industry- make banana fibers,November-January
Green Banana,164,Banana chips ( both sweetened and unsweetened),November-January
Kandula,1551,Make single use plastic alternatives,November-January
Rath Kesel,4999,Bakery industry- Banana breads and banana cakes,November-January
Puwalu,4858,Make tea bags and filters,November-January
Puwalu,1500,Make breakfast cereals,November-January
Ambul Kesel,987,Make natural remedies,January-December
Anamalu,2449,Make natural remedies,January-December
Seeni Parakum,4970,Make tea bags and filters,November-January
Sini Kesel,4301,make dried and powdered banana peels to use as a supplement in animal feed.,November-January
Seeni Parakum,3396,Make jam and sugary products to the local market,January-December
Ambul Kesel,3164,Brewing and distilling industry- Make banana beer,January-December
Green Banana,1419,Make breakfast cereals,January-December
Sini Kesel,3717,Bakery industry- Banana breads and banana cakes,November-January
Kandula,3026,Make high quality acid free paper from banana stems and leaves,November-January
Ambul Nadee,3400,Textile industry- make banana fibers,January-December
Sini Kesel,4121,Make flavors- Banana flavorings and extracts to make flavored syrups and drinks,January-December
Nethra Palam,3348,Make flavors- Banana flavorings and extracts to make flavored syrups and drinks,November-January
Sini Kesel,3838,"Beverage industry - To make milkshakes,smoothies, fruit juices",January-December
Anamalu,3879,Make organic fertilizers,January-December
Ambum,86,"Pharmaceutical industry- Make antioxidants,vitamins by exploring bioactive compound ",January-December
Anamalu,405,make banana silk which is eco friendly and biodegradable,January-December
Kolikuttu,1996,Give CBL to make Waffers Biscuits,November-January
Kandula,684,Give CBL to make Waffers Biscuits,January-December
Kandula,2328,Make innorganic fertilizers,January-December
Ambul Kesel,1393,Make flavors- Banana flavorings and extracts to make flavored syrups and drinks,January-December
Kandula,782,Make bioplastics,November-January
Rath Kesel,3854,Brewing and distilling industry- Make banana beer,November-January
Ambum,2540,"Beverage industry - To make milkshakes,smoothies, fruit juices",November-January
Ambul Kesel,1159,"Skincare industry- Make skincare products ( Lotions, creams and face masks",January-December
Nethra Palam,2471,dehydrated banana chips,January-December
Ambul Kesel,60,Make banana oils are used in cosmatic industry,November-January
Rath Kesel,1794,Make natural remedies,January-December
Ambul Kesel,2351,Make innorganic fertilizers,January-December
Rath Kesel,1566,"Beverage industry - To make milkshakes,smoothies, fruit juices",January-December
Rath Kesel,2737,Make high quality acid free paper from banana stems and leaves,November-January
Rath Kesel,1234,Make natural remedies,January-December
Ambum,2064,"Beverage industry - To make milkshakes,smoothies, fruit juices",November-January
Puwalu,4715,Make jam and sugary products to the local market,January-December
Sini Kesel,3939,Banana chips ( both sweetened and unsweetened),November-January
Seeni Parakum,1920,"Skincare industry- Make skincare products ( Lotions, creams and face masks",January-December
Ambul Nadee,2864,Banana chips ( both sweetened and unsweetened),November-January
Seeni Parakum,2722,Banana candies,January-December
Sini Kesel,1233,Banana flavored craft beers,January-December
Green Banana,3901,Food industry-desserts varieties,November-January
Kolikuttu,3736,Make single use plastic alternatives,January-December
Ambum,4313,cosmetic industry- Make haircare treatments with banana extracts,January-December
Puwalu,2248,Make natural remedies,November-January
Kolikuttu,780,"Skincare industry- Make skincare products ( Lotions, creams and face masks",January-December
Sini Kesel,3554,Export to USA as fresh banana,November-January
Anamalu,2326,"Pharmaceutical industry- Make antioxidants,vitamins by exploring bioactive compound ",November-January
Kandula,1440,dehydrated banana chips,January-December
Puwalu,1948,Make high quality acid free paper from banana stems and leaves,November-January
Sini Kesel,4545,make banana silk which is eco friendly and biodegradable,January-December
Kandula,2732,Make breakfast cereals,November-January
Puwalu,2171,Food industry-desserts varieties,January-December
Sini Kesel,3238,Make tea bags and filters,November-January
Kolikuttu,3191,"Skincare industry- Make skincare products ( Lotions, creams and face masks",January-December
Anamalu,4621,Make innorganic fertilizers,January-December
Green Banana,3898,Export to USA as fresh banana,January-December
Rath Kesel,539,make banana silk which is eco friendly and biodegradable,January-December
Ambum,4645,Make organic fertilizers,November-January
Nethra Palam,4887,Make flavors- Banana flavorings and extracts to make flavored syrups and drinks,November-January
Puwalu,375,Make innorganic fertilizers,January-December
Kandula,3189,Make breakfast cereals,November-January
Sini Kesel,2049,make dried and powdered banana peels to use as a supplement in animal feed.,November-January
Sini Kesel,3411,Make tea bags and filters,November-January
Nethra Palam,2503,Make single use plastic alternatives,January-December
Kandula,4205,Make organic fertilizers,November-January
Sini Kesel,3813,Bakery industry- Banana breads and banana cakes,November-January
Ambul Kesel,917,Make bioplastics,November-January
Ambum,2435,Make bioplastics,January-December
Sini Kesel,4679,Textile industry- make banana fibers,November-January
Sini Kesel,3485,Banana candies,November-January
Green Banana,797,Banana chocolates and sweets,January-December
Rath Kesel,4649,"Traditional alcoholic beverages- Banana liqueurs, wine",January-December
Ambul Kesel,2288,Bakery industry- Banana breads and banana cakes,November-January
Puwalu,3887,Bakery industry- Banana breads and banana cakes,November-January
Ambul Nadee,2399,make dried and powdered banana peels to use as a supplement in animal feed.,November-January
Nethra Palam,933,Make bioplastics,November-January
Ambum,1617,Banana chocolates and sweets,January-December
Sini Kesel,56,Make breakfast cereals,January-December
Ambul Kesel,3920,Make natural remedies,January-December
Anamalu,3295,"Beverage industry - To make milkshakes,smoothies, fruit juices",November-January
Green Banana,3287,Textile industry- make banana fibers,January-December
Suwandal,3653,Export to USA as fresh banana,November-January
Anamalu,4303,Brewing and distilling industry- Make banana beer,November-January
Nethra Palam,4441,Make breakfast cereals,November-January
Suwandal,4728,Make flavors- Banana flavorings and extracts to make flavored syrups and drinks,January-December
Kolikuttu,1424,Make banana oils are used in cosmatic industry,January-December
Sini Kesel,2230,Give CBL to make Waffers Biscuits,November-January
Sini Kesel,716,make dried and powdered banana peels to use as a supplement in animal feed.,January-December
Nethra Palam,4050,dehydrated banana chips,January-December
Green Banana,371,Make banana oils are used in cosmatic industry,November-January
Ambul Kesel,1288,Make banana oils are used in cosmatic industry,January-December
Ambul Nadee,2138,make dried and powdered banana peels to use as a supplement in animal feed.,November-January
Green Banana,165,"Skincare industry- Make skincare products ( Lotions, creams and face masks",November-January
Rath Kesel,4833,make dried and powdered banana peels to use as a supplement in animal feed.,November-January
Ambul Nadee,2356,Brewing and distilling industry- Make banana beer,November-January
Sini Kesel,1908,Make innorganic fertilizers,January-December
Green Banana,4763,Make breakfast cereals,January-December
Anamalu,690,Brewing and distilling industry- Make banana beer,November-January
Suwandal,1983,Banana flavored craft beers,January-December
Puwalu,3112,cosmetic industry- Make haircare treatments with banana extracts,January-December
Suwandal,1241,"Skincare industry- Make skincare products ( Lotions, creams and face masks",January-December
Green Banana,2458,Make jam and sugary products to the local market,January-December
Ambul Nadee,4069,"Beverage industry - To make milkshakes,smoothies, fruit juices",January-December
Sini Kesel,1293,Give CBL to make Waffers Biscuits,November-January
Ambul Kesel,841,Food industry-desserts varieties,November-January
Anamalu,4826,cosmetic industry- Make haircare treatments with banana extracts,November-January
Ambul Kesel,576,Bakery industry- Banana breads and banana cakes,January-December
Rath Kesel,1694,Make organic fertilizers,January-December
Anamalu,1988,make dried and powdered banana peels to use as a supplement in animal feed.,November-January
Green Banana,1781,Bakery industry- Banana breads and banana cakes,November-January
Kolikuttu,1480,Make bioplastics,November-January
Anamalu,4073,Make banana oils are used in cosmatic industry,January-December
Nethra Palam,2510,dehydrated banana chips,January-December
Nethra Palam,3851,dehydrated banana chips,November-January
Green Banana,252,Banana candies,November-January
Kolikuttu,2884,Food industry-desserts varieties,January-December
Kolikuttu,356,Make high quality acid free paper from banana stems and leaves,November-January
Ambul Kesel,405,"Skincare industry- Make skincare products ( Lotions, creams and face masks",November-January
Puwalu,3051,Give CBL to make Waffers Biscuits,January-December
Seeni Parakum,2003,Make organic fertilizers,November-January
Kolikuttu,404,make banana silk which is eco friendly and biodegradable,November-January
Kolikuttu,3132,"Skincare industry- Make skincare products ( Lotions, creams and face masks",January-December
Rath Kesel,4767,cosmetic industry- Make haircare treatments with banana extracts,November-January
Kolikuttu,2340,Make jam and sugary products to the local market,January-December
Anamalu,2241,Export to USA as fresh banana,January-December
Seeni Parakum,4596,Make single use plastic alternatives,January-December
Anamalu,362,Banana chocolates and sweets,November-January
Ambul Nadee,3225,Give CBL to make Waffers Biscuits,November-January
Green Banana,1644,Make single use plastic alternatives,November-January
Sini Kesel,4849,Brewing and distilling industry- Make banana beer,November-January
Kolikuttu,59,Bakery industry- Banana breads and banana cakes,January-December
Ambum,1635,Export to USA as fresh banana,January-December
Ambul Nadee,1090,Brewing and distilling industry- Make banana beer,January-December
Anamalu,4921,Export to USA as fresh banana,January-December
Kolikuttu,4093,make dried and powdered banana peels to use as a supplement in animal feed.,January-December
Kolikuttu,1051,Make high quality acid free paper from banana stems and leaves,January-December
Nethra Palam,3088,Make high quality acid free paper from banana stems and leaves,January-December
Ambul Nadee,1985,Banana chips ( both sweetened and unsweetened),January-December
Ambul Nadee,2470,Textile industry- make banana fibers,January-December
Seeni Parakum,1377,Make organic fertilizers,November-January
Ambul Kesel,4350,Textile industry- make banana fibers,January-December
Suwandal,2013,"Traditional alcoholic beverages- Banana liqueurs, wine",November-January
Suwandal,3125,Bakery industry- Banana breads and banana cakes,January-December
Kolikuttu,241,Make single use plastic alternatives,November-January
Green Banana,2848,Make banana oils are used in cosmatic industry,November-January
Seeni Parakum,2435,Bakery industry- Banana breads and banana cakes,November-January
Sini Kesel,3697,Make flavors- Banana flavorings and extracts to make flavored syrups and drinks,January-December
Ambum,1393,Textile industry- make banana fibers,January-December
Anamalu,3503,Export to USA as fresh banana,November-January
Suwandal,4568,Bakery industry- Banana breads and banana cakes,January-December
Nethra Palam,394,Banana flavored craft beers,November-January
Seeni Parakum,4211,make banana silk which is eco friendly and biodegradable,November-January
Sini Kesel,141,Brewing and distilling industry- Make banana beer,November-January
Sini Kesel,1023,Make jam and sugary products to the local market,January-December
Kandula,3176,Give CBL to make Waffers Biscuits,January-December
Kolikuttu,4397,Export to USA as fresh banana,November-January
Kolikuttu,373,Banana flavored craft beers,November-January
Puwalu,4140,Bakery industry- Banana breads and banana cakes,January-December
Kandula,4563,cosmetic industry- Make haircare treatments with banana extracts,January-December
Nethra Palam,517,"Beverage industry - To make milkshakes,smoothies, fruit juices",November-January
Nethra Palam,2228,Banana chocolates and sweets,January-December
Suwandal,2224,Brewing and distilling industry- Make banana beer,November-January
Anamalu,448,Make bioplastics,January-December
Suwandal,75,make dried and powdered banana peels to use as a supplement in animal feed.,January-December
Ambul Nadee,426,Make organic fertilizers,January-December
Ambul Nadee,1650,Textile industry- make banana fibers,January-December
Ambul Kesel,2722,"Skincare industry- Make skincare products ( Lotions, creams and face masks",November-January
Ambum,3555,Make breakfast cereals,January-December
Green Banana,4864,"Beverage industry - To make milkshakes,smoothies, fruit juices",January-December
Anamalu,457,"Beverage industry - To make milkshakes,smoothies, fruit juices",November-January
Green Banana,3612,Make innorganic fertilizers,November-January
Ambum,724,Banana flavored craft beers,November-January
Kolikuttu,3621,Brewing and distilling industry- Make banana beer,November-January
Kandula,4551,Banana chips ( both sweetened and unsweetened),November-January
Rath Kesel,1011,Banana candies,November-January
Suwandal,3487,make dried and powdered banana peels to use as a supplement in animal feed.,November-January
Kolikuttu,94,dehydrated banana chips,November-January
Ambum,2622,"Pharmaceutical industry- Make antioxidants,vitamins by exploring bioactive compound ",November-January
Ambum,3704,"Skincare industry- Make skincare products ( Lotions, creams and face masks",November-January
Rath Kesel,3511,Brewing and distilling industry- Make banana beer,January-December
Anamalu,1826,Make breakfast cereals,November-January
Anamalu,1382,"Traditional alcoholic beverages- Banana liqueurs, wine",January-December
Anamalu,2189,Make tea bags and filters,January-December
Anamalu,3002,Make bioplastics,November-January
Puwalu,2673,Banana chocolates and sweets,January-December
Seeni Parakum,527,dehydrated banana chips,November-January
Green Banana,4061,Make organic fertilizers,January-December
Ambul Nadee,1318,Banana candies,January-December
Puwalu,3685,cosmetic industry- Make haircare treatments with banana extracts,November-January
Ambul Kesel,3994,Make organic fertilizers,January-December
Puwalu,4839,Brewing and distilling industry- Make banana beer,January-December
Seeni Parakum,2028,Make natural remedies,January-December
Green Banana,2258,Banana candies,November-January
Green Banana,1968,Give CBL to make Waffers Biscuits,November-January
Kolikuttu,1839,Make flavors- Banana flavorings and extracts to make flavored syrups and drinks,November-January
Suwandal,288,Textile industry- make banana fibers,January-December
Suwandal,298,Banana chocolates and sweets,January-December
Sini Kesel,770,Give CBL to make Waffers Biscuits,November-January
Puwalu,3547,Export to USA as fresh banana,November-January
Puwalu,3639,Banana chips ( both sweetened and unsweetened),November-January
Anamalu,4958,"Skincare industry- Make skincare products ( Lotions, creams and face masks",November-January
Puwalu,1429,"Beverage industry - To make milkshakes,smoothies, fruit juices",January-December
Ambul Kesel,4392,Make breakfast cereals,January-December
Green Banana,4154,Food industry-desserts varieties,November-January
Ambul Kesel,3307,Make bioplastics,January-December
Seeni Parakum,2100,Make organic fertilizers,January-December
Seeni Parakum,2502,Make single use plastic alternatives,November-January
Anamalu,3125,Give CBL to make Waffers Biscuits,January-December
Ambul Kesel,1603,"Pharmaceutical industry- Make antioxidants,vitamins by exploring bioactive compound ",January-December
Ambum,4990,"Skincare industry- Make skincare products ( Lotions, creams and face masks",January-December
Seeni Parakum,2780,"Pharmaceutical industry- Make antioxidants,vitamins by exploring bioactive compound ",November-January
Ambul Kesel,2293,Bakery industry- Banana breads and banana cakes,January-December
Ambum,4056,Brewing and distilling industry- Make banana beer,November-January
Kandula,4378,Bakery industry- Banana breads and banana cakes,January-December
Puwalu,3029,Banana flavored craft beers,January-December
Sini Kesel,839,Make high quality acid free paper from banana stems and leaves,January-December
Suwandal,2827,"Skincare industry- Make skincare products ( Lotions, creams and face masks",November-January
Ambum,2299,Banana chocolates and sweets,January-December
Seeni Parakum,2861,Banana chips ( both sweetened and unsweetened),November-January
Ambul Nadee,1000,Export to USA as fresh banana,January-December
Sini Kesel,4174,Make bioplastics,November-January
Puwalu,1300,Brewing and distilling industry- Make banana beer,January-December
Suwandal,2086,make dried and powdered banana peels to use as a supplement in animal feed.,November-January
Puwalu,2906,Make banana oils are used in cosmatic industry,January-December
Kandula,2976,Food industry-desserts varieties,November-January
Green Banana,3894,make banana silk which is eco friendly and biodegradable,November-January
Nethra Palam,681,make banana silk which is eco friendly and biodegradable,November-January
Ambul Kesel,3474,"Pharmaceutical industry- Make antioxidants,vitamins by exploring bioactive compound ",November-January
Suwandal,1419,Textile industry- make banana fibers,November-January
Ambul Nadee,3005,Brewing and distilling industry- Make banana beer,January-December
Puwalu,633,Make breakfast cereals,January-December
Nethra Palam,4477,Give CBL to make Waffers Biscuits,November-January
Seeni Parakum,3503,Textile industry- make banana fibers,November-January
Ambum,2849,Banana flavored craft beers,November-January
Kolikuttu,1616,Bakery industry- Banana breads and banana cakes,November-January
Ambul Nadee,110,Make innorganic fertilizers,January-December
Kandula,2414,Make natural remedies,November-January
Suwandal,565,Give CBL to make Waffers Biscuits,January-December
Suwandal,2185,"Beverage industry - To make milkshakes,smoothies, fruit juices",January-December
Puwalu,2180,Make bioplastics,January-December
Ambum,3769,Make banana oils are used in cosmatic industry,November-January
Suwandal,2298,Make breakfast cereals,January-December
Suwandal,773,Make organic fertilizers,November-January
Anamalu,4970,"Pharmaceutical industry- Make antioxidants,vitamins by exploring bioactive compound ",January-December
Seeni Parakum,526,Make bioplastics,November-January
Sini Kesel,240,Make flavors- Banana flavorings and extracts to make flavored syrups and drinks,November-January
Seeni Parakum,2266,Bakery industry- Banana breads and banana cakes,November-January
Kolikuttu,1932,Make breakfast cereals,November-January
Seeni Parakum,4877,"Pharmaceutical industry- Make antioxidants,vitamins by exploring bioactive compound ",January-December
Seeni Parakum,941,Banana chocolates and sweets,November-January
Ambul Nadee,496,make dried and powdered banana peels to use as a supplement in animal feed.,November-January
Suwandal,4470,Make banana oils are used in cosmatic industry,January-December
Nethra Palam,3887,cosmetic industry- Make haircare treatments with banana extracts,November-January
Ambul Kesel,3780,Make single use plastic alternatives,November-January
Puwalu,941,"Skincare industry- Make skincare products ( Lotions, creams and face masks",November-January
Anamalu,1864,Banana chocolates and sweets,January-December
Nethra Palam,1170,Make innorganic fertilizers,November-January
Suwandal,2454,Give CBL to make Waffers Biscuits,January-December
Ambul Kesel,4082,Make flavors- Banana flavorings and extracts to make flavored syrups and drinks,January-December
Seeni Parakum,3648,Make single use plastic alternatives,January-December
Seeni Parakum,4827,Textile industry- make banana fibers,January-December
Sini Kesel,3939,Make breakfast cereals,January-December
Kolikuttu,2750,Brewing and distilling industry- Make banana beer,January-December
Rath Kesel,2790,Make single use plastic alternatives,November-January
Green Banana,1033,Make organic fertilizers,November-January
Green Banana,638,Make breakfast cereals,November-January
Rath Kesel,3495,Brewing and distilling industry- Make banana beer,November-January
Ambul Nadee,4245,Export to USA as fresh banana,November-January
Ambul Kesel,1107,dehydrated banana chips,November-January
Ambul Kesel,982,dehydrated banana chips,January-December
Kolikuttu,79,Banana chocolates and sweets,January-December
Ambul Nadee,372,Banana flavored craft beers,November-January
Sini Kesel,1925,Make bioplastics,November-January
Ambum,2036,Make innorganic fertilizers,January-December
Puwalu,2718,dehydrated banana chips,November-January
Rath Kesel,1769,"Pharmaceutical industry- Make antioxidants,vitamins by exploring bioactive compound ",November-January
Suwandal,3962,Banana chips ( both sweetened and unsweetened),January-December
Kandula,3775,Make organic fertilizers,November-January
Kandula,4561,Give CBL to make Waffers Biscuits,November-January
Seeni Parakum,2981,Make breakfast cereals,January-December
Nethra Palam,341,Make natural remedies,November-January
Ambul Kesel,319,Make breakfast cereals,January-December
Rath Kesel,2555,Export to USA as fresh banana,November-January
Ambum,3999,Textile industry- make banana fibers,November-January
Ambul Nadee,4357,Brewing and distilling industry- Make banana beer,November-January
Ambum,4792,Banana candies,November-January
Nethra Palam,3171,make banana silk which is eco friendly and biodegradable,November-January
Puwalu,1886,Banana flavored craft beers,January-December
Ambul Nadee,1216,Make breakfast cereals,November-January
Suwandal,335,Banana candies,November-January
Seeni Parakum,362,Food industry-desserts varieties,January-December
Suwandal,1515,"Skincare industry- Make skincare products ( Lotions, creams and face masks",January-December
Suwandal,900,"Beverage industry - To make milkshakes,smoothies, fruit juices",January-December
Puwalu,4477,Food industry-desserts varieties,November-January
Nethra Palam,4404,"Traditional alcoholic beverages- Banana liqueurs, wine",November-January
Nethra Palam,3652,Make single use plastic alternatives,November-January
Suwandal,2999,Banana chips ( both sweetened and unsweetened),January-December
Anamalu,2736,Make breakfast cereals,January-December
Kolikuttu,4561,Make flavors- Banana flavorings and extracts to make flavored syrups and drinks,January-December
Green Banana,2723,Make single use plastic alternatives,November-January
Suwandal,336,Textile industry- make banana fibers,November-January
Ambul Nadee,2026,make dried and powdered banana peels to use as a supplement in animal feed.,November-January
Kolikuttu,4566,cosmetic industry- Make haircare treatments with banana extracts,November-January
Suwandal,3316,Banana chips ( both sweetened and unsweetened),November-January
Puwalu,255,"Traditional alcoholic beverages- Banana liqueurs, wine",January-December
Ambul Kesel,189,Make breakfast cereals,November-January
Seeni Parakum,599,Make breakfast cereals,November-January
Ambum,1461,Make tea bags and filters,November-January
Suwandal,1634,Make breakfast cereals,November-January
Anamalu,3929,Make jam and sugary products to the local market,November-January
Suwandal,4007,Brewing and distilling industry- Make banana beer,January-December
Kandula,4583,Banana candies,November-January
Ambul Nadee,82,Make innorganic fertilizers,January-December
Kolikuttu,1102,Export to USA as fresh banana,November-January
Ambul Kesel,1461,Banana candies,January-December
Anamalu,2654,Make tea bags and filters,November-January
Puwalu,2133,Banana chips ( both sweetened and unsweetened),January-December
Kandula,2580,make banana silk which is eco friendly and biodegradable,January-December
Anamalu,3310,Banana chips ( both sweetened and unsweetened),November-January
Kolikuttu,632,make dried and powdered banana peels to use as a supplement in animal feed.,January-December
Suwandal,3421,Banana chips ( both sweetened and unsweetened),January-December
Anamalu,2698,Make flavors- Banana flavorings and extracts to make flavored syrups and drinks,November-January
Ambul Kesel,2557,Food industry-desserts varieties,January-December
Sini Kesel,2347,"Traditional alcoholic beverages- Banana liqueurs, wine",November-January
Ambul Nadee,2874,Make natural remedies,November-January
Kandula,456,Make single use plastic alternatives,November-January
Suwandal,4447,Make bioplastics,January-December
Kolikuttu,3582,cosmetic industry- Make haircare treatments with banana extracts,November-January
Sini Kesel,2749,"Skincare industry- Make skincare products ( Lotions, creams and face masks",January-December
Ambul Kesel,2766,cosmetic industry- Make haircare treatments with banana extracts,November-January
Kolikuttu,1041,Bakery industry- Banana breads and banana cakes,November-January
Kolikuttu,4998,Food industry-desserts varieties,November-January
Kandula,1712,Make breakfast cereals,January-December
Seeni Parakum,1291,"Traditional alcoholic beverages- Banana liqueurs, wine",January-December
Nethra Palam,1742,Give CBL to make Waffers Biscuits,November-January
Nethra Palam,3901,Banana chocolates and sweets,January-December
Kolikuttu,2820,Bakery industry- Banana breads and banana cakes,January-December
Ambul Kesel,1011,make dried and powdered banana peels to use as a supplement in animal feed.,January-December
Seeni Parakum,4763,Make breakfast cereals,January-December
Nethra Palam,2332,Make jam and sugary products to the local market,November-January
Ambum,635,Make natural remedies,November-January
Puwalu,567,Banana chocolates and sweets,January-December
Suwandal,4146,"Traditional alcoholic beverages- Banana liqueurs, wine",January-December
Anamalu,3284,make banana silk which is eco friendly and biodegradable,January-December
Anamalu,491,Make innorganic fertilizers,November-January
Suwandal,2697,"Pharmaceutical industry- Make antioxidants,vitamins by exploring bioactive compound ",November-January
Kolikuttu,1995,Make tea bags and filters,January-December
Suwandal,369,Make single use plastic alternatives,November-January
Ambul Kesel,2760,Make organic fertilizers,November-January
Anamalu,3956,make banana silk which is eco friendly and biodegradable,November-January
Sini Kesel,4570,Brewing and distilling industry- Make banana beer,November-January
Suwandal,2255,make banana silk which is eco friendly and biodegradable,January-December
Suwandal,1000,Brewing and distilling industry- Make banana beer,November-January
Sini Kesel,3548,Make natural remedies,January-December
Anamalu,4011,dehydrated banana chips,January-December
Green Banana,1559,Give CBL to make Waffers Biscuits,November-January
Seeni Parakum,89,Make innorganic fertilizers,January-December
Ambul Kesel,2896,make dried and powdered banana peels to use as a supplement in animal feed.,January-December
Sini Kesel,1328,Give CBL to make Waffers Biscuits,November-January
Ambum,1299,Make bioplastics,November-January
Ambul Kesel,4916,Make single use plastic alternatives,January-December
Ambum,1567,Textile industry- make banana fibers,January-December
Kandula,2743,"Skincare industry- Make skincare products ( Lotions, creams and face masks",November-January
Kolikuttu,3374,"Skincare industry- Make skincare products ( Lotions, creams and face masks",November-January
Green Banana,866,Make single use plastic alternatives,November-January
Kandula,3482,Brewing and distilling industry- Make banana beer,January-December
Ambul Kesel,1938,Make innorganic fertilizers,November-January
Rath Kesel,1884,cosmetic industry- Make haircare treatments with banana extracts,January-December
Ambul Nadee,3326,dehydrated banana chips,November-January
Ambul Kesel,3265,Give CBL to make Waffers Biscuits,November-January
Sini Kesel,2662,"Skincare industry- Make skincare products ( Lotions, creams and face masks",January-December
Anamalu,1531,Make innorganic fertilizers,November-January
Ambum,628,Textile industry- make banana fibers,November-January
Green Banana,2717,Make high quality acid free paper from banana stems and leaves,November-January
Sini Kesel,4780,Give CBL to make Waffers Biscuits,November-January
Kandula,895,make banana silk which is eco friendly and biodegradable,January-December
Ambul Kesel,4368,"Skincare industry- Make skincare products ( Lotions, creams and face masks",November-January
Anamalu,1727,Banana chips ( both sweetened and unsweetened),January-December
Ambul Nadee,4617,Make tea bags and filters,January-December
Kandula,2060,Banana chips ( both sweetened and unsweetened),January-December
Kandula,2617,Make flavors- Banana flavorings and extracts to make flavored syrups and drinks,November-January
Ambul Kesel,2503,Banana candies,November-January
Kolikuttu,143,"Beverage industry - To make milkshakes,smoothies, fruit juices",January-December
Ambul Nadee,2425,Make jam and sugary products to the local market,January-December
Puwalu,692,Make organic fertilizers,January-December
Kandula,2422,dehydrated banana chips,January-December
Puwalu,2485,cosmetic industry- Make haircare treatments with banana extracts,January-December
Nethra Palam,4000,Banana chocolates and sweets,November-January
Kandula,1883,Make breakfast cereals,January-December
Ambul Kesel,1087,Make high quality acid free paper from banana stems and leaves,November-January
Green Banana,303,"Beverage industry - To make milkshakes,smoothies, fruit juices",November-January
Nethra Palam,2068,Make breakfast cereals,January-December
Ambul Nadee,3189,Make natural remedies,January-December
Anamalu,3336,Make breakfast cereals,January-December
Suwandal,3408,Make bioplastics,November-January
Puwalu,292,Bakery industry- Banana breads and banana cakes,January-December
Anamalu,2687,Brewing and distilling industry- Make banana beer,January-December
Nethra Palam,3042,cosmetic industry- Make haircare treatments with banana extracts,January-December
Green Banana,3585,make dried and powdered banana peels to use as a supplement in animal feed.,January-December
Kolikuttu,3971,Make flavors- Banana flavorings and extracts to make flavored syrups and drinks,January-December
Sini Kesel,4329,make banana silk which is eco friendly and biodegradable,November-January
Ambul Kesel,3940,Food industry-desserts varieties,November-January
Ambum,3625,Food industry-desserts varieties,November-January
Ambul Kesel,776,make dried and powdered banana peels to use as a supplement in animal feed.,January-December
Puwalu,729,Brewing and distilling industry- Make banana beer,January-December
Ambul Kesel,967,Make high quality acid free paper from banana stems and leaves,November-January
Nethra Palam,3737,"Skincare industry- Make skincare products ( Lotions, creams and face masks",January-December
Sini Kesel,4710,"Skincare industry- Make skincare products ( Lotions, creams and face masks",January-December
Ambul Kesel,255,Banana flavored craft beers,January-December
Ambul Nadee,3556,"Pharmaceutical industry- Make antioxidants,vitamins by exploring bioactive compound ",November-January
Rath Kesel,216,Make breakfast cereals,January-December
Nethra Palam,3169,Make banana oils are used in cosmatic industry,January-December
Ambul Nadee,4309,Banana candies,January-December
Ambul Nadee,159,dehydrated banana chips,January-December
Ambum,1307,Brewing and distilling industry- Make banana beer,January-December
Seeni Parakum,3652,make banana silk which is eco friendly and biodegradable,January-December
Ambul Nadee,1355,Banana flavored craft beers,January-December
Rath Kesel,3933,Make breakfast cereals,November-January
Sini Kesel,1695,"Traditional alcoholic beverages- Banana liqueurs, wine",November-January
Ambum,4734,Banana candies,November-January
Ambum,549,"Traditional alcoholic beverages- Banana liqueurs, wine",January-December
Ambul Nadee,889,make banana silk which is eco friendly and biodegradable,January-December
Rath Kesel,1291,Make innorganic fertilizers,November-January
Sini Kesel,918,"Pharmaceutical industry- Make antioxidants,vitamins by exploring bioactive compound ",January-December
Kolikuttu,2154,Make single use plastic alternatives,November-January
Seeni Parakum,4491,Bakery industry- Banana breads and banana cakes,November-January
Seeni Parakum,1842,Bakery industry- Banana breads and banana cakes,January-December
Sini Kesel,532,Make tea bags and filters,January-December
Nethra Palam,3700,Make natural remedies,January-December
Anamalu,4745,Banana chips ( both sweetened and unsweetened),November-January
Anamalu,1971,"Traditional alcoholic beverages- Banana liqueurs, wine",November-January
Seeni Parakum,4297,Brewing and distilling industry- Make banana beer,November-January
Ambul Nadee,1544,Make tea bags and filters,January-December
Ambul Kesel,1350,Make banana oils are used in cosmatic industry,January-December
Seeni Parakum,1883,Bakery industry- Banana breads and banana cakes,January-December
Kolikuttu,1468,Banana flavored craft beers,January-December
Sini Kesel,662,Make organic fertilizers,November-January
Sini Kesel,4501,Banana candies,November-January
Ambul Nadee,4864,Make tea bags and filters,November-January
Anamalu,2936,Make organic fertilizers,November-January
Ambul Nadee,55,Textile industry- make banana fibers,January-December
Puwalu,4244,Make breakfast cereals,November-January
Puwalu,1356,make dried and powdered banana peels to use as a supplement in animal feed.,November-January
Suwandal,3923,make dried and powdered banana peels to use as a supplement in animal feed.,January-December
Ambum,1011,Make flavors- Banana flavorings and extracts to make flavored syrups and drinks,November-January
Ambum,1934,Make organic fertilizers,January-December
Nethra Palam,1046,Banana chocolates and sweets,November-January
Rath Kesel,4260,Bakery industry- Banana breads and banana cakes,January-December
Sini Kesel,4221,Banana flavored craft beers,January-December
Rath Kesel,2713,Make single use plastic alternatives,November-January
Suwandal,1659,Banana chips ( both sweetened and unsweetened),November-January
Ambum,4469,Make high quality acid free paper from banana stems and leaves,January-December
Nethra Palam,1229,Make bioplastics,January-December
Kandula,4985,Banana chocolates and sweets,November-January
Seeni Parakum,840,Food industry-desserts varieties,January-December
Kolikuttu,1155,Food industry-desserts varieties,November-January
Ambum,4162,cosmetic industry- Make haircare treatments with banana extracts,November-January
Ambul Kesel,3377,Make single use plastic alternatives,November-January
Seeni Parakum,1412,Make innorganic fertilizers,January-December
Sini Kesel,3803,Make innorganic fertilizers,November-January
Sini Kesel,2130,Banana candies,January-December
Ambul Nadee,2508,Textile industry- make banana fibers,November-January
Green Banana,4258,Make tea bags and filters,January-December
Kandula,3821,Brewing and distilling industry- Make banana beer,November-January
Ambul Nadee,1718,Export to USA as fresh banana,November-January
Suwandal,3026,Bakery industry- Banana breads and banana cakes,January-December
Nethra Palam,3663,Bakery industry- Banana breads and banana cakes,November-January
Ambul Kesel,1371,"Traditional alcoholic beverages- Banana liqueurs, wine",January-December
Kandula,1770,Banana chocolates and sweets,November-January
Kandula,4276,Make natural remedies,January-December
Rath Kesel,4920,Export to USA as fresh banana,November-January
Green Banana,3394,Make bioplastics,November-January
Seeni Parakum,2787,Food industry-desserts varieties,January-December
Green Banana,2913,Make tea bags and filters,November-January
Ambul Nadee,2283,make banana silk which is eco friendly and biodegradable,November-January
Suwandal,2153,Make organic fertilizers,November-January
Green Banana,1339,Make single use plastic alternatives,January-December
Seeni Parakum,3112,Textile industry- make banana fibers,November-January
Seeni Parakum,888,"Traditional alcoholic beverages- Banana liqueurs, wine",November-January
Ambul Nadee,1470,Make jam and sugary products to the local market,January-December
Ambum,3049,Make bioplastics,November-January
Puwalu,265,Export to USA as fresh banana,January-December
Rath Kesel,545,Make innorganic fertilizers,January-December
Ambum,248,Make banana oils are used in cosmatic industry,January-December
Rath Kesel,1428,Make breakfast cereals,November-January
Anamalu,3623,Make single use plastic alternatives,January-December
Sini Kesel,2836,make banana silk which is eco friendly and biodegradable,January-December
Ambul Nadee,2100,"Skincare industry- Make skincare products ( Lotions, creams and face masks",November-January
Ambul Kesel,3040,Food industry-desserts varieties,November-January
Anamalu,2402,"Pharmaceutical industry- Make antioxidants,vitamins by exploring bioactive compound ",November-January
Suwandal,1686,Make tea bags and filters,November-January
Seeni Parakum,1341,Give CBL to make Waffers Biscuits,January-December
Nethra Palam,1139,Banana chips ( both sweetened and unsweetened),November-January
Kandula,4345,make dried and powdered banana peels to use as a supplement in animal feed.,January-December
Ambul Nadee,3197,dehydrated banana chips,January-December
Green Banana,1655,Make natural remedies,November-January
Kandula,4882,Make jam and sugary products to the local market,January-December
Green Banana,1525,Make natural remedies,January-December
Kolikuttu,4855,Banana chocolates and sweets,January-December
Green Banana,2158,Make tea bags and filters,November-January
Green Banana,1591,Make jam and sugary products to the local market,November-January
Ambul Kesel,239,dehydrated banana chips,January-December
Rath Kesel,4411,Export to USA as fresh banana,January-December
Puwalu,468,Banana chocolates and sweets,November-January
Sini Kesel,1919,make dried and powdered banana peels to use as a supplement in animal feed.,November-January
Kandula,2844,Make innorganic fertilizers,January-December
Green Banana,2061,Banana chips ( both sweetened and unsweetened),November-January
Kolikuttu,258,Make innorganic fertilizers,January-December
Nethra Palam,64,make banana silk which is eco friendly and biodegradable,January-December
Suwandal,1519,Make bioplastics,January-December
Ambum,2520,Textile industry- make banana fibers,November-January
Nethra Palam,4994,Banana flavored craft beers,January-December
Ambul Kesel,4047,Banana flavored craft beers,November-January
Anamalu,4231,dehydrated banana chips,January-December
Rath Kesel,3379,Make banana oils are used in cosmatic industry,November-January
Puwalu,3085,dehydrated banana chips,November-January
Puwalu,1763,Make breakfast cereals,November-January
Nethra Palam,1288,Make high quality acid free paper from banana stems and leaves,January-December
Puwalu,1613,Make tea bags and filters,January-December
Seeni Parakum,2058,Make tea bags and filters,November-January
Sini Kesel,2285,Make organic fertilizers,January-December
Sini Kesel,2541,Make breakfast cereals,January-December
Kolikuttu,3600,Textile industry- make banana fibers,November-January
Green Banana,1703,Make bioplastics,November-January
Kolikuttu,241,Make high quality acid free paper from banana stems and leaves,November-January
Rath Kesel,4560,Make high quality acid free paper from banana stems and leaves,January-December
Seeni Parakum,2668,"Pharmaceutical industry- Make antioxidants,vitamins by exploring bioactive compound ",January-December
Ambul Nadee,1674,"Beverage industry - To make milkshakes,smoothies, fruit juices",January-December
Kandula,590,Banana candies,November-January
Kandula,763,Make single use plastic alternatives,January-December
Suwandal,281,Make tea bags and filters,November-January
Green Banana,3887,make dried and powdered banana peels to use as a supplement in animal feed.,November-January
Nethra Palam,4724,"Skincare industry- Make skincare products ( Lotions, creams and face masks",November-January
Seeni Parakum,2146,Brewing and distilling industry- Make banana beer,January-December
Nethra Palam,1477,Banana chocolates and sweets,November-January
Puwalu,1615,dehydrated banana chips,January-December
Ambum,2439,Make bioplastics,November-January
Sini Kesel,1628,Make flavors- Banana flavorings and extracts to make flavored syrups and drinks,November-January
Puwalu,706,Give CBL to make Waffers Biscuits,January-December
Ambul Nadee,2215,Textile industry- make banana fibers,January-December
Ambum,4901,Banana flavored craft beers,January-December
Rath Kesel,455,Export to USA as fresh banana,November-January
Seeni Parakum,1800,Bakery industry- Banana breads and banana cakes,January-December
Nethra Palam,2236,Food industry-desserts varieties,November-January
Suwandal,4547,Brewing and distilling industry- Make banana beer,November-January
Ambul Kesel,1412,"Skincare industry- Make skincare products ( Lotions, creams and face masks",January-December
Nethra Palam,1420,Make organic fertilizers,November-January
Ambul Kesel,4590,Make jam and sugary products to the local market,November-January
Suwandal,2134,Make jam and sugary products to the local market,January-December
Ambum,3145,Make innorganic fertilizers,January-December
Sini Kesel,119,Banana candies,January-December
Rath Kesel,828,Make tea bags and filters,January-December
Kandula,84,Make breakfast cereals,November-January
Ambul Nadee,1137,Make single use plastic alternatives,November-January
Ambul Kesel,4782,make dried and powdered banana peels to use as a supplement in animal feed.,January-December
Puwalu,4200,Make flavors- Banana flavorings and extracts to make flavored syrups and drinks,November-January
Sini Kesel,4363,Make tea bags and filters,November-January
Ambul Nadee,1576,Make bioplastics,November-January
Anamalu,4789,Banana candies,November-January
Ambum,4320,"Beverage industry - To make milkshakes,smoothies, fruit juices",January-December
Suwandal,2860,Banana chocolates and sweets,January-December
Anamalu,4953,"Skincare industry- Make skincare products ( Lotions, creams and face masks",January-December
Green Banana,1764,Give CBL to make Waffers Biscuits,November-January
Kolikuttu,1169,"Skincare industry- Make skincare products ( Lotions, creams and face masks",November-January
Suwandal,1600,"Traditional alcoholic beverages- Banana liqueurs, wine",January-December
Sini Kesel,2293,cosmetic industry- Make haircare treatments with banana extracts,November-January
Kolikuttu,2928,make dried and powdered banana peels to use as a supplement in animal feed.,January-December
Green Banana,3731,make dried and powdered banana peels to use as a supplement in animal feed.,November-January
Ambum,2666,Banana flavored craft beers,November-January
Ambul Nadee,3058,Make flavors- Banana flavorings and extracts to make flavored syrups and drinks,November-January
Suwandal,1926,Banana chocolates and sweets,November-January
Puwalu,2905,make banana silk which is eco friendly and biodegradable,January-December
Ambum,3395,"Beverage industry - To make milkshakes,smoothies, fruit juices",January-December
Kolikuttu,2078,Make single use plastic alternatives,January-December
Puwalu,4325,cosmetic industry- Make haircare treatments with banana extracts,November-January
Anamalu,2824,Make organic fertilizers,January-December
Rath Kesel,3145,Make tea bags and filters,January-December
Ambul Nadee,954,Export to USA as fresh banana,November-January
Seeni Parakum,3487,Make high quality acid free paper from banana stems and leaves,January-December
Ambul Kesel,3907,Food industry-desserts varieties,January-December
Ambul Kesel,2922,Textile industry- make banana fibers,January-December
Rath Kesel,352,make dried and powdered banana peels to use as a supplement in animal feed.,January-December
Ambul Kesel,2062,"Beverage industry - To make milkshakes,smoothies, fruit juices",November-January
Puwalu,3685,"Pharmaceutical industry- Make antioxidants,vitamins by exploring bioactive compound ",November-January
Kandula,4265,Banana candies,November-January
Nethra Palam,3483,Banana chips ( both sweetened and unsweetened),November-January
Nethra Palam,4402,Make tea bags and filters,January-December
Ambul Kesel,1203,cosmetic industry- Make haircare treatments with banana extracts,January-December
Rath Kesel,1899,"Beverage industry - To make milkshakes,smoothies, fruit juices",January-December
Kandula,3634,Make organic fertilizers,November-January
Puwalu,88,Make innorganic fertilizers,January-December
Nethra Palam,2233,Banana candies,November-January
Ambum,1954,Banana chips ( both sweetened and unsweetened),January-December
Kolikuttu,821,Make breakfast cereals,January-December
Ambum,4915,Make natural remedies,November-January
Ambul Nadee,705,Make organic fertilizers,January-December
Anamalu,2909,Make breakfast cereals,January-December
Sini Kesel,1182,dehydrated banana chips,November-January
Kolikuttu,1559,Make banana oils are used in cosmatic industry,January-December
Rath Kesel,1188,Make high quality acid free paper from banana stems and leaves,January-December
Rath Kesel,1880,Food industry-desserts varieties,January-December
Ambum,798,"Skincare industry- Make skincare products ( Lotions, creams and face masks",January-December
Rath Kesel,715,make banana silk which is eco friendly and biodegradable,November-January
Puwalu,183,Bakery industry- Banana breads and banana cakes,November-January
Sini Kesel,2632,Food industry-desserts varieties,November-January
Puwalu,559,Make jam and sugary products to the local market,November-January
Seeni Parakum,4439,Food industry-desserts varieties,November-January
Sini Kesel,1713,Banana candies,January-December
Ambul Nadee,4232,Give CBL to make Waffers Biscuits,January-December
Green Banana,3998,Banana flavored craft beers,January-December
Kolikuttu,1763,Make tea bags and filters,January-December
Suwandal,4398,Make breakfast cereals,November-January
Green Banana,1348,dehydrated banana chips,January-December
Ambum,782,Export to USA as fresh banana,January-December
Puwalu,3338,cosmetic industry- Make haircare treatments with banana extracts,November-January
Puwalu,731,Make jam and sugary products to the local market,November-January
Suwandal,3082,Make breakfast cereals,November-January
Anamalu,3238,Make single use plastic alternatives,January-December
Anamalu,1445,"Beverage industry - To make milkshakes,smoothies, fruit juices",November-January
Ambul Kesel,4166,Give CBL to make Waffers Biscuits,January-December
Suwandal,814,"Beverage industry - To make milkshakes,smoothies, fruit juices",January-December
Anamalu,3274,Banana chocolates and sweets,January-December
Sini Kesel,3321,Banana flavored craft beers,November-January
Seeni Parakum,1102,Give CBL to make Waffers Biscuits,November-January
Anamalu,4752,cosmetic industry- Make haircare treatments with banana extracts,November-January
Rath Kesel,4245,Banana candies,January-December
Suwandal,1399,Make jam and sugary products to the local market,January-December
Ambul Nadee,1976,Banana chips ( both sweetened and unsweetened),January-December
Kolikuttu,4370,Make bioplastics,November-January
Nethra Palam,1020,dehydrated banana chips,November-January
Ambul Kesel,1637,Give CBL to make Waffers Biscuits,November-January
Ambul Kesel,1691,Food industry-desserts varieties,January-December
Ambum,3523,Export to USA as fresh banana,November-January
Suwandal,553,cosmetic industry- Make haircare treatments with banana extracts,November-January
Anamalu,1593,Make breakfast cereals,January-December
Rath Kesel,2030,Make banana oils are used in cosmatic industry,November-January
Kolikuttu,3663,Textile industry- make banana fibers,November-January
Suwandal,552,"Beverage industry - To make milkshakes,smoothies, fruit juices",January-December
Anamalu,973,"Skincare industry- Make skincare products ( Lotions, creams and face masks",November-January
Ambum,3474,"Beverage industry - To make milkshakes,smoothies, fruit juices",January-December
Ambul Nadee,710,make dried and powdered banana peels to use as a supplement in animal feed.,November-January
Puwalu,3330,Banana chips ( both sweetened and unsweetened),November-January
Kandula,3642,Make banana oils are used in cosmatic industry,November-January
Ambul Nadee,3637,Brewing and distilling industry- Make banana beer,January-December
Nethra Palam,4215,Textile industry- make banana fibers,November-January
Ambul Nadee,2466,"Beverage industry - To make milkshakes,smoothies, fruit juices",November-January
Suwandal,4345,Make single use plastic alternatives,November-January
Anamalu,611,Export to USA as fresh banana,January-December
Kandula,4804,Textile industry- make banana fibers,January-December
Seeni Parakum,3718,"Skincare industry- Make skincare products ( Lotions, creams and face masks",January-December
Ambum,864,Make natural remedies,January-December
Puwalu,1263,Textile industry- make banana fibers,January-December
Sini Kesel,1004,Banana candies,January-December
Ambul Kesel,2518,"Traditional alcoholic beverages- Banana liqueurs, wine",November-January
Suwandal,138,"Skincare industry- Make skincare products ( Lotions, creams and face masks",January-December
Seeni Parakum,2399,Food industry-desserts varieties,January-December
Sini Kesel,541,Make natural remedies,November-January
Puwalu,3214,"Traditional alcoholic beverages- Banana liqueurs, wine",January-December
Ambum,1386,Make jam and sugary products to the local market,January-December
Seeni Parakum,4535,Make innorganic fertilizers,January-December
Puwalu,1749,Give CBL to make Waffers Biscuits,November-January
Sini Kesel,82,Banana flavored craft beers,November-January
Sini Kesel,4532,Textile industry- make banana fibers,November-January
Seeni Parakum,1491,Banana chips ( both sweetened and unsweetened),January-December
Ambum,1723,Banana chocolates and sweets,January-December
Kandula,1091,cosmetic industry- Make haircare treatments with banana extracts,January-December
Rath Kesel,292,Make innorganic fertilizers,January-December
Kandula,1292,Make breakfast cereals,November-January
Green Banana,4375,Make innorganic fertilizers,January-December
Kolikuttu,1327,Make natural remedies,January-December
Puwalu,1955,Make high quality acid free paper from banana stems and leaves,January-December
Nethra Palam,1053,make banana silk which is eco friendly and biodegradable,January-December
Kandula,87,"Traditional alcoholic beverages- Banana liqueurs, wine",January-December
Ambul Kesel,2191,Make breakfast cereals,January-December
Seeni Parakum,3339,Make jam and sugary products to the local market,January-December
Green Banana,3870,Make high quality acid free paper from banana stems and leaves,November-January
Seeni Parakum,4856,Give CBL to make Waffers Biscuits,January-December
Nethra Palam,4647,"Beverage industry - To make milkshakes,smoothies, fruit juices",January-December
Ambul Kesel,289,Make innorganic fertilizers,November-January
Anamalu,3440,Make single use plastic alternatives,November-January
Sini Kesel,4731,Give CBL to make Waffers Biscuits,January-December
Sini Kesel,191,Textile industry- make banana fibers,November-January
Ambum,4362,Make jam and sugary products to the local market,January-December
Seeni Parakum,1697,Banana chips ( both sweetened and unsweetened),January-December
Green Banana,609,Make tea bags and filters,January-December
Suwandal,683,Make natural remedies,January-December
Kandula,474,Make organic fertilizers,November-January
Kandula,2905,make banana silk which is eco friendly and biodegradable,January-December
Ambum,3358,Banana chips ( both sweetened and unsweetened),January-December
Seeni Parakum,2628,Make banana oils are used in cosmatic industry,January-December
Green Banana,665,Make flavors- Banana flavorings and extracts to make flavored syrups and drinks,November-January
Kandula,432,Make high quality acid free paper from banana stems and leaves,January-December
Suwandal,2879,Make high quality acid free paper from banana stems and leaves,January-December
Kandula,3605,Make single use plastic alternatives,January-December
Rath Kesel,189,make dried and powdered banana peels to use as a supplement in animal feed.,January-December
Green Banana,969,Make high quality acid free paper from banana stems and leaves,November-January
Ambul Kesel,1194,make banana silk which is eco friendly and biodegradable,January-December
Nethra Palam,4851,Brewing and distilling industry- Make banana beer,November-January
Nethra Palam,1556,Make single use plastic alternatives,January-December
Rath Kesel,2937,Bakery industry- Banana breads and banana cakes,January-December
Ambum,1139,Make breakfast cereals,November-January
Puwalu,1311,make dried and powdered banana peels to use as a supplement in animal feed.,January-December
Kolikuttu,1534,Bakery industry- Banana breads and banana cakes,November-January
Nethra Palam,4325,Make innorganic fertilizers,January-December
Seeni Parakum,2508,Banana flavored craft beers,January-December
Kandula,4237,Make single use plastic alternatives,January-December
Kandula,3242,"Skincare industry- Make skincare products ( Lotions, creams and face masks",January-December
Nethra Palam,213,Make banana oils are used in cosmatic industry,January-December
Seeni Parakum,4353,"Pharmaceutical industry- Make antioxidants,vitamins by exploring bioactive compound ",January-December
Seeni Parakum,1523,Make jam and sugary products to the local market,November-January
Puwalu,558,Make single use plastic alternatives,November-January
Anamalu,2927,Bakery industry- Banana breads and banana cakes,November-January
Ambum,470,"Beverage industry - To make milkshakes,smoothies, fruit juices",January-December
Ambul Nadee,156,Banana chips ( both sweetened and unsweetened),January-December
Sini Kesel,3538,cosmetic industry- Make haircare treatments with banana extracts,November-January
Ambul Kesel,4459,Make high quality acid free paper from banana stems and leaves,January-December
Sini Kesel,2847,Food industry-desserts varieties,November-January
Nethra Palam,1768,Make high quality acid free paper from banana stems and leaves,January-December
Puwalu,966,Export to USA as fresh banana,November-January
Seeni Parakum,931,Make natural remedies,January-December
Ambul Kesel,4725,Banana chocolates and sweets,January-December
Ambul Kesel,2737,Export to USA as fresh banana,January-December
Suwandal,418,Food industry-desserts varieties,January-December
Sini Kesel,1336,Make breakfast cereals,November-January
Ambum,3169,Make innorganic fertilizers,November-January
Green Banana,1448,Make tea bags and filters,January-December
Seeni Parakum,4144,Banana chips ( both sweetened and unsweetened),January-December
Sini Kesel,4437,cosmetic industry- Make haircare treatments with banana extracts,January-December
Ambum,4714,cosmetic industry- Make haircare treatments with banana extracts,November-January
Sini Kesel,503,cosmetic industry- Make haircare treatments with banana extracts,January-December
Puwalu,4203,Make high quality acid free paper from banana stems and leaves,November-January
Kandula,4511,Bakery industry- Banana breads and banana cakes,November-January
Anamalu,3883,Brewing and distilling industry- Make banana beer,January-December
Seeni Parakum,4819,"Pharmaceutical industry- Make antioxidants,vitamins by exploring bioactive compound ",January-December
Nethra Palam,3162,make banana silk which is eco friendly and biodegradable,November-January
Kandula,3431,Bakery industry- Banana breads and banana cakes,November-January
Ambul Kesel,92,Banana chocolates and sweets,November-January
Kandula,2852,Banana chips ( both sweetened and unsweetened),November-January
Kandula,4531,Give CBL to make Waffers Biscuits,January-December
Nethra Palam,4679,cosmetic industry- Make haircare treatments with banana extracts,January-December
Ambul Nadee,982,"Traditional alcoholic beverages- Banana liqueurs, wine",January-December
Seeni Parakum,3233,Make banana oils are used in cosmatic industry,January-December
Green Banana,848,make banana silk which is eco friendly and biodegradable,November-January
Sini Kesel,1842,Make single use plastic alternatives,November-January
Rath Kesel,318,make banana silk which is eco friendly and biodegradable,November-January
Nethra Palam,4503,Textile industry- make banana fibers,November-January
Ambum,95,Textile industry- make banana fibers,November-January
Suwandal,2370,Make natural remedies,November-January
Green Banana,4190,"Traditional alcoholic beverages- Banana liqueurs, wine",January-December
Green Banana,1042,"Traditional alcoholic beverages- Banana liqueurs, wine",January-December
Ambum,101,Give CBL to make Waffers Biscuits,January-December
Nethra Palam,880,Make jam and sugary products to the local market,January-December
Ambul Kesel,2001,make dried and powdered banana peels to use as a supplement in animal feed.,November-January
Suwandal,1485,make dried and powdered banana peels to use as a supplement in animal feed.,January-December
Puwalu,4238,Bakery industry- Banana breads and banana cakes,November-January
Kandula,1606,"Beverage industry - To make milkshakes,smoothies, fruit juices",January-December
Ambum,870,"Traditional alcoholic beverages- Banana liqueurs, wine",January-December
Suwandal,491,"Traditional alcoholic beverages- Banana liqueurs, wine",January-December
Green Banana,3044,dehydrated banana chips,January-December
Kandula,2859,Make natural remedies,January-December
Ambul Nadee,2980,Banana candies,January-December
Nethra Palam,2293,"Beverage industry - To make milkshakes,smoothies, fruit juices",January-December
Seeni Parakum,2449,Make banana oils are used in cosmatic industry,January-December
Kolikuttu,4825,Make banana oils are used in cosmatic industry,November-January
Rath Kesel,3349,Make organic fertilizers,January-December
Kolikuttu,530,Bakery industry- Banana breads and banana cakes,November-January
Rath Kesel,448,Bakery industry- Banana breads and banana cakes,November-January
Green Banana,3593,"Beverage industry - To make milkshakes,smoothies, fruit juices",January-December
Ambul Nadee,4761,Banana chips ( both sweetened and unsweetened),January-December
Green Banana,813,Make innorganic fertilizers,January-December
Ambum,2479,Food industry-desserts varieties,November-January
Sini Kesel,2242,Make tea bags and filters,November-January
Kolikuttu,4992,Banana flavored craft beers,November-January
Nethra Palam,973,Banana chocolates and sweets,November-January
Nethra Palam,2845,Make flavors- Banana flavorings and extracts to make flavored syrups and drinks,November-January
Suwandal,885,Banana chips ( both sweetened and unsweetened),January-December
Green Banana,853,Textile industry- make banana fibers,January-December
Sini Kesel,3696,Make natural remedies,January-December
Rath Kesel,2550,Make natural remedies,November-January
Rath Kesel,615,Banana flavored craft beers,January-December
Nethra Palam,3232,Banana chips ( both sweetened and unsweetened),November-January
Green Banana,1748,Give CBL to make Waffers Biscuits,November-January
Anamalu,2730,make dried and powdered banana peels to use as a supplement in animal feed.,January-December
Rath Kesel,4375,Make innorganic fertilizers,January-December
Rath Kesel,651,make banana silk which is eco friendly and biodegradable,January-December
Suwandal,3346,Make innorganic fertilizers,January-December
Rath Kesel,2477,Give CBL to make Waffers Biscuits,January-December
Ambul Kesel,615,Make innorganic fertilizers,November-January
Suwandal,3216,cosmetic industry- Make haircare treatments with banana extracts,January-December
Puwalu,3031,Banana chips ( both sweetened and unsweetened),November-January
Kolikuttu,1955,Banana chips ( both sweetened and unsweetened),January-December
Sini Kesel,2747,Make breakfast cereals,January-December
Ambum,88,make dried and powdered banana peels to use as a supplement in animal feed.,November-January
Seeni Parakum,2646,Make organic fertilizers,January-December
Seeni Parakum,153,"Skincare industry- Make skincare products ( Lotions, creams and face masks",January-December
Suwandal,1592,Make high quality acid free paper from banana stems and leaves,November-January
Green Banana,3941,cosmetic industry- Make haircare treatments with banana extracts,November-January
Kolikuttu,4889,Textile industry- make banana fibers,November-January
Ambum,2800,Make single use plastic alternatives,November-January
Nethra Palam,3937,Banana candies,November-January
Kandula,1863,Make banana oils are used in cosmatic industry,November-January
Ambul Kesel,3600,Make high quality acid free paper from banana stems and leaves,November-January
Green Banana,1575,Make banana oils are used in cosmatic industry,November-January
Kolikuttu,4041,cosmetic industry- Make haircare treatments with banana extracts,January-December
Ambul Nadee,3501,make dried and powdered banana peels to use as a supplement in animal feed.,November-January
Seeni Parakum,878,Make tea bags and filters,January-December
Ambul Kesel,423,Brewing and distilling industry- Make banana beer,January-December
Sini Kesel,1583,Banana chips ( both sweetened and unsweetened),November-January
Kandula,586,Banana chips ( both sweetened and unsweetened),January-December
Seeni Parakum,1420,Make bioplastics,November-January
Anamalu,4172,Make breakfast cereals,November-January
Anamalu,3343,Brewing and distilling industry- Make banana beer,January-December
Rath Kesel,4368,Brewing and distilling industry- Make banana beer,January-December
Kolikuttu,1660,Make banana oils are used in cosmatic industry,January-December
Nethra Palam,961,Make tea bags and filters,January-December
Kandula,3836,Give CBL to make Waffers Biscuits,January-December
Kolikuttu,1464,Make bioplastics,November-January
Ambul Nadee,3580,Make innorganic fertilizers,November-January
Ambum,2494,"Pharmaceutical industry- Make antioxidants,vitamins by exploring bioactive compound ",November-January
Ambum,3535,"Pharmaceutical industry- Make antioxidants,vitamins by exploring bioactive compound ",January-December
Ambul Nadee,4275,make banana silk which is eco friendly and biodegradable,November-January
Kandula,2113,Make tea bags and filters,November-January
Rath Kesel,1418,"Beverage industry - To make milkshakes,smoothies, fruit juices",January-December
Ambul Kesel,1544,make banana silk which is eco friendly and biodegradable,January-December
Ambul Nadee,492,Make single use plastic alternatives,January-December
Green Banana,1310,Make natural remedies,January-December
Nethra Palam,4701,dehydrated banana chips,November-January
Seeni Parakum,3477,Banana chocolates and sweets,January-December
Seeni Parakum,1593,Make high quality acid free paper from banana stems and leaves,November-January
Nethra Palam,1940,Make natural remedies,January-December
Seeni Parakum,2101,"Pharmaceutical industry- Make antioxidants,vitamins by exploring bioactive compound ",November-January
Rath Kesel,3112,Make jam and sugary products to the local market,November-January
Sini Kesel,2079,Banana candies,November-January
Nethra Palam,4595,"Beverage industry - To make milkshakes,smoothies, fruit juices",November-January
Kolikuttu,1490,Food industry-desserts varieties,November-January
Green Banana,556,dehydrated banana chips,November-January
Kandula,2471,dehydrated banana chips,January-December
Nethra Palam,4071,Make single use plastic alternatives,January-December
Suwandal,2042,Make innorganic fertilizers,November-January
Sini Kesel,4724,cosmetic industry- Make haircare treatments with banana extracts,November-January
Suwandal,579,Food industry-desserts varieties,November-January
Green Banana,4533,Banana candies,January-December
Nethra Palam,1936,Make breakfast cereals,November-January
Sini Kesel,946,Make breakfast cereals,November-January
Ambum,2344,Banana chips ( both sweetened and unsweetened),November-January
Kolikuttu,3578,Bakery industry- Banana breads and banana cakes,November-January
Puwalu,3411,Make natural remedies,January-December
Puwalu,381,Bakery industry- Banana breads and banana cakes,November-January
Ambul Nadee,3725,Make innorganic fertilizers,January-December
Seeni Parakum,4666,"Pharmaceutical industry- Make antioxidants,vitamins by exploring bioactive compound ",January-December
Sini Kesel,2761,Make breakfast cereals,January-December
Sini Kesel,1221,Brewing and distilling industry- Make banana beer,January-December
Seeni Parakum,197,Give CBL to make Waffers Biscuits,January-December
Rath Kesel,2762,make dried and powdered banana peels to use as a supplement in animal feed.,November-January
Kolikuttu,644,Food industry-desserts varieties,January-December
Kandula,1050,make dried and powdered banana peels to use as a supplement in animal feed.,November-January
Anamalu,526,Export to USA as fresh banana,January-December
Suwandal,3956,Make single use plastic alternatives,November-January
Ambum,2039,Brewing and distilling industry- Make banana beer,November-January
Nethra Palam,2145,Banana candies,January-December
Suwandal,893,Bakery industry- Banana breads and banana cakes,November-January
Green Banana,92,Make banana oils are used in cosmatic industry,January-December
Kolikuttu,805,make banana silk which is eco friendly and biodegradable,November-January
Green Banana,4044,Banana candies,November-January
Green Banana,3891,"Beverage industry - To make milkshakes,smoothies, fruit juices",January-December
Ambul Kesel,915,"Beverage industry - To make milkshakes,smoothies, fruit juices",January-December
Ambul Nadee,532,"Traditional alcoholic beverages- Banana liqueurs, wine",November-January
Sini Kesel,3105,make banana silk which is eco friendly and biodegradable,November-January
Seeni Parakum,1288,"Skincare industry- Make skincare products ( Lotions, creams and face masks",January-December
Puwalu,471,"Beverage industry - To make milkshakes,smoothies, fruit juices",January-December
Seeni Parakum,2345,Make natural remedies,November-January
Nethra Palam,4310,Make breakfast cereals,November-January
Nethra Palam,2115,Make jam and sugary products to the local market,November-January
Kandula,481,"Skincare industry- Make skincare products ( Lotions, creams and face masks",November-January
Kolikuttu,376,"Pharmaceutical industry- Make antioxidants,vitamins by exploring bioactive compound ",November-January
Ambul Kesel,4793,Banana candies,January-December
Sini Kesel,4503,Food industry-desserts varieties,January-December
Green Banana,240,cosmetic industry- Make haircare treatments with banana extracts,January-December
Puwalu,878,Make flavors- Banana flavorings and extracts to make flavored syrups and drinks,January-December
Kandula,2704,Banana chocolates and sweets,November-January
Nethra Palam,3452,"Beverage industry - To make milkshakes,smoothies, fruit juices",January-December
Anamalu,4718,Make jam and sugary products to the local market,January-December
Nethra Palam,441,make dried and powdered banana peels to use as a supplement in animal feed.,November-January
Ambum,4294,"Beverage industry - To make milkshakes,smoothies, fruit juices",November-January
Seeni Parakum,1026,Make bioplastics,January-December
Nethra Palam,2449,Make flavors- Banana flavorings and extracts to make flavored syrups and drinks,November-January
Rath Kesel,2106,Banana flavored craft beers,November-January
Ambul Nadee,4829,Make organic fertilizers,November-January
Ambum,2085,Bakery industry- Banana breads and banana cakes,January-December
Ambul Nadee,765,dehydrated banana chips,January-December
Puwalu,1919,make dried and powdered banana peels to use as a supplement in animal feed.,January-December
Suwandal,2411,Make single use plastic alternatives,November-January
Anamalu,1039,"Traditional alcoholic beverages- Banana liqueurs, wine",January-December
Ambul Kesel,2767,Make high quality acid free paper from banana stems and leaves,January-December
Suwandal,311,Make flavors- Banana flavorings and extracts to make flavored syrups and drinks,November-January
Kandula,4805,"Skincare industry- Make skincare products ( Lotions, creams and face masks",January-December
Ambum,2259,Banana flavored craft beers,January-December
Sini Kesel,1736,Banana chocolates and sweets,November-January
Green Banana,2157,Make tea bags and filters,November-January
Puwalu,2177,Make tea bags and filters,January-December
Ambul Kesel,4437,make dried and powdered banana peels to use as a supplement in animal feed.,January-December
Ambum,4227,Textile industry- make banana fibers,January-December
Sini Kesel,4501,Export to USA as fresh banana,January-December
Nethra Palam,579,"Traditional alcoholic beverages- Banana liqueurs, wine",January-December
Anamalu,2245,Textile industry- make banana fibers,November-January
Ambul Nadee,4819,Make jam and sugary products to the local market,January-December
Kandula,2028,Export to USA as fresh banana,January-December
Suwandal,921,Make organic fertilizers,January-December
Anamalu,1290,Make tea bags and filters,January-December
Kolikuttu,3296,Make single use plastic alternatives,November-January
Nethra Palam,2356,Make high quality acid free paper from banana stems and leaves,November-January
Ambum,1841,Make bioplastics,November-January
Kolikuttu,2244,Food industry-desserts varieties,January-December
Ambum,1251,"Beverage industry - To make milkshakes,smoothies, fruit juices",November-January
Nethra Palam,2933,Make high quality acid free paper from banana stems and leaves,January-December
Sini Kesel,761,Export to USA as fresh banana,January-December
Rath Kesel,3405,Make single use plastic alternatives,January-December
Kandula,4774,Banana chips ( both sweetened and unsweetened),November-January
Suwandal,513,"Beverage industry - To make milkshakes,smoothies, fruit juices",January-December
Kolikuttu,2452,Make natural remedies,January-December
Anamalu,3905,dehydrated banana chips,November-January
Puwalu,3174,"Traditional alcoholic beverages- Banana liqueurs, wine",January-December
Rath Kesel,4515,Make natural remedies,November-January
Anamalu,3704,Make banana oils are used in cosmatic industry,November-January
Nethra Palam,4808,make dried and powdered banana peels to use as a supplement in animal feed.,January-December
Green Banana,1735,"Beverage industry - To make milkshakes,smoothies, fruit juices",January-December
Suwandal,4173,make dried and powdered banana peels to use as a supplement in animal feed.,January-December
Ambul Nadee,1000,Export to USA as fresh banana,January-December
Suwandal,467,Brewing and distilling industry- Make banana beer,January-December
Suwandal,2949,Banana candies,January-December
Kandula,2660,Banana chips ( both sweetened and unsweetened),January-December
Ambul Nadee,1706,Make high quality acid free paper from banana stems and leaves,November-January
Kolikuttu,2473,dehydrated banana chips,November-January
Kolikuttu,2876,Make single use plastic alternatives,January-December
Ambum,888,"Skincare industry- Make skincare products ( Lotions, creams and face masks",January-December
Puwalu,3978,Banana chips ( both sweetened and unsweetened),November-January
Ambum,2862,make dried and powdered banana peels to use as a supplement in animal feed.,November-January
Seeni Parakum,4105,Make natural remedies,November-January
Ambul Nadee,1323,make dried and powdered banana peels to use as a supplement in animal feed.,November-January
Sini Kesel,1277,Make flavors- Banana flavorings and extracts to make flavored syrups and drinks,November-January
Seeni Parakum,3622,"Pharmaceutical industry- Make antioxidants,vitamins by exploring bioactive compound ",November-January
Kolikuttu,2964,Banana chocolates and sweets,November-January
Kolikuttu,1224,make banana silk which is eco friendly and biodegradable,November-January
Nethra Palam,1447,Export to USA as fresh banana,January-December
Ambum,4987,Banana candies,November-January
Sini Kesel,4362,Make jam and sugary products to the local market,January-December
Nethra Palam,3282,Brewing and distilling industry- Make banana beer,January-December
Rath Kesel,659,Make tea bags and filters,January-December
Kolikuttu,2077,Make single use plastic alternatives,November-January
Ambul Kesel,2982,dehydrated banana chips,January-December
Sini Kesel,1791,Make jam and sugary products to the local market,January-December
Green Banana,3094,Brewing and distilling industry- Make banana beer,January-December
Ambul Kesel,3273,Brewing and distilling industry- Make banana beer,January-December
Suwandal,4028,make dried and powdered banana peels to use as a supplement in animal feed.,November-January
Suwandal,2920,Make banana oils are used in cosmatic industry,January-December
Suwandal,3949,make dried and powdered banana peels to use as a supplement in animal feed.,January-December
Ambul Kesel,2500,Make tea bags and filters,January-December
Anamalu,72,Make tea bags and filters,November-January
Rath Kesel,1238,make banana silk which is eco friendly and biodegradable,November-January
Puwalu,4801,Make bioplastics,January-December
Puwalu,1123,Textile industry- make banana fibers,November-January
Sini Kesel,4466,Make innorganic fertilizers,November-January
Kolikuttu,2992,cosmetic industry- Make haircare treatments with banana extracts,November-January
Ambul Kesel,2867,make dried and powdered banana peels to use as a supplement in animal feed.,January-December
Ambum,4713,Export to USA as fresh banana,January-December
Anamalu,3211,Make banana oils are used in cosmatic industry,January-December
Anamalu,2974,Make jam and sugary products to the local market,January-December
Ambul Kesel,3685,Banana chips ( both sweetened and unsweetened),January-December
Anamalu,4043,Banana chips ( both sweetened and unsweetened),January-December
Kolikuttu,3479,"Traditional alcoholic beverages- Banana liqueurs, wine",January-December
Nethra Palam,3052,Banana candies,November-January
Kolikuttu,4707,make dried and powdered banana peels to use as a supplement in animal feed.,January-December
Suwandal,2087,Banana flavored craft beers,November-January
Nethra Palam,776,"Traditional alcoholic beverages- Banana liqueurs, wine",November-January
Ambul Nadee,3272,Food industry-desserts varieties,January-December
Ambul Kesel,3202,Banana chocolates and sweets,January-December
Ambul Nadee,3565,Food industry-desserts varieties,November-January
Sini Kesel,2981,Make innorganic fertilizers,November-January
Sini Kesel,2317,Export to USA as fresh banana,January-December
Suwandal,2231,"Pharmaceutical industry- Make antioxidants,vitamins by exploring bioactive compound ",November-January
Suwandal,724,Make banana oils are used in cosmatic industry,November-January
Anamalu,4450,Make high quality acid free paper from banana stems and leaves,January-December
Suwandal,597,Make single use plastic alternatives,November-January
Kandula,963,make dried and powdered banana peels to use as a supplement in animal feed.,November-January
Green Banana,1751,Make jam and sugary products to the local market,November-January
Anamalu,2268,Textile industry- make banana fibers,November-January
Suwandal,4564,Textile industry- make banana fibers,November-January
Anamalu,798,Make breakfast cereals,January-December
Rath Kesel,3350,Banana candies,November-January
Ambul Nadee,3001,Make breakfast cereals,January-December
Ambul Nadee,690,"Beverage industry - To make milkshakes,smoothies, fruit juices",January-December
Puwalu,3645,Make bioplastics,January-December
Ambul Nadee,3911,Give CBL to make Waffers Biscuits,November-January
Nethra Palam,2153,"Traditional alcoholic beverages- Banana liqueurs, wine",January-December
Ambum,4075,"Traditional alcoholic beverages- Banana liqueurs, wine",January-December
Nethra Palam,3350,dehydrated banana chips,January-December
Kolikuttu,577,Textile industry- make banana fibers,January-December
Puwalu,616,"Skincare industry- Make skincare products ( Lotions, creams and face masks",January-December
Ambul Kesel,4975,make banana silk which is eco friendly and biodegradable,November-January
Rath Kesel,3972,Make natural remedies,January-December
Nethra Palam,3846,Make high quality acid free paper from banana stems and leaves,November-January
Kandula,4840,Banana flavored craft beers,January-December
Ambum,4230,Make jam and sugary products to the local market,November-January
Nethra Palam,130,Bakery industry- Banana breads and banana cakes,January-December
Rath Kesel,1308,Make banana oils are used in cosmatic industry,January-December
Green Banana,3902,"Beverage industry - To make milkshakes,smoothies, fruit juices",November-January
Seeni Parakum,371,make dried and powdered banana peels to use as a supplement in animal feed.,January-December
Seeni Parakum,3185,"Traditional alcoholic beverages- Banana liqueurs, wine",November-January
Rath Kesel,2328,Make flavors- Banana flavorings and extracts to make flavored syrups and drinks,November-January
Anamalu,4044,"Skincare industry- Make skincare products ( Lotions, creams and face masks",January-December
Kandula,3548,Brewing and distilling industry- Make banana beer,January-December
Ambul Nadee,3954,Banana flavored craft beers,November-January
Nethra Palam,1089,Make jam and sugary products to the local market,January-December
Rath Kesel,372,Give CBL to make Waffers Biscuits,November-January
Suwandal,2099,Food industry-desserts varieties,January-December
Seeni Parakum,311,make banana silk which is eco friendly and biodegradable,January-December
Suwandal,1960,"Beverage industry - To make milkshakes,smoothies, fruit juices",January-December
Kandula,339,Banana flavored craft beers,November-January
Sini Kesel,2628,Make single use plastic alternatives,January-December
Sini Kesel,891,Make banana oils are used in cosmatic industry,November-January
Ambul Kesel,3842,Make natural remedies,January-December
Anamalu,4810,Bakery industry- Banana breads and banana cakes,January-December
Ambul Kesel,2664,Make breakfast cereals,January-December
Sini Kesel,388,"Pharmaceutical industry- Make antioxidants,vitamins by exploring bioactive compound ",November-January
Nethra Palam,4069,Make high quality acid free paper from banana stems and leaves,January-December
Puwalu,2000,Make innorganic fertilizers,November-January
Suwandal,3289,Make tea bags and filters,November-January
Ambul Nadee,1869,cosmetic industry- Make haircare treatments with banana extracts,November-January
Seeni Parakum,2133,Make natural remedies,November-January
Ambul Nadee,3412,make banana silk which is eco friendly and biodegradable,November-January
Rath Kesel,1343,Banana chocolates and sweets,January-December
Puwalu,3185,Food industry-desserts varieties,November-January
Kandula,3197,"Beverage industry - To make milkshakes,smoothies, fruit juices",January-December
Sini Kesel,2291,Make breakfast cereals,November-January
Puwalu,180,"Pharmaceutical industry- Make antioxidants,vitamins by exploring bioactive compound ",November-January
Sini Kesel,4180,Make innorganic fertilizers,November-January
Ambul Nadee,1419,Make breakfast cereals,November-January
Nethra Palam,1897,Make single use plastic alternatives,November-January
Seeni Parakum,3839,Textile industry- make banana fibers,November-January
Ambum,854,Food industry-desserts varieties,January-December
Sini Kesel,2144,make banana silk which is eco friendly and biodegradable,November-January
Kolikuttu,1319,Textile industry- make banana fibers,January-December
Seeni Parakum,1684,Make banana oils are used in cosmatic industry,January-December
Ambum,3212,make banana silk which is eco friendly and biodegradable,January-December
Green Banana,405,Banana chips ( both sweetened and unsweetened),January-December
Rath Kesel,1698,Make flavors- Banana flavorings and extracts to make flavored syrups and drinks,January-December
Ambul Nadee,3622,make banana silk which is eco friendly and biodegradable,January-December
Green Banana,2262,Make natural remedies,November-January
Green Banana,1844,Banana chocolates and sweets,January-December
Puwalu,1291,Banana flavored craft beers,November-January
Kolikuttu,2992,Banana flavored craft beers,November-January
Sini Kesel,4452,Make flavors- Banana flavorings and extracts to make flavored syrups and drinks,November-January
Puwalu,4443,Export to USA as fresh banana,January-December
Suwandal,2874,Give CBL to make Waffers Biscuits,January-December
Ambul Nadee,2168,Banana chocolates and sweets,January-December
Puwalu,4148,Make high quality acid free paper from banana stems and leaves,November-January
Suwandal,4572,Make natural remedies,November-January
Rath Kesel,4540,Banana chips ( both sweetened and unsweetened),January-December
Anamalu,1165,make dried and powdered banana peels to use as a supplement in animal feed.,January-December
Seeni Parakum,1893,Textile industry- make banana fibers,January-December
Suwandal,4371,Give CBL to make Waffers Biscuits,January-December
Green Banana,4147,Textile industry- make banana fibers,January-December
Ambul Nadee,781,Make high quality acid free paper from banana stems and leaves,January-December
Puwalu,1118,Make bioplastics,January-December
Suwandal,4700,Make high quality acid free paper from banana stems and leaves,January-December
Sini Kesel,504,Make single use plastic alternatives,November-January
Ambum,2000,cosmetic industry- Make haircare treatments with banana extracts,November-January
Puwalu,2576,Banana candies,November-January
Nethra Palam,829,"Skincare industry- Make skincare products ( Lotions, creams and face masks",November-January
Green Banana,1070,Give CBL to make Waffers Biscuits,November-January
Kolikuttu,4004,Make breakfast cereals,November-January
Kolikuttu,3889,Banana candies,January-December
Green Banana,1117,Give CBL to make Waffers Biscuits,November-January
Rath Kesel,682,make dried and powdered banana peels to use as a supplement in animal feed.,January-December
Ambul Nadee,735,Make banana oils are used in cosmatic industry,January-December
Kolikuttu,1844,Make high quality acid free paper from banana stems and leaves,January-December
Suwandal,249,Make breakfast cereals,January-December
Kandula,861,Banana chocolates and sweets,November-January
Ambul Nadee,4752,Food industry-desserts varieties,November-January
Puwalu,459,Make flavors- Banana flavorings and extracts to make flavored syrups and drinks,January-December
Ambul Kesel,1482,Banana chips ( both sweetened and unsweetened),November-January
Rath Kesel,3587,Make flavors- Banana flavorings and extracts to make flavored syrups and drinks,November-January
Green Banana,1360,Make banana oils are used in cosmatic industry,January-December
Puwalu,2106,Banana chips ( both sweetened and unsweetened),November-January
Kandula,4729,Give CBL to make Waffers Biscuits,January-December
Ambul Nadee,671,Make banana oils are used in cosmatic industry,November-January
Suwandal,898,Make tea bags and filters,January-December
Kolikuttu,4713,"Traditional alcoholic beverages- Banana liqueurs, wine",January-December
Suwandal,773,Make high quality acid free paper from banana stems and leaves,November-January
Suwandal,140,Make natural remedies,November-January
Nethra Palam,1695,dehydrated banana chips,January-December
Puwalu,1679,Make single use plastic alternatives,January-December
Ambum,3575,"Pharmaceutical industry- Make antioxidants,vitamins by exploring bioactive compound ",November-January
Puwalu,2781,Make single use plastic alternatives,January-December
Ambul Nadee,3043,Bakery industry- Banana breads and banana cakes,November-January
Kolikuttu,3267,Banana chips ( both sweetened and unsweetened),November-January
Ambum,1301,Make organic fertilizers,January-December
Rath Kesel,2218,Banana chocolates and sweets,November-January
Kandula,3755,make banana silk which is eco friendly and biodegradable,January-December
Ambul Nadee,2999,dehydrated banana chips,November-January
Ambul Nadee,392,Banana candies,January-December
Nethra Palam,4813,Banana candies,January-December
Ambul Kesel,1854,Make high quality acid free paper from banana stems and leaves,November-January
Suwandal,899,Make innorganic fertilizers,November-January
Sini Kesel,4046,Banana flavored craft beers,November-January
Ambul Nadee,4856,Make bioplastics,January-December
Ambul Kesel,4152,Give CBL to make Waffers Biscuits,January-December
Ambum,1266,Make high quality acid free paper from banana stems and leaves,January-December
Rath Kesel,845,Export to USA as fresh banana,November-January
Ambul Nadee,761,Banana candies,January-December
Suwandal,3163,Food industry-desserts varieties,November-January
Ambum,1668,Make bioplastics,November-January
Anamalu,4761,Banana chips ( both sweetened and unsweetened),November-January
Ambul Kesel,2963,Export to USA as fresh banana,November-January
Puwalu,1227,Make jam and sugary products to the local market,January-December
Ambul Nadee,4658,Brewing and distilling industry- Make banana beer,November-January
Green Banana,1479,Give CBL to make Waffers Biscuits,January-December
Nethra Palam,4633,Brewing and distilling industry- Make banana beer,January-December
Anamalu,3507,Make innorganic fertilizers,January-December
Anamalu,1815,Make single use plastic alternatives,January-December
Green Banana,1173,Make high quality acid free paper from banana stems and leaves,November-January
Ambul Nadee,2795,Brewing and distilling industry- Make banana beer,January-December
Ambul Nadee,2563,Make jam and sugary products to the local market,January-December
Nethra Palam,1989,"Pharmaceutical industry- Make antioxidants,vitamins by exploring bioactive compound ",November-January
Ambul Kesel,4545,Export to USA as fresh banana,November-January
Seeni Parakum,2409,Make innorganic fertilizers,November-January
Ambul Kesel,1809,Textile industry- make banana fibers,November-January
Suwandal,1025,Make organic fertilizers,January-December
Nethra Palam,4940,Banana candies,January-December
Seeni Parakum,2132,Banana flavored craft beers,January-December
Sini Kesel,544,Banana candies,January-December
Sini Kesel,3664,Banana candies,January-December
Sini Kesel,3715,Export to USA as fresh banana,November-January
Kandula,2586,Textile industry- make banana fibers,November-January
Kolikuttu,4277,Make flavors- Banana flavorings and extracts to make flavored syrups and drinks,January-December
Seeni Parakum,3682,Make jam and sugary products to the local market,November-January
Nethra Palam,4464,Brewing and distilling industry- Make banana beer,January-December
Rath Kesel,4229,Make banana oils are used in cosmatic industry,November-January
Anamalu,2379,Make organic fertilizers,November-January
Ambul Nadee,4283,Make tea bags and filters,January-December
Seeni Parakum,855,Banana chips ( both sweetened and unsweetened),January-December
Sini Kesel,4594,Textile industry- make banana fibers,January-December
Ambul Kesel,4080,dehydrated banana chips,November-January
Nethra Palam,4051,Banana chocolates and sweets,November-January
Kandula,1714,make banana silk which is eco friendly and biodegradable,January-December
Anamalu,1731,Banana flavored craft beers,January-December
Kolikuttu,2335,"Traditional alcoholic beverages- Banana liqueurs, wine",November-January
Ambul Nadee,1815,Make organic fertilizers,November-January
Rath Kesel,139,"Pharmaceutical industry- Make antioxidants,vitamins by exploring bioactive compound ",January-December
Anamalu,4734,Bakery industry- Banana breads and banana cakes,November-January
Green Banana,2652,cosmetic industry- Make haircare treatments with banana extracts,January-December
Ambul Kesel,1163,dehydrated banana chips,January-December
Sini Kesel,1781,make banana silk which is eco friendly and biodegradable,November-January
Green Banana,3765,Make jam and sugary products to the local market,November-January
Sini Kesel,2834,Make organic fertilizers,November-January
Nethra Palam,3888,Banana chips ( both sweetened and unsweetened),January-December
Puwalu,3390,make banana silk which is eco friendly and biodegradable,November-January
Green Banana,3323,"Skincare industry- Make skincare products ( Lotions, creams and face masks",January-December
Suwandal,3946,Make bioplastics,January-December
Kandula,4855,Make flavors- Banana flavorings and extracts to make flavored syrups and drinks,November-January
Ambul Kesel,1976,Make natural remedies,January-December
Green Banana,954,Banana flavored craft beers,January-December
Kolikuttu,806,"Beverage industry - To make milkshakes,smoothies, fruit juices",November-January
Kolikuttu,2300,Banana chips ( both sweetened and unsweetened),November-January
Green Banana,2511,"Skincare industry- Make skincare products ( Lotions, creams and face masks",January-December
Nethra Palam,3667,Banana chips ( both sweetened and unsweetened),November-January
Kandula,4750,Banana flavored craft beers,November-January
Puwalu,4995,Make bioplastics,November-January
Ambul Nadee,1792,Make high quality acid free paper from banana stems and leaves,January-December
Anamalu,2143,Bakery industry- Banana breads and banana cakes,January-December
Ambum,4084,Banana chocolates and sweets,January-December
Kolikuttu,2256,Bakery industry- Banana breads and banana cakes,January-December
Rath Kesel,1121,Make flavors- Banana flavorings and extracts to make flavored syrups and drinks,November-January
Nethra Palam,3690,Export to USA as fresh banana,January-December
Ambul Kesel,3609,Banana candies,January-December
Anamalu,3639,Make bioplastics,November-January
Ambul Nadee,254,Make bioplastics,November-January
Anamalu,1764,make dried and powdered banana peels to use as a supplement in animal feed.,November-January
Ambul Kesel,4835,Banana chips ( both sweetened and unsweetened),January-December
Nethra Palam,4126,dehydrated banana chips,November-January
Suwandal,87,Banana flavored craft beers,November-January
Puwalu,3000,make dried and powdered banana peels to use as a supplement in animal feed.,November-January
Seeni Parakum,1643,Make organic fertilizers,November-January
Sini Kesel,3676,Banana chips ( both sweetened and unsweetened),November-January
Kolikuttu,1927,Banana chips ( both sweetened and unsweetened),January-December
Sini Kesel,1880,Make high quality acid free paper from banana stems and leaves,January-December
Seeni Parakum,990,Make flavors- Banana flavorings and extracts to make flavored syrups and drinks,January-December
Nethra Palam,3949,Make single use plastic alternatives,January-December
Seeni Parakum,2891,dehydrated banana chips,January-December
Kolikuttu,4676,Make flavors- Banana flavorings and extracts to make flavored syrups and drinks,November-January
Green Banana,3967,cosmetic industry- Make haircare treatments with banana extracts,January-December
Ambul Nadee,2008,Make innorganic fertilizers,January-December
Seeni Parakum,4586,Make jam and sugary products to the local market,January-December
Kandula,3528,Bakery industry- Banana breads and banana cakes,January-December
Kolikuttu,171,"Beverage industry - To make milkshakes,smoothies, fruit juices",January-December
Ambul Nadee,87,Banana candies,November-January
Nethra Palam,3294,Export to USA as fresh banana,January-December
Ambum,360,Banana chocolates and sweets,January-December
Suwandal,4643,Food industry-desserts varieties,November-January
Suwandal,3756,dehydrated banana chips,January-December
Anamalu,1544,Make jam and sugary products to the local market,January-December
Ambum,1086,Make organic fertilizers,January-December
Puwalu,3326,make banana silk which is eco friendly and biodegradable,January-December
Suwandal,1250,cosmetic industry- Make haircare treatments with banana extracts,November-January
Ambul Nadee,1237,Banana chocolates and sweets,November-January
Seeni Parakum,3926,Bakery industry- Banana breads and banana cakes,November-January
Ambul Nadee,3441,Make flavors- Banana flavorings and extracts to make flavored syrups and drinks,November-January
Anamalu,4865,"Pharmaceutical industry- Make antioxidants,vitamins by exploring bioactive compound ",November-January
Ambul Kesel,2664,Brewing and distilling industry- Make banana beer,January-December
Seeni Parakum,1615,Banana flavored craft beers,January-December
Sini Kesel,4616,make dried and powdered banana peels to use as a supplement in animal feed.,January-December
Suwandal,1085,Make banana oils are used in cosmatic industry,January-December
Anamalu,2854,Banana flavored craft beers,November-January
Nethra Palam,2637,dehydrated banana chips,November-January
Ambul Kesel,3849,make dried and powdered banana peels to use as a supplement in animal feed.,January-December
Green Banana,3373,make dried and powdered banana peels to use as a supplement in animal feed.,January-December
Kolikuttu,912,Make high quality acid free paper from banana stems and leaves,November-January
Nethra Palam,473,Brewing and distilling industry- Make banana beer,November-January
Rath Kesel,1758,"Beverage industry - To make milkshakes,smoothies, fruit juices",November-January
Ambul Nadee,4171,Make innorganic fertilizers,January-December
Nethra Palam,4124,Banana chocolates and sweets,November-January
Rath Kesel,953,Make flavors- Banana flavorings and extracts to make flavored syrups and drinks,January-December
Kandula,2364,Make innorganic fertilizers,November-January
Nethra Palam,232,Make flavors- Banana flavorings and extracts to make flavored syrups and drinks,November-January
Sini Kesel,3481,Make bioplastics,November-January
Green Banana,3462,make dried and powdered banana peels to use as a supplement in animal feed.,January-December
Green Banana,3742,make banana silk which is eco friendly and biodegradable,November-January
Kandula,4033,Make tea bags and filters,January-December
Sini Kesel,3006,Make high quality acid free paper from banana stems and leaves,January-December
Kolikuttu,3220,Bakery industry- Banana breads and banana cakes,January-December
Nethra Palam,743,"Skincare industry- Make skincare products ( Lotions, creams and face masks",November-January
Ambum,1109,Make banana oils are used in cosmatic industry,November-January
Puwalu,148,"Traditional alcoholic beverages- Banana liqueurs, wine",November-January
Ambum,481,Make innorganic fertilizers,November-January
Puwalu,1399,"Skincare industry- Make skincare products ( Lotions, creams and face masks",January-December
Kolikuttu,2140,Banana flavored craft beers,November-January
Nethra Palam,3241,Make organic fertilizers,November-January
Seeni Parakum,1771,"Traditional alcoholic beverages- Banana liqueurs, wine",November-January
Seeni Parakum,2333,Make bioplastics,November-January
Ambum,2392,Make jam and sugary products to the local market,November-January
Kolikuttu,4423,Make jam and sugary products to the local market,November-January
Kandula,4556,Banana candies,January-December
Nethra Palam,1009,"Traditional alcoholic beverages- Banana liqueurs, wine",November-January
Ambul Nadee,4697,"Traditional alcoholic beverages- Banana liqueurs, wine",January-December
Suwandal,1778,Export to USA as fresh banana,January-December
Puwalu,4993,Export to USA as fresh banana,January-December
Ambul Kesel,3033,Food industry-desserts varieties,January-December
Green Banana,4731,cosmetic industry- Make haircare treatments with banana extracts,November-January
Ambul Nadee,1023,Make natural remedies,January-December
Kolikuttu,896,Make single use plastic alternatives,November-January
Ambul Nadee,1903,"Beverage industry - To make milkshakes,smoothies, fruit juices",November-January
Seeni Parakum,272,Make high quality acid free paper from banana stems and leaves,January-December
Nethra Palam,4410,make dried and powdered banana peels to use as a supplement in animal feed.,January-December
Kandula,1524,Banana candies,January-December
Ambul Nadee,3502,make dried and powdered banana peels to use as a supplement in animal feed.,January-December
Seeni Parakum,2226,Brewing and distilling industry- Make banana beer,November-January
Ambum,357,Make high quality acid free paper from banana stems and leaves,January-December
Rath Kesel,1494,Make flavors- Banana flavorings and extracts to make flavored syrups and drinks,November-January
Ambul Nadee,2111,Textile industry- make banana fibers,January-December
Suwandal,519,Make banana oils are used in cosmatic industry,January-December
Nethra Palam,1783,Make jam and sugary products to the local market,January-December
Anamalu,2573,Food industry-desserts varieties,January-December
Puwalu,365,Export to USA as fresh banana,November-January
Ambul Nadee,3863,Make bioplastics,November-January
Suwandal,3387,dehydrated banana chips,November-January
Suwandal,2752,Make banana oils are used in cosmatic industry,November-January
Rath Kesel,4196,Make tea bags and filters,January-December
Suwandal,3695,"Traditional alcoholic beverages- Banana liqueurs, wine",November-January
Kolikuttu,2645,Make breakfast cereals,November-January
Ambul Nadee,1663,Bakery industry- Banana breads and banana cakes,January-December
Suwandal,794,Make bioplastics,November-January
Kolikuttu,629,Give CBL to make Waffers Biscuits,January-December
Ambul Kesel,4273,Make organic fertilizers,November-January
Sini Kesel,4545,Make innorganic fertilizers,January-December
Rath Kesel,1862,Banana flavored craft beers,November-January
Nethra Palam,1118,Textile industry- make banana fibers,November-January
Puwalu,1550,dehydrated banana chips,November-January
Green Banana,2040,"Skincare industry- Make skincare products ( Lotions, creams and face masks",January-December
Green Banana,3554,"Traditional alcoholic beverages- Banana liqueurs, wine",November-January
Kolikuttu,4092,Banana chips ( both sweetened and unsweetened),January-December
Rath Kesel,1889,Make jam and sugary products to the local market,November-January
Seeni Parakum,1670,"Traditional alcoholic beverages- Banana liqueurs, wine",January-December
Green Banana,3691,Make tea bags and filters,November-January
Sini Kesel,222,Make high quality acid free paper from banana stems and leaves,November-January
Ambul Kesel,718,Make jam and sugary products to the local market,January-December
Green Banana,4837,Make innorganic fertilizers,November-January
Sini Kesel,2045,"Skincare industry- Make skincare products ( Lotions, creams and face masks",November-January
Green Banana,2796,Banana flavored craft beers,November-January
Anamalu,1203,make dried and powdered banana peels to use as a supplement in animal feed.,November-January
Ambum,3646,Food industry-desserts varieties,January-December
Suwandal,1230,Export to USA as fresh banana,November-January
Sini Kesel,122,"Pharmaceutical industry- Make antioxidants,vitamins by exploring bioactive compound ",November-January
Ambum,1146,make dried and powdered banana peels to use as a supplement in animal feed.,January-December
Ambul Kesel,2262,Give CBL to make Waffers Biscuits,January-December
Ambul Nadee,2479,Make flavors- Banana flavorings and extracts to make flavored syrups and drinks,November-January
Anamalu,4043,Food industry-desserts varieties,January-December
Green Banana,3368,Make single use plastic alternatives,November-January
Anamalu,4376,Make organic fertilizers,November-January
Anamalu,2906,Make banana oils are used in cosmatic industry,November-January
Sini Kesel,711,Make banana oils are used in cosmatic industry,January-December
Kolikuttu,310,"Skincare industry- Make skincare products ( Lotions, creams and face masks",January-December
Sini Kesel,555,Banana chocolates and sweets,November-January
Anamalu,3398,make banana silk which is eco friendly and biodegradable,November-January
Suwandal,3830,Make single use plastic alternatives,November-January
Puwalu,3508,Make jam and sugary products to the local market,November-January
Anamalu,4255,Make organic fertilizers,January-December
Suwandal,2279,Make flavors- Banana flavorings and extracts to make flavored syrups and drinks,January-December
Puwalu,1894,"Beverage industry - To make milkshakes,smoothies, fruit juices",January-December
Ambum,4352,make banana silk which is eco friendly and biodegradable,November-January
Rath Kesel,701,Banana flavored craft beers,January-December
Puwalu,3397,"Beverage industry - To make milkshakes,smoothies, fruit juices",November-January
Green Banana,98,Make bioplastics,November-January
Ambum,2440,Make innorganic fertilizers,November-January
Ambul Kesel,718,"Traditional alcoholic beverages- Banana liqueurs, wine",November-January
Kandula,637,Food industry-desserts varieties,January-December
Green Banana,2003,Textile industry- make banana fibers,November-January
Sini Kesel,2644,Banana chips ( both sweetened and unsweetened),January-December
Kolikuttu,1510,make banana silk which is eco friendly and biodegradable,January-December
Puwalu,2123,Make tea bags and filters,November-January
Sini Kesel,4720,Bakery industry- Banana breads and banana cakes,January-December
Suwandal,1333,make banana silk which is eco friendly and biodegradable,November-January
Green Banana,1452,Give CBL to make Waffers Biscuits,January-December
Ambul Kesel,2482,Food industry-desserts varieties,November-January
Rath Kesel,1152,cosmetic industry- Make haircare treatments with banana extracts,January-December
Nethra Palam,1926,Give CBL to make Waffers Biscuits,November-January
Suwandal,3877,Banana chocolates and sweets,January-December
Nethra Palam,3418,Export to USA as fresh banana,January-December
Ambum,2988,Bakery industry- Banana breads and banana cakes,January-December
Rath Kesel,4241,Give CBL to make Waffers Biscuits,November-January
Ambul Nadee,680,Make innorganic fertilizers,January-December
Suwandal,2389,"Beverage industry - To make milkshakes,smoothies, fruit juices",November-January
Rath Kesel,4950,Banana candies,January-December
Rath Kesel,3936,Make natural remedies,November-January
Sini Kesel,1204,Make jam and sugary products to the local market,January-December
Suwandal,3088,Banana flavored craft beers,January-December
Kolikuttu,2003,Textile industry- make banana fibers,November-January
Anamalu,1262,"Pharmaceutical industry- Make antioxidants,vitamins by exploring bioactive compound ",November-January
Nethra Palam,3872,Make high quality acid free paper from banana stems and leaves,November-January
Suwandal,2898,make dried and powdered banana peels to use as a supplement in animal feed.,January-December
Ambum,1762,Give CBL to make Waffers Biscuits,November-January
Nethra Palam,1826,Make flavors- Banana flavorings and extracts to make flavored syrups and drinks,November-January
Kandula,3473,Export to USA as fresh banana,November-January
Seeni Parakum,1847,Banana chocolates and sweets,January-December
Kandula,4749,"Pharmaceutical industry- Make antioxidants,vitamins by exploring bioactive compound ",January-December
Ambul Kesel,2397,"Traditional alcoholic beverages- Banana liqueurs, wine",November-January
Seeni Parakum,2072,Make jam and sugary products to the local market,January-December
Anamalu,3994,"Pharmaceutical industry- Make antioxidants,vitamins by exploring bioactive compound ",November-January
Ambum,1345,Export to USA as fresh banana,November-January
Rath Kesel,3862,dehydrated banana chips,November-January
Puwalu,1008,Make high quality acid free paper from banana stems and leaves,January-December
Suwandal,2919,Make bioplastics,January-December
Ambul Nadee,4753,Textile industry- make banana fibers,November-January
Ambul Nadee,3167,Make single use plastic alternatives,November-January
Puwalu,4270,cosmetic industry- Make haircare treatments with banana extracts,November-January
Rath Kesel,3474,Make breakfast cereals,January-December
Ambul Kesel,807,Food industry-desserts varieties,November-January
Anamalu,4704,Make bioplastics,January-December
Suwandal,4235,"Pharmaceutical industry- Make antioxidants,vitamins by exploring bioactive compound ",January-December
Ambul Nadee,403,make dried and powdered banana peels to use as a supplement in animal feed.,November-January
Puwalu,4585,Make bioplastics,January-December
Kandula,1039,Make high quality acid free paper from banana stems and leaves,January-December
Sini Kesel,3174,Make organic fertilizers,November-January
Green Banana,3327,Give CBL to make Waffers Biscuits,January-December
Ambum,4265,Make organic fertilizers,November-January
Kandula,1255,dehydrated banana chips,November-January
Ambul Kesel,1663,Make bioplastics,January-December
Kolikuttu,374,"Skincare industry- Make skincare products ( Lotions, creams and face masks",January-December
Seeni Parakum,2329,Make single use plastic alternatives,January-December
Seeni Parakum,261,Textile industry- make banana fibers,November-January
Seeni Parakum,2016,dehydrated banana chips,January-December
Ambul Nadee,954,Make single use plastic alternatives,January-December
Rath Kesel,608,Make single use plastic alternatives,November-January
Kolikuttu,643,"Pharmaceutical industry- Make antioxidants,vitamins by exploring bioactive compound ",November-January
Puwalu,3344,Make innorganic fertilizers,January-December
Ambum,1933,Banana chips ( both sweetened and unsweetened),November-January
Suwandal,783,make banana silk which is eco friendly and biodegradable,January-December
Puwalu,3575,Make organic fertilizers,November-January
Nethra Palam,410,Make flavors- Banana flavorings and extracts to make flavored syrups and drinks,November-January
Kolikuttu,4997,Make breakfast cereals,January-December
Kolikuttu,4433,cosmetic industry- Make haircare treatments with banana extracts,November-January
Suwandal,4056,cosmetic industry- Make haircare treatments with banana extracts,November-January
Kolikuttu,4717,"Pharmaceutical industry- Make antioxidants,vitamins by exploring bioactive compound ",January-December
Kandula,1786,Make tea bags and filters,November-January
Green Banana,1804,Export to USA as fresh banana,November-January
Anamalu,2992,Banana candies,November-January
Ambum,186,Banana candies,November-January
Kolikuttu,4622,Make bioplastics,November-January
Nethra Palam,3592,Make innorganic fertilizers,January-December
Kolikuttu,3953,Textile industry- make banana fibers,January-December
Rath Kesel,955,Banana flavored craft beers,January-December
Puwalu,3553,Make tea bags and filters,January-December
Ambul Kesel,81,Banana chips ( both sweetened and unsweetened),January-December
Kolikuttu,2458,make dried and powdered banana peels to use as a supplement in animal feed.,November-January
Puwalu,4240,Give CBL to make Waffers Biscuits,January-December
Kolikuttu,982,Make breakfast cereals,November-January
Kolikuttu,3946,Banana candies,January-December
Nethra Palam,1750,Make breakfast cereals,January-December
Sini Kesel,4225,Banana candies,November-January
Ambum,3697,Brewing and distilling industry- Make banana beer,January-December
Anamalu,4426,cosmetic industry- Make haircare treatments with banana extracts,January-December
Suwandal,3611,Make breakfast cereals,January-December
Green Banana,1995,Make natural remedies,January-December
Anamalu,3918,Textile industry- make banana fibers,November-January
Kandula,3457,Make bioplastics,January-December
Seeni Parakum,600,Bakery industry- Banana breads and banana cakes,November-January
Kolikuttu,551,Brewing and distilling industry- Make banana beer,January-December
Rath Kesel,2542,Make natural remedies,January-December
Kandula,540,make dried and powdered banana peels to use as a supplement in animal feed.,November-January
Kolikuttu,2929,Export to USA as fresh banana,January-December
Sini Kesel,4622,Brewing and distilling industry- Make banana beer,November-January
Nethra Palam,3425,Make flavors- Banana flavorings and extracts to make flavored syrups and drinks,January-December
Kandula,269,"Skincare industry- Make skincare products ( Lotions, creams and face masks",November-January
Sini Kesel,2789,Food industry-desserts varieties,January-December
Kolikuttu,4514,"Traditional alcoholic beverages- Banana liqueurs, wine",January-December
Kolikuttu,976,Bakery industry- Banana breads and banana cakes,November-January
Anamalu,1225,Make bioplastics,January-December
Ambul Kesel,2448,Make flavors- Banana flavorings and extracts to make flavored syrups and drinks,January-December
Sini Kesel,954,make dried and powdered banana peels to use as a supplement in animal feed.,November-January
Anamalu,2239,Make natural remedies,January-December
Ambul Kesel,3110,"Beverage industry - To make milkshakes,smoothies, fruit juices",November-January
Puwalu,811,Make bioplastics,November-January
Kandula,4194,Make innorganic fertilizers,January-December
Ambul Kesel,4149,Make high quality acid free paper from banana stems and leaves,November-January
Suwandal,1030,Make tea bags and filters,January-December
Kolikuttu,1490,Make single use plastic alternatives,November-January
Nethra Palam,70,Make organic fertilizers,January-December
Ambum,2413,make dried and powdered banana peels to use as a supplement in animal feed.,November-January
Rath Kesel,1640,Food industry-desserts varieties,November-January
Ambul Kesel,2249,Make single use plastic alternatives,January-December
Nethra Palam,3010,dehydrated banana chips,November-January
Anamalu,4645,Banana flavored craft beers,January-December
Sini Kesel,1544,"Traditional alcoholic beverages- Banana liqueurs, wine",November-January
Puwalu,3194,Brewing and distilling industry- Make banana beer,January-December
Seeni Parakum,749,"Pharmaceutical industry- Make antioxidants,vitamins by exploring bioactive compound ",November-January
Anamalu,150,Make organic fertilizers,November-January
Kandula,271,Make banana oils are used in cosmatic industry,January-December
Ambul Nadee,3995,dehydrated banana chips,January-December
Ambul Nadee,552,Banana chocolates and sweets,January-December
Nethra Palam,2218,make dried and powdered banana peels to use as a supplement in animal feed.,January-December
Puwalu,4060,Textile industry- make banana fibers,November-January
Ambum,1747,Brewing and distilling industry- Make banana beer,November-January
Sini Kesel,2908,Make bioplastics,November-January
Anamalu,3039,Make natural remedies,November-January
Seeni Parakum,3270,Banana chocolates and sweets,January-December
Kandula,1758,Export to USA as fresh banana,November-January
Green Banana,1664,Make organic fertilizers,November-January
Nethra Palam,4466,Make banana oils are used in cosmatic industry,January-December
Anamalu,276,Banana chocolates and sweets,November-January
Puwalu,1064,Bakery industry- Banana breads and banana cakes,November-January
Seeni Parakum,2918,cosmetic industry- Make haircare treatments with banana extracts,November-January
Seeni Parakum,4486,cosmetic industry- Make haircare treatments with banana extracts,November-January
Anamalu,3677,Banana candies,January-December
Puwalu,654,Make single use plastic alternatives,January-December
Ambul Nadee,4958,Make banana oils are used in cosmatic industry,November-January
Green Banana,271,Make banana oils are used in cosmatic industry,January-December
Rath Kesel,755,Banana flavored craft beers,November-January
Sini Kesel,518,dehydrated banana chips,November-January
Sini Kesel,1793,Give CBL to make Waffers Biscuits,November-January
Anamalu,3261,"Pharmaceutical industry- Make antioxidants,vitamins by exploring bioactive compound ",January-December
Ambul Kesel,617,Brewing and distilling industry- Make banana beer,November-January
Suwandal,2678,Food industry-desserts varieties,November-January
Suwandal,2284,Make breakfast cereals,January-December
Sini Kesel,4448,Banana candies,November-January
Kandula,83,Make jam and sugary products to the local market,November-January
Ambul Kesel,183,dehydrated banana chips,January-December
Anamalu,4699,make banana silk which is eco friendly and biodegradable,November-January
Anamalu,4545,Textile industry- make banana fibers,January-December
Ambum,1953,Make high quality acid free paper from banana stems and leaves,January-December
Anamalu,2282,dehydrated banana chips,January-December
Ambul Kesel,2922,Make natural remedies,November-January
Nethra Palam,1912,Banana flavored craft beers,January-December
Ambul Nadee,2247,cosmetic industry- Make haircare treatments with banana extracts,January-December
Green Banana,2501,Banana chocolates and sweets,January-December
Green Banana,3822,Banana flavored craft beers,November-January
Kandula,191,Make banana oils are used in cosmatic industry,November-January
Rath Kesel,208,Textile industry- make banana fibers,January-December
Seeni Parakum,3032,Make jam and sugary products to the local market,November-January
Ambul Kesel,3052,Make bioplastics,November-January
Sini Kesel,884,Make tea bags and filters,January-December
Puwalu,4175,Banana flavored craft beers,January-December
Rath Kesel,673,Make single use plastic alternatives,January-December
Ambum,4395,"Skincare industry- Make skincare products ( Lotions, creams and face masks",January-December
Kolikuttu,701,Make flavors- Banana flavorings and extracts to make flavored syrups and drinks,November-January
Ambum,1526,Make natural remedies,January-December
Sini Kesel,3087,"Traditional alcoholic beverages- Banana liqueurs, wine",January-December
Ambul Nadee,281,Make innorganic fertilizers,January-December
Ambul Nadee,3600,Make banana oils are used in cosmatic industry,January-December
Anamalu,2948,make banana silk which is eco friendly and biodegradable,November-January
Seeni Parakum,3708,"Pharmaceutical industry- Make antioxidants,vitamins by exploring bioactive compound ",November-January
Sini Kesel,4860,Give CBL to make Waffers Biscuits,November-January
Seeni Parakum,4534,Banana chips ( both sweetened and unsweetened),January-December
Green Banana,3106,Make natural remedies,January-December
Nethra Palam,781,Make breakfast cereals,January-December
Green Banana,2965,Export to USA as fresh banana,November-January
Ambum,2303,Make bioplastics,November-January
Anamalu,1586,"Beverage industry - To make milkshakes,smoothies, fruit juices",November-January
Seeni Parakum,4703,make banana silk which is eco friendly and biodegradable,January-December
Kandula,178,Export to USA as fresh banana,January-December
Rath Kesel,2974,Make breakfast cereals,November-January
Ambum,3526,Banana chips ( both sweetened and unsweetened),November-January
Rath Kesel,234,Make tea bags and filters,January-December
Kandula,4576,Brewing and distilling industry- Make banana beer,November-January
Suwandal,3592,Food industry-desserts varieties,November-January
Nethra Palam,1537,Make flavors- Banana flavorings and extracts to make flavored syrups and drinks,November-January
Rath Kesel,3552,Banana candies,January-December
Kolikuttu,621,make dried and powdered banana peels to use as a supplement in animal feed.,January-December
Ambum,1559,Banana candies,November-January
Kolikuttu,2059,Banana chips ( both sweetened and unsweetened),January-December
Kandula,2829,Textile industry- make banana fibers,January-December
Sini Kesel,4925,Banana chips ( both sweetened and unsweetened),January-December
Sini Kesel,1055,Banana chips ( both sweetened and unsweetened),November-January
Sini Kesel,183,make dried and powdered banana peels to use as a supplement in animal feed.,January-December
Kolikuttu,3122,dehydrated banana chips,January-December
Puwalu,4927,Give CBL to make Waffers Biscuits,January-December
Puwalu,1961,Make natural remedies,November-January
Ambul Nadee,4863,Make organic fertilizers,January-December
Anamalu,3893,Banana candies,November-January
Green Banana,4728,"Skincare industry- Make skincare products ( Lotions, creams and face masks",January-December
Green Banana,952,Export to USA as fresh banana,January-December
Rath Kesel,1802,Banana chocolates and sweets,January-December
Sini Kesel,2885,Make high quality acid free paper from banana stems and leaves,January-December
Suwandal,4383,dehydrated banana chips,January-December
Rath Kesel,4975,Food industry-desserts varieties,November-January
Ambul Kesel,2136,Banana chips ( both sweetened and unsweetened),November-January
Anamalu,3471,"Traditional alcoholic beverages- Banana liqueurs, wine",January-December
Seeni Parakum,1891,Export to USA as fresh banana,November-January
Rath Kesel,3113,Make breakfast cereals,November-January
Ambul Kesel,144,make banana silk which is eco friendly and biodegradable,January-December
Anamalu,4792,dehydrated banana chips,November-January
Nethra Palam,1832,Make organic fertilizers,November-January
Kolikuttu,4086,Export to USA as fresh banana,November-January
Sini Kesel,541,Give CBL to make Waffers Biscuits,January-December
Sini Kesel,349,"Traditional alcoholic beverages- Banana liqueurs, wine",January-December
Suwandal,237,"Beverage industry - To make milkshakes,smoothies, fruit juices",January-December
Green Banana,4701,Make organic fertilizers,January-December
Kolikuttu,266,make banana silk which is eco friendly and biodegradable,November-January
Anamalu,1241,Brewing and distilling industry- Make banana beer,January-December
Ambul Nadee,2019,Make tea bags and filters,November-January
Ambum,1634,Make banana oils are used in cosmatic industry,January-December
Sini Kesel,3113,cosmetic industry- Make haircare treatments with banana extracts,January-December
Green Banana,2445,make banana silk which is eco friendly and biodegradable,November-January
Ambul Kesel,4573,Make tea bags and filters,January-December
Suwandal,1722,Textile industry- make banana fibers,November-January
Anamalu,3621,"Skincare industry- Make skincare products ( Lotions, creams and face masks",January-December
Ambul Nadee,689,Make flavors- Banana flavorings and extracts to make flavored syrups and drinks,November-January
Kandula,4032,"Pharmaceutical industry- Make antioxidants,vitamins by exploring bioactive compound ",November-January
Ambum,1120,Make high quality acid free paper from banana stems and leaves,November-January
Kolikuttu,1936,Make breakfast cereals,November-January
Nethra Palam,2023,"Beverage industry - To make milkshakes,smoothies, fruit juices",November-January
Ambul Nadee,2333,Make natural remedies,November-January
Nethra Palam,830,Make innorganic fertilizers,January-December
Nethra Palam,3320,cosmetic industry- Make haircare treatments with banana extracts,January-December
Kandula,3744,Bakery industry- Banana breads and banana cakes,November-January
Kolikuttu,528,"Beverage industry - To make milkshakes,smoothies, fruit juices",November-January
Sini Kesel,2159,Make banana oils are used in cosmatic industry,January-December
Kolikuttu,1630,Make jam and sugary products to the local market,November-January
Ambum,1566,Make innorganic fertilizers,November-January
Ambul Kesel,6768,Give CBL to make Waffers Biscuits,January-December
Nethra Palam,3658,Make jam and sugary products to the local market,January-December
Green Banana,1924,dehydrated banana chips ,January-December
Sini Kesel,6893,Export to USA as fresh banana,November-January
Sini Kesel,12666,Food industry-  desserts varieties,November-January
Seeni Parakum,7791,"Beverage industry - To make milkshakes,smoothies, fruit juices",November-January
Ambul Kesel,7402,Bakery industry- Banana breads and banana cakes,November-January
Kandula,3289,Make flavors- Banana flavorings and extracts to make flavored syrups and drinks,January-December
Kandula,7775,Banana candies,January-December
Ambul Nadee,15684,Banana chocolates and sweets,January-December
Nethra Palam,19354,Banana chips ( both sweetened and unsweetened),January-December
Ambum,3888,Dried banana ,January-December
Kolikuttu,16840,Make readymade Banana puree,January-December
Kolikuttu,2435,Make breakfast cereals,January-December
Anamalu,17059,Make organic fertilizers ,January-December
Rath Kesel,8827,Make natural remedies,November-January
Nethra Palam,13446,Make banana oils are used in cosmatic industry,January-December
Suwandal,8346,"Pharmaceutical industry- Make antioxidants,vitamins by exploring bioactive compound ",January-December
Puwalu,12659,Make banana flakes,January-December
Sini Kesel,5326,cosmetic industry- Make haircare treatments with banana extracts,January-December
Ambul Kesel,5376,"Skincare industry- Make skincare products ( Lotions, creams and face masks",January-December
Ambul Kesel,9796,Make innorganic fertilizers,January-December
Sini Kesel,7269,make dried and powdered banana peels to use as a supplement in animal feed.,January-December
Green Banana,11731,Textile industry- make banana fibers ,January-December
Anamalu,17934, make banana silk which is eco friendly and biodegradable,January-December
Ambul Kesel,10676,Make high quality acid free paper from banana stems and leaves,January-December
Rath Kesel,4490,Make tea bags and filters ,January-December
Ambul Kesel,3680,Make bioplastics,January-December
Puwalu,15956,Make single use plastic alternatives,January-December
Kolikuttu,3630,Brewing and distilling industry- Make banana beer,January-December
Nethra Palam,9143,Banana flavored craft beers,January-December
Anamalu,17995,"Traditional alcoholic beverages- Banana liqueurs, wine",January-December
Green Banana,15138,"make ropes,mats and handcrafts from fibers extracted from the trunk",January-December
Green Banana,9882,Biogas production,January-December
Kolikuttu,16789,Make skin care produts- serums,January-December
Kolikuttu,3806,Make banana powder to use as a filter in pharmaceutical tablets and capsules,January-December
Sini Kesel,17604,Make breakfast cereals,January-December
Ambul Kesel,7402,Export to Europe as fresh banana,January-December
Sini Kesel,8589,Make banana cakes,January-December
Ambul Kesel,14542,cosmetic industry- Make haircare treatments with banana extracts,January-December
Ambul Kesel,17203,Make Banana hair mask,January-December
Suwandal,4025,Make banana flakes,January-December
Ambul Kesel,13324,Make organic fertilizers ,January-December
Sini Kesel,3527,"Beverage industry - To make milkshakes,smoothies, fruit juices",January-December
Ambum,9135,Banana chips ( both sweetened and unsweetened),January-December
Ambum,18139,Make Banana chocolates and sweets,January-December
Ambul Kesel,6078,Make banana facial masks,January-December
Sini Kesel,16543,Make banana flavour extracts,January-December
Ambul Kesel,10025,make breakfast cereals,January-December
Nethra Palam,13238,Export to Japan as fresh banana,January-December
Kolikuttu,2511,Make banana hair cream ,January-December
Ambum,14767,Make readymade Banana puree,January-December
Ambul Nadee,6020,Banana candies,January-December
Ambul Kesel,17695,"Beverage industry - To make milkshakes,smoothies, fruit juices",January-December
Sini Kesel,5311,Make organic fertilizers ,January-December
Sini Kesel,17612,Banana chips ( both sweetened and unsweetened),January-December
Nethra Palam,1379,distribute to use in traditional medicine practices,January-December
Nethra Palam,1408,make breakfast cereals,January-December
Kolikuttu,11538,cosmetic industry- Make haircare treatments with banana extracts,January-December
Kolikuttu,8573,Make banana flakes,January-December
Sini Kesel,2791,Make skin care produts- serums,January-December
Kandula,10001,make breakfast cereals,January-December
Kolikuttu,8003,Export to middle east as fresh banana,January-December
Kolikuttu,8314,Make banana cakes,January-December
Nethra Palam,17663,Make Banana chocolates and sweets,January-December
Kandula,18715,"Beverage industry - To make milkshakes,smoothies, fruit juices",January-December
Kandula,11454,Make essential oils extracted from banana used in aromatheraphy practices,January-December
Puwalu,1146,Make banana hair cream,January-December
Ambul Kesel,15851,Banana chips ( both sweetened and unsweetened),January-December
Ambul Kesel,4000,Make banana bath products,January-December
Ambul Kesel,9738,make dried and powdered banana peels to use as a supplement in animal feed.,January-December
Puwalu,11774,Make innorganic fertilizers,January-December
Anamalu,6771,Make tea bags and filters ,January-December
Puwalu,7804,make breakfast cereals,January-December
Sini Kesel,12633,Make banana facial masks,January-December
Sini Kesel,6390,Brewing and distilling industry- Make banana beer,January-December
Ambul Nadee,2946,Biogas production,January-December
Kolikuttu,2928,"Beverage industry - To make milkshakes,smoothies, fruit juices",January-December
Ambul Kesel,11952,Make banana cakes,January-December
Ambul Nadee,15207,cosmetic industry- Make haircare treatments with banana extracts,January-December
Kolikuttu,4369,Make organic fertilizers ,January-December
Suwandal,1939,Make readymade Banana puree,January-December
Kolikuttu,12888,Banana chips ( both sweetened and unsweetened),January-December
Suwandal,19413,Export to Russia as fresh banana,January-December
Ambul Kesel,4142,Brewing and distilling industry- Make banana beer,January-December
Ambul Kesel,4435,Biogas production,January-December
Ambum,17404,Make banana flavour extracts,January-December
Sini Kesel,16725,Make Banana chocolates and sweets,January-December
Suwandal,12202,Make banana cakes,January-December
Ambul Kesel,977,Make banana flakes,January-December
Ambul Nadee,8656,Make banana hair cream,January-December
Ambul Kesel,15465,Make skin care produts- serums,January-December
Anamalu,14714,Export to Maldives as fresh banana,January-December
Sini Kesel,2006,Biogas production,January-December
Kolikuttu,11426,"Traditional alcoholic beverages- Banana liqueurs, wine",January-December
Ambul Kesel,19359,distribute to use in traditional medicine practices,January-December
Puwalu,2046,Make tea bags and filters ,January-December
Ambul Nadee,2404,Brewing and distilling industry- Make banana beer,January-December
Ambul Nadee,19743,"Beverage industry - To make milkshakes,smoothies, fruit juices",January-December
Green Banana,12834,Banana chips ( both sweetened and unsweetened),January-December
Ambul Kesel,5058,Banana candies,January-December
Green Banana,5330,Make organic fertilizers ,January-December
Anamalu,19640,Export to Singapore as fresh banana,January-December
Anamalu,11080,Textile industry- make banana fibers ,January-December
Sini Kesel,7614,Make banana bath products,January-December
Rath Kesel,9535,Make innorganic fertilizers,January-December
Sini Kesel,10498,distribute to use in traditional medicine practices,January-December
Sini Kesel,3045,Make essential oils extracted from banana used in aromatheraphy practices,January-December
Ambul Nadee,16888,Make banana bath products,January-December
Kolikuttu,5328,make dried and powdered banana peels to use as a supplement in animal feed.,January-December
Ambul Nadee,16468,"Beverage industry - To make milkshakes,smoothies, fruit juices",January-December
Kolikuttu,11681,Make banana flavour extracts,January-December
Kolikuttu,13293,Make banana facial masks,January-December
Anamalu,4587,Make banana cakes,January-December
Anamalu,1502,Banana chips ( both sweetened and unsweetened),January-December
Ambul Kesel,2402,Make Banana chocolates and sweets,January-December
Ambul Nadee,17736,Make skin care produts- serums,January-December
Ambul Nadee,18915,Make organic fertilizers ,January-December
Kolikuttu,18648,Export to Hong kong as fresh banana,January-December
Ambul Kesel,767,Export to Dubai as fresh banana,January-December
Ambul Kesel,13574,Export to Quatar as fresh banana,January-December
Ambum,3325,Export to Australia as fresh banana,January-December
Sini Kesel,5983,Export to NewZealand as fresh banana,January-December
Suwandal,4840,Export to Cananda as fresh banana,January-December
Ambul Kesel,2279,Export to German as fresh banana,January-December
Ambul Nadee,10018,Export to Hong Kong as fresh banana,January-December
Ambul Kesel,4228,Export to Singapoor as fresh banana,January-December
Anamalu,2733,Export to Malasia as fresh banana,January-December
Sini Kesel,545,Export to Poland as fresh banana,January-December
Kolikuttu,16845,Make essential oils extracted from banana used in aromatheraphy practices,January-December
Ambul Kesel,9189,Give Munchee to make Waffers Biscuits,January-December
Puwalu,834,Make jam and sugary products to the local market,January-December
Ambul Nadee,11001,dehydrated banana chips ,January-December
Ambul Nadee,18504,Export to USA as fresh banana,January-December
Green Banana,9324,Food industry-  desserts varieties,January-December
Ambul Kesel,12568,"Beverage industry - To make milkshakes,smoothies, fruit juices",January-December
Green Banana,13561,Bakery industry- Banana breads and banana cakes,January-December
Puwalu,13473,Make flavors- Banana flavorings and extracts to make flavored syrups and drinks,January-December
Anamalu,10430,Banana candies,January-December
Puwalu,12064,Banana chocolates and sweets,January-December
Sini Kesel,13752,Banana chips ( both sweetened and unsweetened),January-December
Sini Kesel,18929,Dried banana ,January-December
Ambul Nadee,16199,Make readymade Banana puree,January-December
Kolikuttu,3637,Make breakfast cereals,January-December
Ambul Kesel,17114,Make organic fertilizers ,January-December
Ambul Nadee,17322,Make natural remedies,January-December
Kolikuttu,11131,Make banana oils are used in cosmatic industry,January-December
Suwandal,15194,"Pharmaceutical industry- Make antioxidants,vitamins by exploring bioactive compound ",January-December
Kolikuttu,9174,Make banana flakes,January-December
Suwandal,14898,cosmetic industry- Make haircare treatments with banana extracts,January-December
Ambul Kesel,4944,"Skincare industry- Make skincare products ( Lotions, creams and face masks",January-December
Ambul Kesel,13157,Make innorganic fertilizers,January-December
Ambum,16470,make dried and powdered banana peels to use as a supplement in animal feed.,January-December
Sini Kesel,22058,Textile industry- make banana fibers ,January-December
Suwandal,24929, make banana silk which is eco friendly and biodegradable,January-December
Ambul Kesel,2921,Make high quality acid free paper from banana stems and leaves,January-December
Ambul Nadee,5144,Make tea bags and filters ,January-December
Ambul Kesel,5028,Make bioplastics,January-December
Anamalu,14555,Make single use plastic alternatives,January-December
Sini Kesel,10224,Brewing and distilling industry- Make banana beer,January-December
Kolikuttu,16098,Banana flavored craft beers,January-December
Ambul Kesel,3194,"Traditional alcoholic beverages- Banana liqueurs, wine",January-December
Puwalu,14319,"make ropes,mats and handcrafts from fibers extracted from the trunk",January-December
Ambul Nadee,23042,Biogas production,January-December
Ambul Nadee,4623,Make skin care produts- serums,January-December
Green Banana,14170,Make banana powder to use as a filter in pharmaceutical tablets and capsules,January-December
Ambul Kesel,5308,Make breakfast cereals,January-December
Green Banana,16155,Export to Europe as fresh banana,January-December
Anamalu,14002,Make banana cakes,January-December
Anamalu,1135,cosmetic industry- Make haircare treatments with banana extracts,January-December
Sini Kesel,7367,Make Banana hair mask,January-December
Rath Kesel,24826,Make banana flakes,January-December
Sini Kesel,10611,Make organic fertilizers ,January-December
Sini Kesel,14004,"Beverage industry - To make milkshakes,smoothies, fruit juices",January-December
Ambul Kesel,21445,Banana chips ( both sweetened and unsweetened),January-December
Ambul Kesel,3996,Make Banana chocolates and sweets,January-December
Sini Kesel,17830,Make banana facial masks,January-December
Green Banana,17244,Make banana flavour extracts,January-December
Anamalu,15152,make breakfast cereals,January-December
Ambul Kesel,20781,Export to Japan as fresh banana,January-December
Rath Kesel,11347,Make banana hair cream ,January-December
Ambul Kesel,17835,Make readymade Banana puree,January-December
Puwalu,21302,Banana candies,January-December
Kolikuttu,1053,"Beverage industry - To make milkshakes,smoothies, fruit juices",January-December
Nethra Palam,15240,Make organic fertilizers ,January-December
Anamalu,22511,Banana chips ( both sweetened and unsweetened),January-December
Green Banana,21022,distribute to use in traditional medicine practices,January-December
Green Banana,10452,make breakfast cereals,January-December
Kolikuttu,23941,cosmetic industry- Make haircare treatments with banana extracts,January-December
Kolikuttu,7245,Make banana flakes,January-December
Sini Kesel,20910,Make skin care produts- serums,January-December
Ambul Kesel,16293,make breakfast cereals,January-December
Sini Kesel,8703,Export to middle east as fresh banana,January-December
Ambul Kesel,6572,Make banana cakes,January-December
Ambul Kesel,18161,Make Banana chocolates and sweets,January-December
Suwandal,15413,"Beverage industry - To make milkshakes,smoothies, fruit juices",January-December
Ambul Kesel,24481,Make essential oils extracted from banana used in aromatheraphy practices,January-December
Sini Kesel,6826,Make banana hair cream,January-December
Ambum,19561,Banana chips ( both sweetened and unsweetened),January-December
Ambum,21442,Make banana bath products,January-December
Ambul Kesel,3286,make dried and powdered banana peels to use as a supplement in animal feed.,January-December
Sini Kesel,10114,Make innorganic fertilizers,January-December
Ambul Kesel,23770,Make tea bags and filters ,January-December
Nethra Palam,1003,make breakfast cereals,January-December
Kolikuttu,12330,Make banana facial masks,January-December
Ambum,4081,Brewing and distilling industry- Make banana beer,January-December
Ambul Nadee,18378,Biogas production,January-December
Ambul Kesel,11912,"Beverage industry - To make milkshakes,smoothies, fruit juices",January-December
Sini Kesel,3198,Make banana cakes,January-December
Sini Kesel,2895,cosmetic industry- Make haircare treatments with banana extracts,January-December
Nethra Palam,18847,Make organic fertilizers ,January-December
Nethra Palam,16414,Make readymade Banana puree,January-December
Kolikuttu,24922,Banana chips ( both sweetened and unsweetened),January-December
Kolikuttu,16693,Export to Russia as fresh banana,January-December
Sini Kesel,19159,Brewing and distilling industry- Make banana beer,January-December
Seeni Parakum,21650,Biogas production,January-December
Ambul Kesel,6844,Make banana flavour extracts,January-December
Kandula,10479,Make Banana chocolates and sweets,January-December
Seeni Parakum,11264,Make banana cakes,January-December
Ambul Kesel,7658,Make banana flakes,January-December
Kandula,9748,Make banana hair cream,January-December
Kandula,2389,Make skin care produts- serums,January-December
Ambul Nadee,13680,Export to Maldives as fresh banana,January-December
Nethra Palam,6639,Biogas production,January-December
Ambum,6503,"Traditional alcoholic beverages- Banana liqueurs, wine",January-December
Kolikuttu,4466,distribute to use in traditional medicine practices,January-December
Kolikuttu,7226,Make tea bags and filters ,January-December
Anamalu,2374,Brewing and distilling industry- Make banana beer,January-December
Rath Kesel,11550,"Beverage industry - To make milkshakes,smoothies, fruit juices",January-December
Nethra Palam,9539,Banana chips ( both sweetened and unsweetened),January-December
Suwandal,20243,Banana candies,January-December
Puwalu,18295,Make organic fertilizers ,January-December
Sini Kesel,15322,Export to Singapore as fresh banana,January-December
Ambul Kesel,18832,Textile industry- make banana fibers ,January-December
Ambul Kesel,2139,Make banana bath products,January-December
Sini Kesel,18420,Make innorganic fertilizers,January-December
Green Banana,10295,distribute to use in traditional medicine practices,January-December
Anamalu,10587,Make essential oils extracted from banana used in aromatheraphy practices,January-December
Ambul Kesel,6580,Make banana bath products,January-December
Rath Kesel,17024,make dried and powdered banana peels to use as a supplement in animal feed.,January-December
Ambul Kesel,10171,"Beverage industry - To make milkshakes,smoothies, fruit juices",January-December
Puwalu,4754,Make banana flavour extracts,January-December
Kolikuttu,9385,Make banana facial masks,January-December
Nethra Palam,5579,Make banana cakes,January-December
Anamalu,10722,Banana chips ( both sweetened and unsweetened),January-December
Green Banana,19237,Make Banana chocolates and sweets,January-December
Green Banana,10879,Make skin care produts- serums,January-December
Kolikuttu,927,Make organic fertilizers ,January-December
Kolikuttu,3585,Export to Hong kong as fresh banana,January-December
Sini Kesel,21188,Make breakfast cereals,January-December
Ambul Kesel,20900,Export to Europe as fresh banana,January-December
Sini Kesel,13206,Make banana cakes,January-December
Ambul Kesel,19303,cosmetic industry- Make haircare treatments with banana extracts,January-December
Ambul Kesel,10855,Make Banana hair mask,January-December
Suwandal,20818,Make banana flakes,January-December
Ambul Kesel,10377,Make organic fertilizers ,January-December
Ambul Kesel,12064,"Beverage industry - To make milkshakes,smoothies, fruit juices",January-December
Ambul Kesel,8315,Banana chips ( both sweetened and unsweetened),January-December
Ambum,4915,Make Banana chocolates and sweets,January-December
Sini Kesel,21816,Make banana facial masks,January-December
Suwandal,15944,Make banana flavour extracts,January-December
Ambul Kesel,22913,make breakfast cereals,January-December
Ambul Nadee,756,Export to Japan as fresh banana,January-December
Ambul Kesel,14870,Make banana hair cream ,January-December
Anamalu,18301,Make readymade Banana puree,January-December
Sini Kesel,3935,Banana candies,January-December
Kolikuttu,6676,"Beverage industry - To make milkshakes,smoothies, fruit juices",January-December
Ambul Kesel,4859,Make organic fertilizers ,January-December
Puwalu,11126,Banana chips ( both sweetened and unsweetened),January-December
Ambul Nadee,22246,distribute to use in traditional medicine practices,January-December
Ambul Nadee,16956,make breakfast cereals,January-December
Green Banana,8636,cosmetic industry- Make haircare treatments with banana extracts,January-December
Ambul Kesel,22242,Make banana flakes,January-December
Green Banana,16283,Make skin care produts- serums,January-December
Ambul Nadee,21710,make breakfast cereals,January-December
Kolikuttu,3436,Export to middle east as fresh banana,January-December
Suwandal,23429,Make banana cakes,January-December
Kolikuttu,1547,Make Banana chocolates and sweets,January-December
Suwandal,8405,"Beverage industry - To make milkshakes,smoothies, fruit juices",January-December
Ambul Kesel,16918,Make essential oils extracted from banana used in aromatheraphy practices,January-December
Kandula,17839,Make banana hair cream,January-December
Kandula,4406,Banana chips ( both sweetened and unsweetened),January-December
Puwalu,19523,Make banana bath products,January-December
Ambul Kesel,15059,make dried and powdered banana peels to use as a supplement in animal feed.,January-December
Ambul Kesel,18888,Make innorganic fertilizers,January-December
Ambul Kesel,2800,Make tea bags and filters ,January-December
Puwalu,9685,make breakfast cereals,January-December
Anamalu,6221,Make banana facial masks,January-December
Puwalu,24967,Brewing and distilling industry- Make banana beer,January-December
Sini Kesel,2812,Biogas production,January-December
Sini Kesel,21296,"Beverage industry - To make milkshakes,smoothies, fruit juices",January-December
Ambul Nadee,7857,Make banana cakes,January-December
Kolikuttu,6687,cosmetic industry- Make haircare treatments with banana extracts,January-December
Ambul Kesel,23087,Make organic fertilizers ,November-January
Ambul Nadee,12079,Make readymade Banana puree,November-January
Kolikuttu,4039,Banana chips ( both sweetened and unsweetened),November-January
Suwandal,9497,Export to Russia as fresh banana,November-January
Kolikuttu,1814,Brewing and distilling industry- Make banana beer,November-January
Suwandal,5964,Biogas production,November-January
Ambul Kesel,13217,Make banana flavour extracts,November-January
Ambul Kesel,18144,Make Banana chocolates and sweets,November-January
Ambul Kesel,24825,Biogas production,January-December
Kandula,17620,"Beverage industry - To make milkshakes,smoothies, fruit juices",January-December
Kandula,2556,Make banana cakes,January-December
Puwalu,14371,cosmetic industry- Make haircare treatments with banana extracts,January-December
Ambul Kesel,16102,Make organic fertilizers ,January-December
Ambul Kesel,10399,Make readymade Banana puree,January-December
Ambul Kesel,18587,Banana chips ( both sweetened and unsweetened),January-December
Puwalu,1684,Export to Russia as fresh banana,January-December
Anamalu,837,Brewing and distilling industry- Make banana beer,January-December
Puwalu,630,Biogas production,January-December
Sini Kesel,4954,Make banana flavour extracts,January-December
Sini Kesel,23675,Make Banana chocolates and sweets,January-December
Ambul Nadee,16248,Make banana cakes,January-December
Kolikuttu,18351,Make banana flakes,January-December
Ambul Kesel,16184,Make banana hair cream,January-December
Ambul Nadee,10955,Make skin care produts- serums,January-December
Kolikuttu,22507,Export to Maldives as fresh banana,January-December
Suwandal,4061,Biogas production,January-December
Kolikuttu,17983,"Traditional alcoholic beverages- Banana liqueurs, wine",January-December
Suwandal,6674,distribute to use in traditional medicine practices,January-December
Ambul Kesel,13234,Make tea bags and filters ,January-December
Ambul Kesel,12856,Brewing and distilling industry- Make banana beer,January-December
Sini Kesel,5255,"Beverage industry - To make milkshakes,smoothies, fruit juices",January-December
Ambul Kesel,1860,Banana chips ( both sweetened and unsweetened),January-December
Sini Kesel,22261,Banana candies,January-December
Ambul Kesel,23187,Make organic fertilizers ,January-December
Ambul Kesel,1700,Export to Singapore as fresh banana,January-December
Suwandal,16053,Textile industry- make banana fibers ,January-December
Ambul Kesel,11944,Make banana bath products,January-December
Sini Kesel,22189,"Traditional alcoholic beverages- Banana liqueurs, wine",January-December
Ambum,22090,distribute to use in traditional medicine practices,January-December
Ambum,2137,Make tea bags and filters ,January-December
Ambul Kesel,9705,Brewing and distilling industry- Make banana beer,January-December
Sini Kesel,19491,"Beverage industry - To make milkshakes,smoothies, fruit juices",January-December
Ambul Kesel,15972,Banana chips ( both sweetened and unsweetened),January-December
Nethra Palam,819,Banana candies,January-December
Kolikuttu,20177,Make organic fertilizers ,January-December
Ambum,9181,Export to Singapore as fresh banana,January-December
Ambul Nadee,17140,Textile industry- make banana fibers ,January-December
Ambul Kesel,9681,Make banana bath products,January-December
Sini Kesel,22365,Make innorganic fertilizers,January-December
Sini Kesel,24160,Make banana hair cream ,January-December
Green Banana,23624,Make readymade Banana puree,January-December
Ambul Nadee,2946,Banana candies,January-December
Kolikuttu,13247,"Beverage industry - To make milkshakes,smoothies, fruit juices",January-December
Suwandal,8279,Make organic fertilizers ,January-December
Kolikuttu,7075,Banana chips ( both sweetened and unsweetened),January-December
Suwandal,5545,distribute to use in traditional medicine practices,January-December
Ambul Kesel,19710,make breakfast cereals,January-December
Kandula,21135,cosmetic industry- Make haircare treatments with banana extracts,January-December
Kandula,3003,Make banana flakes,January-December
Puwalu,15497,Make skin care produts- serums,January-December
Ambul Kesel,12337,make breakfast cereals,January-December
Ambul Kesel,4897,Export to middle east as fresh banana,January-December
Ambul Kesel,3554,Make banana cakes,January-December
Puwalu,16163,Make Banana chocolates and sweets,January-December
Anamalu,20001,"Beverage industry - To make milkshakes,smoothies, fruit juices",January-December
Puwalu,14889,Make essential oils extracted from banana used in aromatheraphy practices,January-December
Sini Kesel,9243,Make banana hair cream,January-December
Sini Kesel,7855,Banana chips ( both sweetened and unsweetened),January-December
Ambul Nadee,1886,Make banana bath products,January-December
Kolikuttu,24739,make dried and powdered banana peels to use as a supplement in animal feed.,January-December
Ambul Kesel,5287,Make innorganic fertilizers,January-December
Ambul Nadee,4112,Make tea bags and filters ,January-December
Kolikuttu,9801,make breakfast cereals,January-December
Suwandal,1660,Make banana facial masks,January-December
Kolikuttu,19677,Brewing and distilling industry- Make banana beer,January-December
Suwandal,5006,Biogas production,January-December
Ambul Kesel,8827,"Beverage industry - To make milkshakes,smoothies, fruit juices",January-December
Ambul Kesel,6248,Make banana cakes,January-December
Ambul Kesel,4278,cosmetic industry- Make haircare treatments with banana extracts,January-December
Kandula,24864,Banana chips ( both sweetened and unsweetened),January-December
Kandula,6225,Export to Russia as fresh banana,January-December
Puwalu,22100,Brewing and distilling industry- Make banana beer,January-December
Ambul Kesel,4599,Biogas production,January-December
Ambul Kesel,16980,Make banana flavour extracts,January-December
Ambul Kesel,14160,Make Banana chocolates and sweets,January-December
Puwalu,12379,Make banana cakes,January-December
Anamalu,5261,Make banana flakes,January-December
Puwalu,22378,Make banana hair cream,January-December
Sini Kesel,23269,Make skin care produts- serums,January-December
Ambul Kesel,8260,Export to Maldives as fresh banana,January-December
Ambul Kesel,16030,Biogas production,January-December
Suwandal,2226,"Traditional alcoholic beverages- Banana liqueurs, wine",January-December
Ambul Kesel,8121,distribute to use in traditional medicine practices,January-December
Sini Kesel,17136,Make tea bags and filters ,January-December
Ambum,15365,Brewing and distilling industry- Make banana beer,January-December
Ambum,1720,"Beverage industry - To make milkshakes,smoothies, fruit juices",January-December
Ambul Kesel,8774,Banana chips ( both sweetened and unsweetened),January-December
Sini Kesel,1409,Banana candies,January-December
Ambul Kesel,12307,Make organic fertilizers ,January-December
Nethra Palam,1437,Export to Singapore as fresh banana,January-December
Kolikuttu,5324,Textile industry- make banana fibers ,January-December
Ambul Kesel,10995,Export to Maldives as fresh banana,January-December
Green Banana,20743,Biogas production,January-December
Ambul Nadee,22108,"Traditional alcoholic beverages- Banana liqueurs, wine",January-December
Kolikuttu,20096,distribute to use in traditional medicine practices,January-December
Suwandal,3273,Make tea bags and filters ,January-December
Kolikuttu,19201,Brewing and distilling industry- Make banana beer,January-December
Suwandal,11126,"Beverage industry - To make milkshakes,smoothies, fruit juices",January-December
Ambul Kesel,6618,Banana chips ( both sweetened and unsweetened),January-December
Kandula,24515,Banana candies,January-December
Kandula,14900,Make organic fertilizers ,January-December
Puwalu,4067,Export to Singapore as fresh banana,January-December
Ambul Kesel,5904,Textile industry- make banana fibers ,January-December
Ambul Kesel,22887,Make banana bath products,January-December
Ambul Kesel,22611,"Traditional alcoholic beverages- Banana liqueurs, wine",January-December
Puwalu,12913,distribute to use in traditional medicine practices,January-December
Anamalu,20855,Make tea bags and filters ,January-December
